Local authority code,Local authority name,LSOA code,LSOA name,median_house_price,Employment (walking),Education (walking),Healthcare (walking),Leisure and Community (walking),Shopping (walking),Residential (walking),Overall (walking),Employment (cycling),Education (cycling),Healthcare (cycling),Leisure and Community (cycling),Shopping (cycling),Residential (cycling),Overall (cycling),Business (public transport),Education (public transport),Healthcare (public transport),Leisure and Community (public transport),Shopping (public transport),Residential (public transport),Overall (public transport),Employment (driving),Education (driving),Healthcare (driving),Leisure and Community (driving),Shopping (driving),Residential (driving),Overall (driving),Employment (overall),Education (overall),Healthcare (overall),Leisure and Community (overall),Shopping (overall),Residential (overall),Overall,Index of Multiple Deprivation (IMD) Score,Income Score (rate),Employment Score (rate),"Education, Skills and Training Score",Health Deprivation and Disability Score,Crime Score,Barriers to Housing and Services Score,Living Environment Score,Income Deprivation Affecting Children Index (IDACI) Score (rate),Income Deprivation Affecting Older People (IDAOPI) Score (rate),Children and Young People Sub-domain Score,Adult Skills Sub-domain Score,Geographical Barriers Sub-domain Score,Wider Barriers Sub-domain Score,Indoors Sub-domain Score,Outdoors Sub-domain Score
E08000032,Bradford,E01010568,Bradford 016A,235000,47.91,37.53,38.02,58.14,66.75,67.86,55.79,63.22,62.61,52.39,71.87,76.84,74.99,68.35,65.65,63.18,53.03,65.17,71.34,65.54,66.44,78.54,79.13,75.3,86.01,89.54,86.74,85.55,61.66,50.05,46.83,62.65,69.66,67.86,62.45,12.374,0.134,0.092,10.362,-0.018,-0.587,13.767,32.546,0.152,0.16,-0.481,0.207,37.545,-2.605,0.59,0.172
E08000032,Bradford,E01010569,Bradford 016B,181000,52.06,60.81,53.73,72.58,76.57,70.87,69.09,63.51,74.7,60.67,81.27,81.7,75.11,72.58,66.77,71.42,63.11,75.09,79.19,67.35,72.25,78.63,84.32,76.96,88.44,90.78,86.78,87.09,63.34,66.43,59.32,74.48,78.26,70.1,71.14,31.239,0.286,0.205,31.713,0.863,1.378,8.615,15.935,0.354,0.311,0.823,0.276,28.815,-2.117,0.012,-0.218
E08000032,Bradford,E01010570,Bradford 018A,466000,47.01,60.9,42.66,54.2,50.99,66.51,56.63,61.26,73.89,54.14,71.34,63.91,72.96,66.66,60.97,64.13,51.52,61.12,59.43,61.38,61.11,76.38,62.45,72.27,79.12,80.89,84.68,78.89,58.18,63.32,48.08,58.92,55.96,65.13,59.87,3.373,0.032,0.042,2.728,-0.719,-0.073,13.422,3.203,0.044,0.025,-1.586,0.151,40.052,-5.673,-0.799,-0.593
E08000032,Bradford,E01010571,Bradford 016C,185000,52.7,46.54,52.36,73.65,84.5,71.68,67.91,64.01,71.36,62.83,81.25,85.51,75.55,73.04,67.93,68.27,64.55,76.71,84.86,68.61,73.93,78.96,80.53,79.44,89.53,92.94,87.21,87.81,64.3,57.42,59.59,75.74,84.86,71.1,71.58,32.458,0.315,0.178,38.615,0.778,1.632,6.416,18.756,0.546,0.179,1.382,0.233,28.364,-3.536,-0.122,0.429
E08000032,Bradford,E01010572,Bradford 016D,252500,50.01,37.8,49.85,66.61,76.82,69.86,61.35,63.77,67.83,64.46,80.1,85.63,75.54,72.32,64.83,62.38,59.92,70.8,78.92,65.3,69.1,78.81,77.92,81.23,89.85,93.64,87.14,87.85,61.67,50.13,56.07,69.71,78.43,68.71,66.38,7.49,0.083,0.069,14.336,-0.606,-0.667,9.488,21.359,0.141,0.058,0.002,0.205,33.631,-3.768,0.244,-0.144
E08000032,Bradford,E01010573,Bradford 013A,395000,41.83,45.61,48.44,50.19,55.73,63.99,52.44,61.76,71.1,62.77,74.83,73.49,73.7,68.84,55.8,53.53,49.55,55.44,61.87,56.94,57.04,76.47,64.02,73.07,79.14,81.81,84.74,79.4,53.78,50.61,49.82,54.67,59.79,61.97,56.24,10.099,0.107,0.09,6.739,-0.428,-0.153,17.145,23.173,0.195,0.081,-0.761,0.18,43.662,-3.687,0.442,-0.705
E08000032,Bradford,E01010574,Bradford 013B,315000,44.74,36.2,48.55,55.29,64.87,65.93,54.14,62.67,64.68,55.25,70.35,73.2,74.66,67.57,63.6,59.96,55.06,63.32,71.63,63.59,64.97,77.83,75.91,76.17,84.31,87.5,86.04,84.04,59.56,48.08,52.56,60.4,68.78,66.04,60.96,5.573,0.081,0.061,3.347,-0.534,-0.178,13.319,9.287,0.093,0.081,-1.305,0.155,39.051,-4.036,-0.234,-0.62
E08000032,Bradford,E01010575,Bradford 013C,268725,43.58,38.25,55.59,58.04,72.51,65.75,57.55,62.85,67.45,68.15,79.82,85.14,74.93,71.75,60.64,57.25,57.13,63.77,76.88,60.71,64.85,77.77,71.9,79.65,86.48,90.59,86.11,85.16,57.43,48.14,57.17,62.53,75.45,64.64,62.6,10.465,0.13,0.079,9.108,-0.137,-0.019,12.551,19.744,0.185,0.127,-0.487,0.191,37.332,-3.457,0.287,-0.623
E08000032,Bradford,E01010576,Bradford 016E,264500,45.59,40.75,37.57,51.48,57.07,66.58,52.12,63.11,65.08,52.32,69.14,71.1,75.17,67.28,65.91,65.64,53.23,64.06,67.52,66.02,65.84,78.42,79.22,77.33,86.91,89.6,86.61,85.83,61.29,52.92,46.74,59.02,63.1,67.51,60.58,5.639,0.073,0.056,3.659,-0.591,-0.544,14.311,19.52,0.148,0.042,-0.98,0.145,39.389,-3.266,0.178,-0.203
E08000032,Bradford,E01010577,Bradford 013D,330750,45.33,45.41,56.33,60.99,72.03,67.11,60.29,62.45,70.47,66.46,78.1,80.92,74.45,70.94,60.67,58.88,57.56,64.49,75.28,61.06,64.9,77.54,71.49,79.14,85.87,89.23,85.91,84.49,57.78,52.76,57.66,64.03,74.22,65.38,63.65,5.604,0.068,0.046,4.431,-0.738,-0.479,10.837,27.593,0.099,0.043,-1.108,0.165,36.407,-5.042,0.511,-0.181
E08000032,Bradford,E01010578,Bradford 015A,150000,40.87,47.73,47.45,61.56,77.89,60.79,61.1,58.43,70.12,58.43,69.32,84.7,70.18,67.81,66.12,72.86,66.02,73.27,83.03,67.43,73.1,77.01,81.95,76.86,86.22,91.99,85.84,86.23,59.71,59.94,58.1,67.91,80.93,65.12,68.0,15.055,0.117,0.077,3.33,-0.409,0.894,10.45,51.654,0.185,0.114,-1.12,0.147,31.999,-2.179,1.006,0.591
E08000032,Bradford,E01010579,Bradford 010A,417500,42.37,47.56,49.87,57.81,71.3,63.73,59.05,59.01,75.42,64.7,70.61,85.52,71.07,69.32,64.31,67.77,61.26,66.31,75.76,64.68,68.35,77.16,82.22,79.3,85.87,91.52,86.01,86.22,58.97,57.96,56.81,62.97,74.36,65.25,64.82,2.98,0.041,0.047,0.797,-0.63,-0.642,10.314,9.247,0.034,0.039,-1.594,0.096,35.17,-4.161,-0.234,-0.636
E08000032,Bradford,E01010580,Bradford 010B,282500,41.1,44.48,55.25,49.33,59.64,63.84,53.29,59.35,75.04,67.77,69.01,78.72,71.52,68.13,58.62,61.79,58.39,57.15,62.89,59.79,60.39,76.89,79.9,78.21,83.35,88.41,85.72,84.38,55.09,53.76,57.69,54.69,62.31,63.05,58.27,3.085,0.065,0.045,2.938,-0.825,-1.112,15.798,5.596,0.054,0.1,-1.689,0.156,41.693,-3.494,-0.404,-1.074
E08000032,Bradford,E01010581,Bradford 015B,185000,44.56,56.78,57.29,60.18,68.32,66.46,61.97,61.0,81.43,70.88,75.87,83.77,73.08,71.85,62.09,70.73,64.75,65.24,71.27,62.92,66.85,77.71,83.42,82.29,87.19,91.38,86.53,86.93,58.31,64.38,62.11,63.88,70.68,65.84,65.41,12.041,0.166,0.097,15.317,-0.19,-0.218,12.936,11.537,0.301,0.069,0.01,0.215,34.577,-1.798,-0.138,-0.486
E08000032,Bradford,E01010582,Bradford 015C,190000,44.5,63.11,63.4,67.84,87.59,66.19,70.97,59.8,81.32,70.3,74.65,91.92,71.94,72.34,66.43,76.76,70.7,73.29,86.06,66.87,74.75,77.74,86.3,83.23,88.2,94.01,86.6,88.28,60.92,70.28,67.92,71.04,87.17,67.47,73.18,17.273,0.159,0.105,10.832,0.209,0.205,5.38,47.781,0.248,0.138,-0.006,0.158,26.804,-3.833,1.105,-0.386
E08000032,Bradford,E01010583,Bradford 018B,225000,48.89,63.82,53.51,63.17,64.6,68.44,63.96,61.74,76.0,55.84,75.53,72.47,73.55,69.31,63.42,71.51,59.96,67.08,68.98,64.28,67.02,77.97,85.1,75.02,86.23,88.52,86.33,85.73,60.24,68.12,57.36,66.04,67.29,67.42,66.1,35.005,0.318,0.242,36.339,0.773,1.525,10.312,14.783,0.44,0.151,1.079,0.277,33.867,-3.129,0.036,-0.517
E08000032,Bradford,E01010584,Bradford 015D,172000,45.01,64.88,64.88,68.28,86.7,66.22,71.39,60.43,82.97,72.52,76.7,92.21,72.54,73.31,66.37,77.41,71.69,73.31,84.55,67.0,74.52,78.23,87.05,85.24,90.17,95.03,87.11,89.36,61.08,71.57,69.17,71.4,86.03,67.6,73.3,29.055,0.297,0.181,29.346,0.973,0.92,6.487,22.113,0.449,0.303,0.855,0.246,26.722,-2.782,0.136,0.241
E08000032,Bradford,E01010585,Bradford 015E,140475,45.16,69.22,61.27,71.37,91.28,65.19,74.24,60.2,82.59,68.68,77.07,93.92,72.2,73.4,67.9,81.15,71.95,77.99,89.58,68.47,77.75,78.31,89.84,83.91,91.4,95.86,87.09,90.11,62.06,75.43,67.62,75.06,90.7,67.78,76.13,17.028,0.165,0.113,7.492,0.326,0.673,3.946,33.415,0.223,0.166,-0.492,0.17,23.885,-4.123,0.499,0.535
E08000032,Bradford,E01010586,Bradford 022A,270000,29.63,25.65,18.56,32.45,40.81,51.36,35.21,57.33,59.73,41.02,54.14,63.59,69.41,59.64,54.79,55.24,44.72,50.06,54.82,57.79,54.27,76.66,79.87,69.84,82.45,86.27,85.46,83.06,49.79,40.26,33.56,42.77,49.05,56.23,47.17,5.59,0.06,0.049,2.912,-0.883,-1.221,25.123,16.36,0.106,0.05,-1.103,0.138,52.779,-2.07,0.09,-0.418
E08000032,Bradford,E01010587,Bradford 022B,235000,37.56,40.21,41.27,47.02,44.04,61.17,45.77,61.69,60.37,57.28,62.99,61.75,73.61,63.43,56.98,61.8,53.2,56.48,58.57,60.07,58.52,78.32,76.92,75.62,81.91,83.36,86.92,82.62,53.58,50.75,48.5,52.9,52.29,62.13,53.91,11.917,0.117,0.068,8.785,-0.211,0.313,23.618,21.939,0.171,0.08,-0.242,0.16,46.178,-0.906,0.219,0.0
E08000032,Bradford,E01010588,Bradford 022C,237500,44.57,51.1,32.52,55.55,60.58,65.26,56.19,62.22,69.15,57.36,70.92,76.87,73.91,68.64,63.62,75.24,63.46,70.46,76.13,65.23,70.27,78.51,81.33,78.58,85.32,88.25,87.17,85.47,59.47,62.68,50.26,64.06,69.3,66.44,64.63,13.135,0.158,0.101,10.167,-0.067,0.134,14.892,19.054,0.268,0.092,-0.569,0.211,35.529,-1.223,0.208,-0.398
E08000032,Bradford,E01010589,Bradford 022D,228000,31.41,38.21,42.84,43.85,38.8,54.64,41.62,58.78,57.49,56.07,56.82,58.8,71.03,60.03,54.47,56.31,50.77,53.4,56.2,58.41,55.52,77.41,71.45,72.03,80.3,83.03,86.04,81.11,50.19,47.19,47.82,49.54,48.6,58.16,50.42,7.47,0.055,0.058,5.698,-0.27,-0.823,23.685,19.717,0.094,0.036,-0.748,0.164,49.52,-1.846,0.269,-0.526
E08000032,Bradford,E01010590,Bradford 031A,234750,31.46,32.27,21.46,40.45,48.17,51.31,40.97,56.54,54.71,38.09,55.5,63.27,69.09,58.7,46.1,54.56,35.03,49.39,52.56,52.36,50.01,76.78,74.13,67.24,80.74,83.04,85.63,81.06,44.52,43.18,29.49,46.0,51.2,53.65,47.18,13.243,0.101,0.074,9.127,-0.169,-0.045,30.015,29.814,0.134,0.076,-0.407,0.184,52.696,-0.073,0.47,0.232
E08000032,Bradford,E01010591,Bradford 022E,200000,43.21,48.87,29.6,54.33,59.77,64.72,54.77,62.36,66.85,55.9,71.16,77.31,74.1,68.49,60.97,70.24,57.19,65.29,70.08,62.91,65.84,78.08,76.16,75.74,82.78,85.67,86.64,83.32,57.49,59.25,45.57,61.01,65.92,65.13,61.74,28.795,0.346,0.185,26.133,0.981,0.413,19.881,9.753,0.555,0.25,0.308,0.295,38.281,-0.151,-0.161,-0.863
E08000032,Bradford,E01010592,Bradford 031B,240000,31.79,34.98,21.56,41.6,52.51,51.24,43.24,56.83,56.83,39.71,56.46,66.98,69.39,59.94,46.52,57.55,35.85,51.25,55.48,52.81,51.74,77.11,77.7,69.76,83.43,85.94,85.96,83.1,44.9,45.99,30.03,47.49,54.8,53.85,49.09,18.46,0.176,0.121,13.585,0.386,0.248,28.227,12.583,0.283,0.149,0.039,0.19,50.862,-0.326,-0.015,-0.843
E08000032,Bradford,E01010593,Bradford 022F,210000,32.77,38.9,55.32,48.21,40.41,57.18,44.03,60.49,58.51,65.02,62.64,61.28,72.66,62.56,54.98,57.05,55.56,54.61,57.87,58.91,56.64,77.9,72.07,75.18,81.1,83.17,86.54,81.72,51.06,47.93,56.1,52.47,50.29,59.69,52.17,17.389,0.182,0.098,16.813,0.508,-0.149,22.963,22.396,0.265,0.139,0.159,0.214,47.731,-1.609,0.324,-0.249
E08000032,Bradford,E01010594,Bradford 031C,215000,24.87,40.5,20.39,50.74,35.35,50.84,40.24,56.91,48.16,31.74,64.56,56.41,69.93,58.27,46.58,52.81,34.88,51.43,48.17,52.39,49.07,77.37,69.16,62.87,81.28,78.84,86.31,79.43,43.4,46.4,28.72,52.14,42.9,53.52,46.36,23.67,0.204,0.13,26.845,0.28,0.343,33.418,26.144,0.41,0.098,0.705,0.245,53.881,0.735,0.368,0.106
E08000032,Bradford,E01010595,Bradford 031D,138000,23.85,40.84,18.67,46.05,33.88,49.59,38.71,57.14,47.26,29.16,57.87,50.35,69.94,56.14,47.97,53.37,34.07,49.6,47.04,52.8,49.01,77.63,68.53,63.15,78.65,76.95,86.49,78.34,44.1,46.78,27.45,48.71,41.37,53.14,45.55,33.437,0.363,0.163,29.826,0.619,1.004,34.373,26.548,0.609,0.286,0.876,0.247,54.342,0.949,0.414,0.009
E08000032,Bradford,E01010596,Bradford 022G,220000,44.73,47.77,34.4,52.37,59.37,64.81,54.41,61.89,67.76,57.58,69.38,74.46,73.58,67.64,62.82,70.82,60.23,66.56,72.51,64.56,67.57,78.2,78.23,77.0,83.61,86.48,86.82,84.07,58.94,58.96,49.34,60.65,66.82,65.9,62.43,11.343,0.108,0.085,7.444,-0.012,0.004,14.593,27.679,0.176,0.059,-0.853,0.195,37.537,-2.101,0.237,0.59
E08000032,Bradford,E01010597,Bradford 028A,165000,54.58,75.34,56.65,61.26,74.34,78.47,71.6,70.17,85.64,69.22,76.97,80.89,81.3,76.89,65.6,82.6,64.16,70.62,77.54,67.89,72.74,81.96,87.23,78.17,87.78,91.45,90.05,88.67,64.09,79.42,61.45,67.07,76.39,74.33,72.74,28.417,0.333,0.18,34.839,0.333,1.015,16.967,11.564,0.47,0.251,0.803,0.309,27.254,1.14,-0.193,-0.297
E08000032,Bradford,E01010598,Bradford 028B,183000,55.73,70.15,57.85,68.33,80.55,80.17,73.7,71.49,86.56,72.13,81.92,87.89,82.79,79.73,65.12,80.77,65.97,72.55,83.46,68.05,74.17,82.43,86.96,81.06,89.01,93.57,90.38,89.81,64.22,75.96,63.05,71.45,82.5,75.31,74.56,24.731,0.294,0.142,27.235,0.297,0.727,14.99,29.841,0.51,0.119,0.258,0.31,25.436,0.805,0.445,0.306
E08000032,Bradford,E01010599,Bradford 028C,140500,58.74,68.17,51.17,58.63,76.51,78.62,70.21,70.32,84.92,67.23,75.72,84.22,81.2,77.16,67.61,82.82,65.67,71.67,80.14,69.63,74.42,82.57,91.6,80.29,89.79,94.08,90.75,90.66,66.33,75.72,59.84,66.35,78.84,75.21,73.08,37.674,0.44,0.227,39.342,1.031,0.691,19.648,19.058,0.639,0.217,0.861,0.34,26.843,1.907,-0.053,0.329
E08000032,Bradford,E01010600,Bradford 028D,158000,57.44,65.51,44.67,56.1,76.73,77.98,68.59,70.47,81.53,64.27,73.44,83.49,81.13,76.23,66.34,80.48,61.0,68.95,78.82,68.45,72.6,82.2,85.79,76.96,86.38,91.17,90.25,88.15,65.24,73.14,54.42,63.75,78.23,74.36,71.41,31.285,0.374,0.203,45.934,0.469,0.596,15.726,11.694,0.51,0.202,0.523,0.42,28.569,0.587,-0.164,-0.364
E08000032,Bradford,E01010601,Bradford 032A,121500,56.93,67.71,63.83,73.04,84.95,81.69,75.77,72.43,88.28,77.41,86.17,92.08,83.94,81.94,65.51,80.57,70.86,75.49,87.22,68.6,75.91,83.0,88.4,84.6,90.78,95.66,90.8,91.31,64.87,74.69,68.45,75.26,86.58,76.36,76.46,29.809,0.303,0.163,34.164,0.586,0.771,8.138,46.161,0.449,0.155,0.835,0.298,23.514,-1.202,0.987,0.098
E08000032,Bradford,E01010602,Bradford 028E,147000,58.26,70.58,47.35,64.06,78.48,79.58,72.3,71.16,84.85,66.15,78.37,86.61,82.02,78.4,66.86,82.54,63.79,73.71,82.75,69.29,75.02,82.9,88.62,81.85,90.7,94.84,91.02,90.95,65.86,76.86,57.14,69.9,81.15,75.55,74.33,27.843,0.332,0.147,39.723,0.197,0.918,16.401,24.978,0.464,0.154,1.031,0.317,25.599,1.187,0.179,0.439
E08000032,Bradford,E01010603,Bradford 024A,180000,52.79,69.24,64.37,65.97,79.45,79.04,72.44,69.89,84.91,74.1,82.42,85.67,81.52,78.44,64.9,78.57,66.72,71.98,77.49,67.1,72.08,81.35,83.37,80.28,88.12,91.52,89.4,88.24,63.2,74.46,66.34,70.19,78.9,74.25,72.86,20.769,0.22,0.137,23.847,0.434,0.792,7.789,14.612,0.371,0.105,0.175,0.288,27.105,-2.089,0.031,-0.533
E08000032,Bradford,E01010604,Bradford 024B,180000,51.9,65.37,64.52,67.06,82.08,78.79,72.23,70.07,86.01,75.51,82.87,88.5,81.74,79.24,63.8,77.63,68.79,72.28,81.21,66.49,72.61,81.45,85.64,82.1,88.85,93.2,89.48,89.25,62.33,72.09,67.56,70.85,82.09,73.86,73.11,13.376,0.121,0.088,22.476,0.074,0.212,8.222,20.605,0.178,0.078,0.038,0.289,26.822,-1.785,0.075,0.218
E08000032,Bradford,E01010605,Bradford 024C,130000,54.28,78.88,68.82,70.12,86.4,80.56,78.39,71.14,91.75,78.35,84.88,91.47,82.67,81.44,65.8,84.3,71.38,75.51,85.01,68.23,76.06,82.13,89.98,81.99,90.64,94.74,90.18,90.78,64.29,82.33,70.91,73.91,86.09,75.56,77.55,47.49,0.467,0.257,69.531,1.066,1.234,11.99,24.283,0.581,0.462,1.643,0.432,22.476,0.253,0.169,0.391
E08000032,Bradford,E01010606,Bradford 039A,66000,66.0,71.65,66.58,80.36,91.8,81.01,81.46,72.8,86.23,75.68,87.77,94.33,83.09,82.34,70.94,85.51,74.5,82.83,92.18,72.7,81.28,84.13,89.37,82.59,91.6,97.32,92.18,92.41,70.43,78.76,71.53,82.14,92.26,77.89,81.57,72.641,0.683,0.333,70.949,1.506,1.239,30.042,67.327,0.821,0.763,0.961,0.605,18.298,4.817,1.256,1.01
E08000032,Bradford,E01010607,Bradford 039B,62500,64.44,76.1,64.98,78.57,91.74,81.28,82.07,72.93,87.81,75.76,87.46,93.84,83.53,82.52,69.21,85.69,73.21,79.31,90.63,71.19,79.67,83.62,89.21,81.22,89.44,95.74,91.48,91.19,68.99,81.26,70.15,79.62,91.43,77.35,80.99,58.202,0.569,0.261,62.774,0.819,1.267,29.441,68.038,0.645,0.683,0.738,0.529,18.89,4.694,1.359,0.676
E08000032,Bradford,E01010608,Bradford 045A,:,64.88,72.81,63.99,77.36,92.5,80.84,81.16,72.99,87.15,74.42,87.13,95.66,83.37,82.67,69.9,85.22,72.33,79.52,91.96,71.63,80.17,83.94,89.86,80.72,89.66,96.4,91.88,91.6,69.54,79.3,69.2,79.17,92.53,77.34,80.9,69.399,0.669,0.313,75.771,1.039,1.037,32.567,70.157,0.804,0.654,1.253,0.576,18.934,5.208,1.346,0.917
E08000032,Bradford,E01010609,Bradford 046A,120000,62.61,76.45,61.12,70.25,76.89,77.77,75.48,72.52,87.92,70.07,83.55,84.19,82.48,79.95,69.7,86.32,71.58,77.88,83.28,71.23,77.77,85.08,90.4,80.05,89.39,92.12,93.15,90.73,68.84,81.72,67.4,75.02,80.58,75.67,77.16,53.792,0.493,0.307,69.268,1.22,1.026,17.07,38.926,0.691,0.293,1.683,0.424,22.774,1.658,0.613,0.755
E08000032,Bradford,E01010610,Bradford 046B,116750,57.92,61.11,50.71,61.54,74.49,76.64,67.89,72.19,79.97,64.99,78.3,81.63,82.47,77.37,67.83,77.75,63.08,70.03,79.27,69.17,73.02,84.82,87.49,76.89,86.6,93.25,92.74,89.89,66.55,69.58,58.16,67.0,77.36,74.19,71.44,66.342,0.58,0.362,73.065,1.766,2.001,19.855,14.387,0.662,0.653,1.92,0.42,28.494,1.746,-0.29,0.271
E08000032,Bradford,E01010611,Bradford 046C,90000,59.85,62.61,54.34,64.06,74.34,77.29,69.18,72.74,84.17,70.39,81.74,84.81,83.09,79.41,68.12,79.75,65.64,72.54,81.28,69.51,74.47,84.87,87.2,78.76,87.58,92.93,92.86,90.09,67.24,71.44,61.3,69.59,78.46,74.7,72.88,53.478,0.504,0.267,70.108,1.181,1.191,22.86,40.57,0.671,0.46,1.493,0.463,27.098,2.705,0.664,0.765
E08000032,Bradford,E01010612,Bradford 052A,87000,54.88,54.77,39.43,59.92,70.87,73.13,63.56,71.17,75.18,57.65,75.22,78.65,81.13,75.04,65.02,75.7,58.67,69.24,75.38,66.8,70.34,84.41,85.48,74.0,85.81,89.95,92.35,88.26,63.93,65.12,50.67,65.68,73.63,71.37,68.12,80.94,0.771,0.474,87.997,1.918,2.418,26.03,14.144,0.876,0.587,2.952,0.466,31.873,2.795,-0.311,0.282
E08000032,Bradford,E01010613,Bradford 045B,81500,63.99,73.42,56.77,72.32,76.49,78.46,75.01,72.49,88.59,69.83,84.63,84.13,82.38,80.17,69.86,84.17,69.43,77.65,81.12,71.36,76.8,85.04,89.83,80.01,90.29,92.16,93.16,90.87,69.24,79.24,64.37,75.89,79.32,76.04,76.49,60.41,0.547,0.3,64.643,1.158,1.306,17.983,72.673,0.764,0.447,1.31,0.453,23.495,1.832,1.347,1.139
E08000032,Bradford,E01010614,Bradford 046D,125000,60.12,72.09,62.73,65.75,77.77,76.03,73.29,72.4,85.51,69.12,79.18,83.46,82.44,78.73,67.76,83.13,69.44,73.22,81.08,69.4,75.12,85.19,89.11,78.78,86.3,91.25,93.23,89.65,67.02,77.94,66.91,70.46,79.83,74.02,74.81,48.532,0.421,0.251,75.095,1.248,0.805,13.661,44.017,0.555,0.397,1.847,0.442,25.167,0.455,0.662,1.083
E08000032,Bradford,E01010615,Bradford 053A,112500,60.41,71.2,68.53,65.35,75.22,75.5,72.44,72.49,87.46,74.03,83.22,82.36,82.38,79.58,68.64,84.84,75.35,75.56,81.77,70.29,76.52,85.74,91.12,82.75,89.15,92.13,93.82,91.12,67.67,78.31,72.77,71.74,78.98,74.19,75.26,43.302,0.375,0.209,50.511,0.732,1.577,5.672,65.475,0.558,0.222,1.077,0.392,24.696,-2.744,1.136,1.362
E08000032,Bradford,E01010616,Bradford 053B,120000,60.12,69.17,55.49,63.73,70.13,76.39,69.63,71.66,85.68,70.97,83.03,80.77,81.7,78.57,64.98,79.64,62.68,68.36,72.7,66.69,70.31,86.29,80.71,80.8,87.94,90.57,94.35,89.41,65.13,74.92,60.22,67.49,72.06,72.86,70.82,47.1,0.561,0.253,55.875,0.998,0.641,20.216,29.09,0.696,0.49,0.617,0.483,29.131,1.747,0.433,0.257
E08000032,Bradford,E01010617,Bradford 039C,:,65.15,78.62,67.98,80.94,88.33,81.1,82.36,72.55,87.73,76.61,86.91,90.83,82.94,81.72,70.14,86.19,75.68,81.84,89.0,72.01,80.18,83.65,88.9,83.13,90.78,95.54,91.69,91.52,69.69,82.79,72.8,81.85,88.93,77.6,81.31,75.916,0.786,0.418,69.033,1.773,1.828,26.798,20.558,0.917,0.647,0.955,0.558,18.658,4.223,-0.147,0.658
E08000032,Bradford,E01010618,Bradford 038A,107000,58.38,65.3,62.69,68.2,89.25,78.96,75.38,72.96,82.5,71.36,82.93,91.07,83.64,80.57,70.96,80.2,72.33,74.99,90.64,71.9,78.63,84.53,90.88,79.53,88.32,96.27,92.26,91.5,68.76,72.96,68.54,72.67,90.18,76.63,77.62,62.781,0.593,0.281,71.329,1.099,1.276,27.784,64.323,0.654,0.685,1.145,0.542,22.299,4.222,1.188,1.022
E08000032,Bradford,E01010619,Bradford 038B,120000,59.61,67.65,67.37,71.01,90.02,80.09,77.22,73.42,85.48,76.77,86.86,94.52,84.31,82.53,70.25,82.18,75.48,75.77,91.12,71.45,79.07,84.31,89.85,81.52,88.76,96.52,92.06,91.58,68.65,75.2,72.44,74.57,90.94,76.99,78.74,44.12,0.484,0.19,52.3,0.73,0.459,24.223,65.678,0.642,0.507,0.215,0.497,21.182,3.574,1.254,0.866
E08000032,Bradford,E01010620,Bradford 042A,84000,61.14,68.75,67.05,69.47,86.35,79.56,76.3,73.24,86.45,75.62,84.69,91.64,83.88,81.7,69.77,83.62,74.51,76.56,89.3,71.17,78.77,84.44,91.09,82.07,87.87,94.16,92.31,90.92,68.66,76.44,71.73,74.13,88.23,76.58,78.15,66.899,0.58,0.284,79.052,1.204,1.486,28.7,80.57,0.698,0.514,1.47,0.551,21.734,4.44,1.566,1.16
E08000032,Bradford,E01010621,Bradford 042B,102500,62.81,73.48,68.06,73.29,89.86,80.55,79.68,73.31,88.25,76.74,87.24,94.3,83.94,82.84,69.48,85.51,75.64,77.49,90.76,71.11,79.55,83.81,90.05,81.38,88.07,94.77,91.61,90.77,68.85,79.83,72.82,76.43,90.67,77.01,80.0,52.395,0.566,0.238,59.797,0.763,0.048,28.751,73.668,0.699,0.671,0.369,0.555,19.88,4.539,1.797,0.036
E08000032,Bradford,E01010622,Bradford 042C,76500,62.04,71.38,68.49,71.17,87.2,80.19,77.81,73.17,87.38,75.96,85.45,91.58,83.82,81.91,69.34,84.5,75.58,76.57,89.71,70.88,78.91,84.18,90.99,82.43,88.27,94.15,92.02,90.91,68.57,78.25,72.95,74.92,88.81,76.72,78.84,62.699,0.576,0.261,66.361,1.363,1.048,31.357,80.818,0.648,0.573,0.708,0.594,21.036,4.937,1.723,0.857
E08000032,Bradford,E01010623,Bradford 042D,95000,59.54,66.13,61.8,66.69,83.82,78.58,73.81,73.01,84.31,71.45,82.69,89.76,83.55,80.58,70.32,80.93,70.72,74.8,88.09,71.34,77.77,84.83,92.68,80.63,88.63,95.49,92.67,91.7,68.62,73.81,67.29,71.91,86.39,76.19,76.54,58.658,0.579,0.281,64.389,1.168,1.297,23.432,53.082,0.684,0.472,0.926,0.515,23.363,3.219,0.998,0.76
E08000032,Bradford,E01010624,Bradford 042E,80000,63.7,72.65,65.06,73.29,90.5,80.18,79.6,73.04,87.43,74.0,85.54,93.54,83.48,82.13,70.06,85.38,73.48,78.45,91.41,71.5,79.97,83.98,90.42,80.15,87.28,94.32,91.82,90.51,69.38,79.29,70.26,76.77,91.25,76.98,80.13,65.792,0.663,0.301,67.239,0.852,1.186,26.997,74.806,0.858,0.686,0.793,0.578,19.704,4.212,1.654,0.423
E08000032,Bradford,E01010625,Bradford 038C,101250,56.95,58.95,61.68,67.68,90.15,79.55,73.66,72.78,81.6,73.71,84.07,93.88,83.89,81.08,69.03,76.62,70.06,70.6,89.01,70.11,76.1,83.88,84.91,80.73,87.64,97.39,91.53,90.87,67.18,68.05,66.96,70.37,89.9,76.08,75.65,57.131,0.659,0.311,66.979,1.254,0.205,26.843,13.0,0.74,0.63,1.045,0.519,24.245,3.898,-0.052,-0.516
E08000032,Bradford,E01010626,Bradford 038D,110000,58.26,66.0,63.34,69.36,87.25,80.3,75.34,72.65,83.89,73.88,83.42,90.13,83.67,80.59,67.95,79.83,70.9,71.38,87.02,69.51,75.91,83.67,86.38,80.54,87.42,95.52,91.35,90.35,66.76,73.24,68.14,71.44,87.41,76.12,76.18,50.912,0.556,0.261,61.605,1.053,0.743,25.312,35.348,0.693,0.432,0.826,0.505,23.736,3.622,0.658,0.262
E08000032,Bradford,E01010627,Bradford 038E,100000,57.19,59.86,61.96,66.57,92.98,78.86,74.52,73.07,80.15,71.54,83.4,94.68,83.95,81.0,71.55,78.12,72.38,74.41,91.84,72.44,78.72,84.73,87.1,81.3,89.44,97.86,92.45,91.96,68.89,69.09,68.25,71.72,92.64,76.86,77.35,52.468,0.475,0.217,59.95,0.845,1.693,20.737,77.095,0.672,0.423,1.19,0.438,22.555,2.627,1.441,1.227
E08000032,Bradford,E01010628,Bradford 040A,107000,53.44,73.78,49.67,53.38,70.25,75.17,67.76,68.08,85.57,69.34,70.99,80.12,79.12,74.68,63.02,82.47,64.56,66.54,77.37,65.68,71.08,80.85,91.21,80.14,84.16,91.36,88.92,87.98,61.88,78.55,58.67,61.2,74.43,71.61,70.16,40.613,0.396,0.253,46.824,0.617,1.262,21.546,30.152,0.613,0.139,0.867,0.392,29.721,2.019,0.354,0.575
E08000032,Bradford,E01010629,Bradford 040B,169500,53.88,78.33,59.93,55.54,73.07,75.03,70.66,68.04,87.06,73.99,73.33,81.82,79.2,75.6,62.02,82.22,69.98,64.62,75.69,64.72,70.13,80.46,90.3,82.71,84.83,92.17,88.55,88.26,61.34,80.9,66.17,61.37,74.94,71.11,70.9,28.658,0.317,0.174,44.321,0.443,0.667,18.754,13.622,0.401,0.129,0.568,0.406,29.05,1.366,-0.083,-0.289
E08000032,Bradford,E01010630,Bradford 040C,133750,57.3,81.69,68.57,62.25,76.38,77.55,74.85,69.21,92.21,79.5,78.39,84.3,80.29,78.23,65.07,86.65,75.24,71.51,81.78,67.24,74.84,81.24,90.98,84.44,86.52,91.64,89.27,88.89,64.22,84.83,72.93,68.05,79.6,73.53,75.24,35.189,0.427,0.201,48.759,0.913,-0.054,16.812,27.457,0.463,0.461,0.792,0.412,24.681,1.401,0.392,0.192
E08000032,Bradford,E01010631,Bradford 040D,122000,48.04,75.99,46.19,54.36,76.01,71.28,68.93,66.29,80.8,65.35,67.29,78.16,77.48,72.11,60.55,80.93,62.04,64.68,75.74,63.44,69.08,79.82,86.59,77.54,82.7,90.15,87.99,86.35,58.85,78.79,55.67,60.43,76.1,68.65,69.38,55.478,0.554,0.335,62.865,1.296,1.107,24.889,7.902,0.642,0.476,1.311,0.44,30.552,2.731,-0.307,-0.688
E08000032,Bradford,E01010632,Bradford 040E,100000,51.57,78.79,51.93,55.62,76.72,73.88,71.12,67.29,84.74,70.78,71.66,82.73,78.55,74.73,62.12,83.14,65.81,66.77,78.34,64.97,71.19,80.33,91.63,81.75,85.34,92.87,88.48,88.63,60.78,81.42,60.37,62.33,77.95,70.65,71.57,61.805,0.643,0.331,63.203,1.161,1.88,22.198,14.424,0.752,0.418,1.338,0.438,28.312,2.382,-0.019,-0.368
E08000032,Bradford,E01010633,Bradford 047A,135000,49.42,52.39,45.62,58.3,75.59,74.06,63.62,67.86,76.56,64.75,74.79,83.83,79.23,74.51,59.28,71.23,56.73,60.96,73.59,62.38,65.64,81.83,81.48,79.79,86.19,94.27,90.04,88.6,58.56,62.03,52.55,60.88,75.11,69.57,65.66,21.875,0.213,0.145,20.392,0.038,0.824,15.393,32.647,0.295,0.16,0.166,0.254,34.205,-0.641,0.685,-0.188
E08000032,Bradford,E01010634,Bradford 047B,190250,43.29,41.87,46.08,57.13,63.4,69.91,55.7,66.93,69.47,64.49,73.04,79.12,78.62,72.02,58.29,65.08,56.17,59.04,66.71,61.38,62.16,81.0,76.23,77.55,82.86,89.58,89.24,85.56,56.43,53.5,52.43,59.29,65.94,67.16,60.47,14.267,0.126,0.085,17.988,0.141,0.49,17.975,17.164,0.234,0.079,0.1,0.235,39.385,-1.158,0.148,-0.506
E08000032,Bradford,E01010635,Bradford 047C,73625,50.64,52.52,48.89,58.43,78.33,75.12,64.91,68.16,77.03,66.39,74.66,84.23,79.44,74.8,60.52,72.61,60.64,63.32,77.27,63.52,67.8,81.74,79.42,79.52,84.92,93.63,89.96,87.87,59.67,62.72,56.12,62.08,78.21,70.6,67.32,72.632,0.612,0.418,83.876,1.709,2.223,20.735,16.304,0.804,0.451,2.091,0.476,32.535,1.323,-0.026,-0.06
E08000032,Bradford,E01010636,Bradford 047D,138750,43.2,41.37,50.03,57.46,64.37,69.91,56.05,66.73,67.47,65.54,72.15,78.93,78.39,71.48,58.22,64.52,58.79,59.64,68.33,61.43,62.65,80.91,74.93,79.34,83.09,90.12,89.16,85.69,56.34,52.89,55.58,59.66,67.19,67.16,60.83,19.1,0.152,0.121,13.592,0.607,0.588,19.958,24.76,0.242,0.132,-0.277,0.225,39.004,-0.316,0.493,-0.626
E08000032,Bradford,E01010637,Bradford 047E,130000,49.25,49.18,57.27,59.0,77.19,74.44,63.85,68.34,76.5,71.64,76.22,86.36,79.8,75.53,60.71,71.34,65.93,63.97,77.47,63.8,68.03,81.6,77.93,81.19,84.93,94.14,89.82,87.9,59.51,60.39,62.76,62.77,77.91,70.46,67.07,23.337,0.213,0.13,26.386,0.467,0.344,16.329,42.742,0.227,0.229,0.327,0.295,32.824,-0.002,0.994,-0.45
E08000032,Bradford,E01010638,Bradford 004A,258000,33.85,17.34,31.51,52.65,55.77,53.61,42.38,51.26,37.02,49.3,60.23,67.03,59.99,54.68,51.11,44.5,48.36,58.77,62.83,52.78,54.46,72.71,56.58,68.41,75.69,79.17,81.6,75.63,47.52,30.11,41.4,56.24,59.96,54.14,49.74,12.139,0.102,0.082,10.975,-0.291,-0.281,24.989,28.443,0.221,0.068,-0.554,0.219,50.323,-1.452,0.657,-0.971
E08000032,Bradford,E01010639,Bradford 004B,206500,39.35,26.35,40.7,66.53,74.64,59.04,54.6,52.58,46.12,59.13,70.76,80.66,61.82,60.76,56.55,54.76,56.46,68.73,77.08,57.34,63.71,74.76,69.29,79.67,86.45,92.22,83.62,84.37,52.42,39.71,50.07,67.94,76.28,58.91,59.94,11.729,0.137,0.078,7.799,-0.162,-0.146,21.897,22.719,0.27,0.084,-0.454,0.171,40.05,0.056,0.348,-0.301
E08000032,Bradford,E01010640,Bradford 004C,170000,39.52,27.06,42.17,67.37,74.55,59.49,55.05,52.68,46.65,59.67,70.69,79.7,61.84,60.72,56.02,54.59,56.73,68.9,76.85,56.79,63.46,74.79,71.94,81.3,87.46,92.63,83.62,85.07,52.13,40.03,50.88,68.38,76.08,58.86,59.98,22.326,0.166,0.105,19.66,0.228,0.135,23.481,58.748,0.322,0.113,0.413,0.211,40.078,0.517,1.363,-0.486
E08000032,Bradford,E01010641,Bradford 004D,219500,38.05,22.75,37.35,58.27,61.31,57.69,47.74,52.41,45.78,55.46,66.96,73.73,61.4,58.79,54.21,51.24,53.58,63.04,68.46,55.56,59.07,74.47,67.73,78.63,84.38,89.42,83.24,82.77,50.61,36.29,46.95,61.28,65.61,57.42,54.62,12.471,0.123,0.089,15.399,0.182,-0.576,23.034,11.029,0.156,0.104,0.091,0.206,45.361,-0.921,-0.068,-1.129
E08000032,Bradford,E01010642,Bradford 004E,315000,37.59,21.26,34.39,58.59,68.14,56.81,49.14,51.99,42.19,53.28,66.32,77.05,61.24,58.51,53.66,47.46,49.21,60.06,69.26,54.03,57.71,74.01,64.25,75.39,82.19,90.63,82.91,81.99,50.09,33.7,43.24,59.91,69.25,56.29,54.45,6.524,0.077,0.061,8.598,-0.507,-0.448,20.479,6.301,0.148,0.047,-0.172,0.146,45.547,-2.179,-0.35,-1.108
E08000032,Bradford,E01010643,Bradford 004F,161225,42.77,45.75,58.06,48.74,57.73,56.82,52.55,55.23,65.25,72.92,68.94,73.47,63.9,63.48,60.45,69.08,73.31,68.46,69.94,60.93,66.4,75.09,77.65,87.94,85.3,88.21,84.04,84.36,56.05,57.03,67.12,59.98,64.74,59.75,60.74,15.509,0.11,0.087,12.539,0.114,-0.398,21.663,46.758,0.188,0.11,0.188,0.151,39.228,0.164,1.067,-0.273
E08000032,Bradford,E01010644,Bradford 004G,250000,44.05,45.08,63.67,43.66,49.77,57.19,49.54,54.05,62.17,74.57,62.21,66.1,62.24,60.13,56.13,66.85,74.95,61.31,65.45,57.56,62.23,74.82,76.26,90.76,82.93,87.11,83.8,83.43,53.4,55.56,70.48,53.76,58.54,58.2,57.1,10.594,0.122,0.077,6.872,0.064,-0.313,20.919,14.652,0.196,0.086,-0.52,0.163,42.809,-1.041,-0.091,-0.107
E08000032,Bradford,E01010645,Bradford 004H,247000,43.38,41.68,63.06,46.07,53.28,56.6,49.91,54.41,60.89,71.24,63.23,66.42,62.78,60.32,59.0,65.82,75.42,64.16,65.2,60.0,63.54,74.72,75.13,87.95,82.98,86.38,83.68,82.93,55.14,53.26,70.35,56.28,60.01,59.12,57.94,6.331,0.055,0.062,3.811,0.007,-0.783,21.494,4.014,0.076,0.057,-0.962,0.147,42.081,-0.6,-0.707,-0.531
E08000032,Bradford,E01010646,Bradford 001A,450220,24.66,18.79,31.34,50.11,47.36,45.89,37.71,47.27,29.77,43.96,59.81,57.56,54.51,49.71,45.96,43.97,52.16,58.74,56.88,49.07,51.13,72.86,67.65,76.26,85.42,84.35,81.2,80.77,41.61,30.25,43.18,55.1,52.73,48.42,45.74,7.465,0.056,0.047,7.189,-0.7,-0.964,24.793,28.436,0.087,0.046,-0.245,0.129,54.656,-2.913,0.625,-0.631
E08000032,Bradford,E01010647,Bradford 001B,360000,23.25,21.58,35.39,57.13,55.81,46.73,42.29,47.57,30.79,47.2,65.54,68.06,55.45,52.77,47.4,47.45,57.05,63.78,63.65,50.31,54.95,73.1,69.6,77.71,87.49,86.11,81.46,82.09,42.26,33.26,47.67,61.04,60.45,49.47,49.81,11.913,0.131,0.095,3.999,0.035,-0.723,21.729,24.451,0.069,0.167,-0.965,0.151,50.205,-3.449,0.463,-0.519
E08000032,Bradford,E01010648,Bradford 001C,385000,21.88,17.9,31.41,52.56,49.63,45.57,38.17,47.44,27.85,43.73,61.88,63.33,55.62,50.9,47.84,46.39,54.41,61.64,60.3,50.22,53.61,72.89,62.52,73.61,83.17,81.39,81.34,78.78,42.22,30.72,44.41,57.74,55.75,48.91,47.31,4.399,0.06,0.043,4.104,-0.825,-1.525,22.551,9.656,0.117,0.026,-0.732,0.133,52.698,-4.164,-0.177,-0.798
E08000032,Bradford,E01010649,Bradford 027A,184995,50.82,51.88,68.28,65.65,81.27,77.1,67.92,69.5,76.12,76.74,76.56,85.02,80.93,76.01,64.34,74.21,72.72,70.48,82.29,67.87,72.46,82.3,83.59,84.38,87.49,94.52,90.07,89.5,62.35,63.02,71.35,68.87,82.1,73.67,71.05,34.801,0.347,0.189,44.884,0.835,1.359,11.844,24.516,0.566,0.296,1.141,0.343,28.939,-0.706,0.209,0.325
E08000032,Bradford,E01010650,Bradford 027B,123500,48.04,40.08,57.07,54.28,66.49,73.83,57.14,67.67,66.39,71.91,68.92,75.26,78.95,70.79,63.19,67.15,66.35,63.96,73.3,66.77,67.28,81.8,78.45,82.31,84.84,91.62,89.57,87.26,60.73,53.29,62.91,60.17,70.45,71.5,63.62,60.837,0.559,0.317,78.132,1.534,1.993,19.152,2.58,0.714,0.467,2.345,0.413,36.346,0.074,-0.891,-0.643
E08000032,Bradford,E01010651,Bradford 032B,165000,54.1,59.2,63.21,70.82,84.7,80.09,72.41,71.45,82.54,74.63,81.83,89.06,82.85,79.39,64.51,76.51,68.36,73.18,84.87,67.97,73.82,82.78,85.56,84.08,89.8,95.99,90.55,90.79,63.46,68.18,66.73,72.83,85.13,75.24,73.82,19.261,0.206,0.125,27.281,0.152,0.45,12.449,21.315,0.333,0.093,0.52,0.278,26.109,-0.025,0.206,-0.048
E08000032,Bradford,E01010652,Bradford 026A,142000,52.11,57.88,69.96,69.96,84.68,78.87,71.76,70.64,82.62,79.04,81.71,90.37,82.21,79.26,63.71,75.72,72.06,72.38,84.96,67.49,73.44,82.35,85.74,84.92,88.94,95.54,90.17,90.39,62.39,67.16,71.8,72.05,85.24,74.41,73.36,26.838,0.229,0.179,38.487,0.578,0.888,6.582,22.911,0.266,0.204,0.866,0.332,26.539,-2.663,0.119,0.363
E08000032,Bradford,E01010653,Bradford 026B,131250,50.31,56.7,70.78,65.01,77.79,76.78,68.07,68.88,79.06,77.57,76.86,84.8,80.51,76.13,63.28,74.07,73.72,70.14,80.66,67.02,71.61,81.82,82.35,83.69,86.41,93.22,89.64,88.56,61.47,65.64,72.99,68.44,79.7,73.09,70.68,56.814,0.545,0.302,67.267,1.575,1.78,14.361,9.236,0.753,0.433,2.021,0.37,29.301,0.063,-0.605,0.136
E08000032,Bradford,E01010654,Bradford 027C,131500,47.17,48.1,69.67,56.52,69.04,72.57,60.7,67.63,71.68,73.75,70.41,78.82,79.12,72.36,64.21,71.26,74.09,67.11,77.92,67.84,70.34,81.96,77.03,80.83,82.56,90.0,89.67,86.13,61.19,59.54,72.57,62.79,74.1,71.43,66.77,60.523,0.539,0.314,72.76,1.687,2.132,16.427,11.019,0.699,0.386,1.829,0.427,33.117,-0.033,-0.468,0.174
E08000032,Bradford,E01010655,Bradford 026C,116250,51.26,59.33,67.5,67.38,83.92,78.15,71.17,69.17,80.43,75.46,78.29,87.54,80.8,77.11,62.44,74.75,70.97,71.16,83.19,66.17,72.09,81.45,81.84,82.28,86.85,93.85,89.33,88.6,61.18,67.38,70.02,70.08,83.87,73.34,72.25,58.484,0.523,0.314,73.267,1.376,1.971,14.615,21.717,0.65,0.322,2.17,0.394,27.74,0.387,0.195,0.038
E08000032,Bradford,E01010656,Bradford 026D,155000,54.34,67.64,69.38,73.91,89.06,81.17,76.93,71.53,88.54,79.69,86.2,94.06,83.21,81.88,65.15,80.75,72.76,77.0,88.98,68.29,76.56,82.47,87.62,85.22,91.59,96.13,90.45,91.41,63.94,74.74,71.95,76.38,89.41,75.91,77.26,22.337,0.24,0.13,29.578,0.087,0.581,13.044,34.381,0.461,0.128,0.507,0.302,22.702,0.547,0.527,0.55
E08000032,Bradford,E01010657,Bradford 026E,126750,53.64,63.06,72.64,73.41,88.63,80.77,75.47,71.29,86.19,81.17,85.23,93.05,82.97,81.14,64.74,78.27,73.48,76.22,88.22,68.12,75.72,82.13,84.35,84.91,89.41,95.2,90.04,90.18,63.49,71.15,73.79,75.7,88.78,75.63,76.18,34.818,0.274,0.17,41.698,0.888,1.016,12.149,58.115,0.441,0.159,1.26,0.293,23.76,0.165,1.18,0.482
E08000032,Bradford,E01010658,Bradford 041A,118000,59.03,74.09,58.09,63.98,81.32,78.94,74.54,69.76,88.5,73.26,77.13,86.3,80.8,78.03,63.55,83.93,66.83,67.87,83.17,66.15,73.3,82.12,86.71,79.04,84.26,91.94,90.26,88.1,63.71,79.49,63.66,66.91,82.62,73.7,74.3,53.49,0.575,0.305,51.823,1.235,1.076,21.125,31.725,0.723,0.361,0.698,0.442,25.685,2.428,0.526,0.275
E08000032,Bradford,E01010659,Bradford 049A,97500,57.3,61.36,58.32,64.54,87.88,78.93,72.93,70.05,86.47,74.37,80.93,92.26,81.34,79.55,63.49,78.62,66.64,69.16,87.49,66.19,73.68,82.62,83.61,82.81,87.46,95.84,90.86,89.98,63.32,70.43,63.7,68.07,88.04,73.76,73.97,70.918,0.679,0.365,70.227,1.587,2.051,23.768,25.498,0.781,0.572,1.116,0.537,25.952,3.046,0.334,0.129
E08000032,Bradford,E01010662,Bradford 049D,145000,54.02,52.16,54.17,58.37,83.92,77.45,67.39,69.13,79.65,69.29,75.92,87.26,80.43,76.42,62.06,74.3,64.28,65.18,82.5,65.12,70.45,82.25,80.68,81.28,85.18,95.15,90.51,88.78,61.55,63.39,60.45,63.07,83.5,72.5,69.82,31.43,0.328,0.184,35.605,0.375,1.122,15.062,35.45,0.456,0.123,0.636,0.339,30.045,0.144,0.582,0.505
E08000032,Bradford,E01010663,Bradford 050A,82000,59.48,73.84,72.23,70.33,89.16,82.12,78.91,71.19,90.56,81.64,86.11,93.64,82.69,81.91,65.26,85.11,78.19,73.82,89.16,68.3,77.08,83.85,86.75,85.47,87.13,94.73,91.96,90.46,65.11,79.97,76.16,73.26,89.52,76.31,78.33,78.185,0.693,0.361,87.127,1.494,1.789,20.063,78.498,0.869,0.515,2.064,0.509,21.576,2.531,1.53,1.087
E08000032,Bradford,E01010664,Bradford 049E,193500,53.25,51.5,54.92,55.44,79.8,77.6,65.4,69.56,80.34,72.39,76.54,88.6,81.08,77.13,61.61,73.01,64.79,62.7,79.41,65.01,68.93,82.36,79.06,81.19,82.64,94.27,90.59,87.83,61.15,62.53,61.16,60.63,80.17,72.57,68.29,28.696,0.347,0.194,34.141,0.466,0.461,17.884,16.79,0.565,0.152,0.468,0.346,31.667,0.675,0.06,-0.237
E08000032,Bradford,E01010665,Bradford 050B,113000,55.54,60.53,64.54,59.48,82.27,80.02,70.25,70.16,83.03,76.36,78.64,89.58,81.77,78.39,63.56,79.24,72.38,67.89,84.56,67.01,73.15,83.26,82.89,83.69,84.32,95.06,91.5,89.27,62.99,70.07,69.54,65.09,83.91,74.67,72.54,36.435,0.401,0.199,38.891,0.413,0.923,13.272,52.372,0.569,0.21,0.589,0.369,27.467,0.036,1.037,0.543
E08000032,Bradford,E01010666,Bradford 050C,71000,59.06,78.57,71.12,68.51,82.78,81.27,77.77,71.09,90.64,78.9,83.76,88.91,82.34,80.64,65.41,86.17,76.35,72.32,84.64,68.37,75.86,84.53,86.53,84.25,87.33,91.96,92.66,89.86,65.1,82.91,74.6,71.55,84.15,75.92,77.14,81.237,0.721,0.416,86.387,1.893,1.911,19.476,54.709,0.838,0.605,2.069,0.5,22.777,2.287,1.054,0.703
E08000032,Bradford,E01010667,Bradford 050D,73125,58.02,74.22,69.49,66.1,82.41,81.52,75.88,71.07,90.16,79.78,83.65,91.26,82.58,80.98,64.02,83.54,74.96,69.48,83.86,67.26,74.2,84.08,85.9,84.39,86.29,93.41,92.2,89.83,63.97,79.47,73.18,69.11,83.71,75.54,75.54,58.937,0.593,0.306,66.064,1.053,1.262,20.172,46.208,0.705,0.35,1.428,0.444,24.377,2.317,1.014,-0.052
E08000032,Bradford,E01010668,Bradford 055A,160000,54.78,61.33,58.72,56.07,72.42,79.67,66.56,70.59,86.29,75.06,78.12,85.26,82.29,78.26,62.96,78.65,68.02,65.19,78.01,66.56,70.58,83.35,81.73,81.83,82.74,90.96,91.62,87.55,62.5,70.42,64.64,62.25,75.98,74.34,69.71,23.097,0.303,0.154,26.035,0.261,0.098,16.454,23.231,0.429,0.138,-0.034,0.328,30.201,0.533,0.343,-0.199
E08000032,Bradford,E01010669,Bradford 030A,154950,46.62,50.94,50.68,57.19,57.33,70.53,57.07,67.04,77.74,72.38,75.01,71.23,78.53,72.34,57.74,71.28,65.25,60.29,61.5,60.8,62.21,79.13,84.06,81.82,84.24,84.55,87.57,84.79,56.83,61.36,59.59,60.09,60.21,67.16,61.07,34.975,0.463,0.218,45.891,0.168,0.488,19.648,19.741,0.598,0.256,0.559,0.417,38.88,-0.391,0.202,-0.256
E08000032,Bradford,E01010670,Bradford 029A,152500,56.7,66.79,73.54,76.87,73.29,77.65,72.67,69.78,88.1,83.97,86.19,84.95,80.94,79.41,65.46,82.31,78.19,76.33,79.38,67.36,74.51,80.81,87.28,88.58,93.0,92.01,89.04,90.09,64.41,74.94,76.82,77.32,77.05,73.68,74.29,33.519,0.323,0.169,36.592,0.64,0.72,13.695,59.369,0.5,0.177,0.24,0.384,25.555,0.411,1.252,0.268
E08000032,Bradford,E01010671,Bradford 029B,167500,54.66,64.98,75.1,67.32,65.26,76.73,67.77,69.27,87.01,83.81,81.56,80.06,80.77,77.48,61.21,80.82,79.46,69.82,72.38,64.17,69.95,80.3,86.08,89.68,89.41,90.36,88.67,88.6,61.17,73.3,78.16,69.64,69.68,71.76,69.8,28.568,0.373,0.168,35.077,0.231,0.732,18.892,17.948,0.464,0.39,0.473,0.352,30.026,1.259,0.093,-0.169
E08000032,Bradford,E01010672,Bradford 036A,222025,41.36,46.3,28.64,44.67,47.65,66.84,48.69,64.61,69.66,55.24,67.77,67.62,76.6,67.95,58.77,70.28,53.57,58.28,61.27,62.16,61.64,79.4,86.58,78.67,84.71,88.13,87.98,86.16,55.98,58.06,43.19,53.13,55.56,65.95,57.07,14.865,0.147,0.09,11.161,0.224,-0.038,23.981,23.895,0.25,0.09,-0.379,0.208,42.801,0.035,0.291,0.05
E08000032,Bradford,E01010673,Bradford 029C,107500,58.83,72.22,79.99,81.44,75.55,78.95,76.32,70.36,89.71,87.15,89.01,86.41,81.48,80.68,66.78,85.54,82.99,81.46,84.38,68.43,77.8,81.32,89.86,91.0,94.56,92.28,89.49,91.07,65.82,79.26,82.29,82.03,80.65,74.82,77.57,53.868,0.508,0.252,62.243,0.934,0.769,28.208,71.007,0.718,0.328,1.07,0.471,22.282,4.313,1.586,0.169
E08000032,Bradford,E01010674,Bradford 030B,125000,49.52,57.01,57.98,61.07,60.08,72.64,61.13,67.63,81.33,75.25,77.33,73.09,79.11,73.87,58.54,75.9,69.64,63.97,65.11,61.76,64.97,79.45,84.1,84.5,85.69,85.22,87.87,85.54,58.08,66.71,65.2,63.75,63.35,68.62,64.25,57.181,0.597,0.323,60.023,1.391,0.968,28.068,12.989,0.672,0.629,1.204,0.436,35.663,2.656,-0.158,-0.17
E08000032,Bradford,E01010675,Bradford 029D,205750,55.94,67.25,75.56,71.06,69.87,77.54,70.71,69.59,87.79,85.21,84.03,83.53,80.95,78.73,63.21,82.19,79.21,71.68,75.09,65.66,71.88,80.8,89.02,90.07,92.14,91.35,89.1,89.98,62.78,75.12,78.28,72.36,73.28,72.84,72.08,29.67,0.317,0.184,27.522,0.624,0.571,16.193,40.178,0.417,0.218,-0.068,0.343,27.786,0.838,0.888,-0.165
E08000032,Bradford,E01010676,Bradford 034A,160000,61.72,77.05,85.27,87.08,82.0,80.69,81.34,70.61,89.81,87.97,90.0,88.24,81.68,81.3,68.35,88.06,87.52,85.44,89.07,69.97,80.81,81.56,90.15,91.46,95.62,93.18,89.73,91.7,67.51,82.88,87.03,86.5,85.99,76.35,81.2,57.312,0.564,0.263,71.983,0.84,0.416,26.875,75.738,0.723,0.496,1.171,0.543,18.616,4.243,1.702,0.409
E08000032,Bradford,E01010677,Bradford 030C,120000,,,,,,,,,,,,,,,,,,,,,,,,,,,,,,,,,,,,,,,,,,,,,,,,,,,
E08000032,Bradford,E01010678,Bradford 036B,226500,41.89,46.3,35.98,49.31,58.02,68.78,53.17,65.79,72.53,61.68,69.5,74.67,77.75,70.51,58.53,69.1,54.87,58.69,63.39,61.85,62.0,79.68,81.15,78.61,83.25,89.37,88.13,85.71,56.11,57.71,47.28,55.47,61.64,66.79,59.25,24.085,0.282,0.167,20.228,0.587,0.104,25.734,11.378,0.375,0.17,-0.455,0.308,40.594,1.057,-0.064,-0.95
E08000032,Bradford,E01010679,Bradford 034B,120000,63.68,80.43,83.38,89.19,83.93,81.32,83.47,71.37,93.44,88.74,91.26,91.11,82.46,82.88,69.38,89.47,87.46,86.35,90.08,71.04,81.85,82.21,91.89,90.85,95.75,93.91,90.38,92.32,68.71,85.45,86.22,87.96,87.51,77.21,82.72,60.767,0.512,0.277,62.472,1.397,1.514,25.596,73.131,0.628,0.439,0.688,0.534,17.117,4.045,1.413,0.956
E08000032,Bradford,E01010680,Bradford 019A,145000,49.26,64.65,66.94,65.9,83.17,74.94,71.47,67.24,78.59,72.41,73.48,84.58,78.81,74.51,62.58,74.49,71.17,71.59,83.62,66.41,72.3,81.06,79.92,81.01,85.65,92.93,88.9,87.66,60.56,69.97,69.77,69.28,83.59,71.82,72.27,58.454,0.506,0.377,64.719,1.16,2.267,14.435,8.448,0.651,0.37,1.918,0.365,27.696,0.347,-0.355,-0.4
E08000032,Bradford,E01010681,Bradford 019B,310000,49.83,61.22,61.34,64.06,75.35,76.55,67.92,68.12,83.9,73.81,78.46,85.32,79.82,76.66,61.41,73.17,67.17,69.01,77.42,64.65,69.44,80.86,83.17,83.11,87.11,92.25,88.87,88.18,60.06,67.89,65.26,67.6,77.0,71.82,69.53,5.23,0.074,0.057,7.2,-0.146,-0.582,10.034,4.223,0.122,0.038,-0.711,0.183,30.474,-1.872,-1.074,-0.206
E08000032,Bradford,E01010682,Bradford 019C,131250,48.02,56.48,68.0,60.09,76.66,73.41,66.0,67.12,75.18,73.08,71.65,81.55,78.66,73.2,63.13,72.14,72.6,67.84,79.91,66.72,70.62,81.33,78.18,80.85,83.44,89.36,89.07,86.03,60.61,64.5,71.03,64.79,78.66,71.26,69.1,45.481,0.459,0.275,47.106,1.256,1.429,12.237,19.813,0.597,0.439,1.254,0.342,30.845,-0.985,0.026,0.238
E08000032,Bradford,E01010683,Bradford 017A,256497.5,46.01,50.4,58.46,56.06,67.45,68.53,59.73,65.62,65.46,64.03,65.42,70.15,76.93,68.04,64.93,65.7,65.35,64.38,72.21,66.47,67.29,80.59,72.53,75.37,81.83,86.21,88.3,83.64,61.11,58.03,62.68,60.87,70.08,68.77,64.44,5.837,0.072,0.046,7.062,-0.51,0.023,12.267,13.004,0.122,0.089,-0.282,0.134,35.506,-2.568,-0.469,0.39
E08000032,Bradford,E01010684,Bradford 017B,197500,47.48,77.38,55.42,58.91,79.1,71.71,71.38,66.86,86.33,71.78,75.93,87.9,78.7,76.32,64.58,76.72,68.45,70.86,82.15,67.29,72.76,81.02,85.19,82.87,87.89,95.28,88.95,89.48,61.39,78.02,63.33,66.09,81.19,70.75,72.62,12.529,0.132,0.094,9.276,-0.033,0.158,8.902,28.25,0.191,0.097,-0.722,0.21,27.37,-1.581,0.49,-0.014
E08000032,Bradford,E01010685,Bradford 017C,229000,45.94,66.35,50.71,55.38,68.63,68.83,63.96,65.92,77.94,65.12,69.63,78.14,77.5,71.93,62.11,70.66,61.43,65.31,73.15,64.93,67.37,80.17,79.08,77.92,83.89,90.26,88.04,85.95,59.33,69.19,57.28,61.35,71.48,68.23,66.49,14.432,0.117,0.078,10.615,0.286,0.967,9.282,24.536,0.133,0.131,-0.369,0.199,33.461,-3.862,0.331,0.022
E08000032,Bradford,E01010686,Bradford 017D,254950,47.01,61.59,46.04,53.64,67.8,70.87,62.3,65.16,78.27,65.54,70.11,78.17,77.17,71.7,64.79,71.41,64.59,66.86,75.37,67.09,69.42,80.4,79.8,79.52,85.03,92.34,88.35,87.05,61.18,67.03,56.99,61.4,72.22,70.14,66.87,6.757,0.084,0.066,9.472,-0.449,-0.232,11.387,11.897,0.114,0.06,-0.663,0.209,33.056,-2.03,-0.252,-0.099
E08000032,Bradford,E01010687,Bradford 019D,236500,47.21,62.61,49.88,57.3,68.85,72.4,63.89,66.35,82.26,69.31,76.26,83.46,78.35,74.79,63.72,71.6,65.17,67.94,76.17,66.13,69.44,79.94,77.63,77.2,82.62,89.51,87.92,85.2,60.7,67.86,59.09,63.98,73.36,70.49,67.77,4.462,0.072,0.056,3.885,-0.534,-0.354,9.252,7.871,0.091,0.075,-1.418,0.166,32.134,-3.04,-0.45,-0.276
E08000032,Bradford,E01010688,Bradford 019E,165000,48.71,73.31,66.51,67.04,86.13,73.91,74.68,67.8,85.71,75.82,78.13,91.11,79.44,77.67,63.76,76.7,72.09,73.96,86.92,66.73,74.3,81.55,86.18,85.54,90.11,97.27,89.5,90.96,61.27,75.84,70.21,71.3,86.91,71.55,74.85,18.774,0.132,0.099,13.297,0.215,1.299,8.538,36.103,0.165,0.117,-0.236,0.218,25.051,-1.285,0.668,0.308
E08000032,Bradford,E01010689,Bradford 019F,173000,47.22,55.29,67.75,59.63,76.86,70.81,65.26,66.96,73.03,73.35,71.78,81.46,78.45,72.84,65.91,71.56,72.73,69.15,80.53,68.13,71.86,81.34,76.18,78.92,83.84,89.13,89.09,85.75,62.19,63.51,71.0,65.24,79.05,70.71,69.42,12.76,0.122,0.073,12.931,-0.353,0.455,12.523,35.559,0.201,0.123,0.131,0.168,30.536,-0.798,0.486,0.77
E08000032,Bradford,E01010690,Bradford 019G,189950,50.41,66.26,66.84,68.12,86.97,76.96,73.8,69.07,85.96,77.22,80.63,92.37,80.7,79.0,62.78,77.05,72.1,73.7,86.58,66.27,73.9,81.67,87.48,85.31,90.59,96.71,89.67,91.08,61.2,72.3,70.41,71.83,87.17,72.84,74.39,15.169,0.153,0.103,12.492,0.349,0.466,11.006,19.652,0.202,0.189,-0.703,0.246,25.573,-0.435,0.101,0.039
E08000032,Bradford,E01010691,Bradford 002A,640000,48.56,51.58,71.28,72.1,74.51,59.89,64.95,52.08,62.95,79.64,85.36,85.15,60.53,66.13,56.82,65.92,69.39,73.63,73.93,54.97,65.94,73.79,80.56,84.67,89.72,91.79,81.93,85.94,54.58,58.61,70.95,73.88,74.86,58.08,65.67,1.588,0.02,0.029,0.249,-1.243,-1.231,9.442,11.667,0.041,0.023,-2.058,0.074,34.355,-4.642,-0.198,-0.266
E08000032,Bradford,E01010692,Bradford 001D,425000,48.82,45.24,69.08,78.26,79.4,59.72,65.73,52.02,61.71,77.07,87.49,87.48,60.27,66.59,58.0,62.94,68.76,78.54,79.22,56.14,67.98,73.08,74.46,81.88,89.53,91.68,81.27,84.85,55.38,53.95,69.57,79.11,79.84,58.53,67.08,5.085,0.043,0.049,0.88,-0.88,0.055,9.806,23.619,0.047,0.039,-1.504,0.095,32.972,-3.027,0.363,-0.209
E08000032,Bradford,E01010693,Bradford 002B,728812.5,46.7,31.3,53.42,66.8,60.56,57.04,53.12,51.39,56.72,71.22,84.64,79.02,59.37,63.6,52.22,55.44,61.59,71.35,69.05,52.59,60.68,73.17,73.12,80.16,89.15,89.4,81.38,83.91,51.11,43.16,58.75,70.41,65.84,55.57,57.99,1.248,0.015,0.027,0.315,-1.179,-1.826,15.155,3.118,0.015,0.011,-1.849,0.073,42.214,-5.405,-0.682,-0.84
E08000032,Bradford,E01010694,Bradford 002C,888000,47.53,38.84,54.76,74.47,69.48,57.71,59.41,50.98,56.65,69.6,85.99,80.32,58.47,63.73,51.69,56.05,59.48,74.54,73.04,51.83,61.99,73.26,73.12,79.93,90.52,90.95,81.39,84.66,50.9,47.37,58.14,75.39,71.91,55.45,61.2,3.385,0.023,0.036,0.833,-1.277,-0.397,13.25,18.728,0.018,0.014,-1.613,0.099,38.91,-4.006,0.192,-0.397
E08000032,Bradford,E01010695,Bradford 002D,265000,50.67,55.65,77.7,89.65,92.59,62.15,75.35,52.05,65.5,80.44,93.18,94.14,60.34,69.19,60.74,70.09,76.21,88.83,91.32,58.3,75.16,74.01,80.99,85.73,95.34,97.02,82.15,88.85,57.56,62.67,77.41,89.53,92.17,60.66,74.89,10.835,0.094,0.066,2.912,-0.145,0.381,6.397,40.089,0.157,0.08,-1.048,0.134,25.184,-2.398,0.762,0.4
E08000032,Bradford,E01010696,Bradford 002E,737500,46.4,49.12,57.78,62.78,73.58,58.63,61.36,51.55,61.83,69.33,80.64,83.08,59.91,64.42,61.05,67.36,64.02,73.14,74.38,58.2,67.57,73.82,79.26,82.12,88.98,92.71,81.86,85.78,56.73,57.88,61.87,69.25,74.57,58.97,64.95,2.266,0.018,0.023,0.623,-1.334,-1.394,10.219,19.834,0.013,0.014,-1.617,0.085,35.05,-4.161,0.143,-0.053
E08000032,Bradford,E01010697,Bradford 002F,350000,49.6,44.57,69.36,83.9,82.77,60.51,67.76,51.76,61.85,77.33,90.78,89.07,59.88,67.25,56.08,62.55,69.56,82.42,83.99,55.03,69.08,73.5,77.38,83.85,93.59,94.66,81.68,87.14,54.29,53.44,70.13,83.71,83.82,58.34,68.53,2.869,0.036,0.042,0.551,-1.135,-1.371,7.727,22.733,0.055,0.037,-1.884,0.094,31.504,-4.254,0.408,-0.594
E08000032,Bradford,E01010698,Bradford 002G,272500,50.3,61.06,74.51,85.45,87.73,61.77,74.39,51.88,65.64,76.72,90.3,90.52,60.1,67.99,58.34,70.0,72.56,83.96,86.79,56.6,72.22,74.12,81.34,83.58,93.47,96.43,82.19,88.24,55.91,65.48,73.94,85.1,87.53,59.67,72.87,10.358,0.1,0.066,3.598,-0.328,0.068,7.629,42.365,0.133,0.089,-0.745,0.122,27.271,-2.221,0.849,0.297
E08000032,Bradford,E01010699,Bradford 002H,322500,47.62,52.0,57.39,68.59,76.88,59.48,64.4,51.45,61.86,67.01,82.39,83.96,59.68,64.74,57.85,66.36,64.47,74.43,77.46,56.13,67.25,74.09,78.75,81.21,90.29,94.4,82.06,86.54,54.94,58.96,61.86,72.52,77.64,58.37,66.03,17.543,0.225,0.131,16.263,0.285,0.389,12.83,7.937,0.305,0.183,0.179,0.205,34.052,-1.656,-0.384,-0.416
E08000032,Bradford,E01010700,Bradford 008A,110000,54.59,56.01,61.54,79.07,88.49,67.96,72.85,57.96,73.08,67.51,86.08,91.31,68.56,71.77,65.26,73.37,73.19,80.19,90.0,65.91,75.93,76.87,80.08,84.42,92.16,96.34,85.81,88.93,62.16,64.66,68.36,80.16,89.53,67.55,74.49,54.218,0.539,0.237,64.199,1.112,0.568,21.274,85.183,0.626,0.498,0.878,0.52,25.544,2.471,1.909,1.088
E08000032,Bradford,E01010701,Bradford 008B,80000,55.19,69.37,64.19,84.88,92.16,69.13,78.89,58.05,80.06,69.27,88.67,94.1,68.67,73.67,64.52,77.34,75.43,82.53,91.74,65.16,77.2,76.84,85.69,86.34,94.76,97.49,85.74,90.49,61.83,73.74,70.77,84.02,92.19,67.75,77.73,62.939,0.625,0.267,74.011,1.246,0.822,19.455,79.358,0.727,0.655,1.17,0.574,22.261,2.322,1.826,0.63
E08000032,Bradford,E01010702,Bradford 008C,:,55.08,76.65,65.18,87.31,92.39,69.85,81.46,57.89,83.96,71.21,90.04,94.23,68.52,74.39,62.47,80.12,78.24,85.25,93.24,63.64,77.83,76.58,89.11,88.33,95.71,97.09,85.51,90.95,60.46,78.96,72.78,86.51,93.05,67.35,79.14,52.894,0.52,0.241,56.459,1.225,0.641,21.478,81.159,0.65,0.596,0.535,0.497,20.943,2.925,1.645,1.035
E08000032,Bradford,E01010703,Bradford 008D,125000,51.01,44.13,44.15,60.26,69.2,63.59,58.89,57.76,68.78,60.26,79.11,82.09,68.08,68.3,60.92,62.71,61.52,69.56,76.2,62.08,66.88,76.86,79.06,81.13,89.63,92.77,85.78,87.06,58.55,53.64,54.33,66.28,73.47,63.72,63.91,35.125,0.372,0.202,45.614,0.645,0.436,18.072,42.88,0.529,0.205,0.915,0.378,36.121,-0.209,0.932,-0.035
E08000032,Bradford,E01010704,Bradford 008E,120000,48.88,48.22,40.56,60.49,60.25,64.66,57.06,58.1,68.62,59.23,82.58,82.96,69.15,69.21,57.05,59.24,53.88,64.78,65.82,59.22,61.2,75.7,75.39,73.89,87.98,89.14,84.59,84.49,55.64,54.29,48.63,64.3,64.27,62.96,60.29,33.992,0.3,0.183,44.504,0.939,1.242,16.176,28.648,0.523,0.143,1.434,0.283,39.736,-2.139,0.478,0.07
E08000032,Bradford,E01010705,Bradford 008F,175500,47.4,45.67,34.04,53.31,49.66,62.12,51.21,58.2,65.31,58.22,79.76,76.37,69.13,67.25,56.05,55.77,49.29,60.66,58.37,57.87,57.49,75.71,73.9,73.6,86.12,85.7,84.58,82.92,54.68,51.3,43.31,58.96,55.45,61.17,55.86,15.477,0.175,0.102,18.915,-0.048,-0.058,22.892,15.56,0.301,0.092,0.079,0.248,44.227,-0.676,0.159,-1.269
E08000032,Bradford,E01010706,Bradford 006A,190000,35.43,13.95,18.11,37.02,42.66,54.99,34.6,57.28,43.55,43.51,59.69,64.3,68.17,58.35,56.0,47.85,45.71,56.18,57.08,58.03,54.99,76.62,77.44,70.34,80.38,83.06,85.32,81.41,51.85,30.1,34.0,48.18,51.05,57.9,47.2,9.409,0.076,0.063,3.361,-0.367,-0.526,25.787,30.187,0.104,0.071,-1.071,0.145,52.237,-1.584,0.644,-0.372
E08000032,Bradford,E01010707,Bradford 006B,220000,46.05,35.11,32.07,51.19,54.02,60.51,48.83,57.82,61.83,54.94,73.92,74.65,68.04,65.23,57.32,54.34,52.74,62.99,64.68,59.13,59.84,76.19,72.05,75.69,85.64,87.58,85.0,83.43,55.14,44.96,44.21,58.74,60.49,60.93,55.97,9.841,0.074,0.065,10.278,-0.385,-0.353,24.334,26.722,0.101,0.059,-0.324,0.191,43.991,-0.119,0.576,-0.718
E08000032,Bradford,E01010708,Bradford 006C,174750,49.05,45.41,40.03,57.87,64.92,62.42,56.98,57.61,65.92,56.91,75.39,77.71,67.83,66.45,58.99,59.92,58.07,66.82,71.77,60.53,64.01,76.38,73.96,78.07,87.29,90.12,85.24,84.92,56.85,52.97,50.58,63.62,69.1,62.44,61.5,23.399,0.264,0.135,29.001,0.138,-0.255,18.186,43.916,0.414,0.115,0.398,0.31,38.525,-0.814,0.968,-0.092
E08000032,Bradford,E01010709,Bradford 006D,250000,42.05,22.99,30.1,42.38,45.27,58.82,40.58,57.74,53.07,51.97,67.03,68.05,68.18,61.78,59.25,55.05,55.38,62.5,65.67,60.6,60.95,76.64,76.39,75.24,83.28,86.46,85.43,83.18,55.48,38.43,44.67,54.16,56.73,60.86,52.97,10.623,0.111,0.079,12.626,-0.323,-0.259,21.7,16.474,0.177,0.067,-0.184,0.205,46.93,-2.007,0.112,-0.487
E08000032,Bradford,E01010710,Bradford 008G,75000,55.37,71.3,65.81,90.81,95.79,72.51,82.01,57.77,83.9,71.94,92.83,96.87,69.07,75.28,63.94,81.59,79.61,88.36,95.96,65.09,79.88,75.8,87.27,86.76,95.93,97.62,84.73,90.61,61.46,76.78,73.81,89.76,96.08,69.29,80.5,82.438,0.685,0.395,76.196,1.903,2.131,21.528,84.049,0.847,0.538,1.447,0.527,19.529,3.034,1.716,1.164
E08000032,Bradford,E01010711,Bradford 011A,:,53.97,60.25,58.57,83.24,90.9,71.13,75.6,57.41,77.94,66.04,89.35,94.23,68.82,73.19,61.13,74.66,70.18,81.74,91.19,62.55,75.03,75.3,82.63,79.78,93.25,96.05,84.22,88.56,59.29,67.7,65.41,82.98,91.35,67.45,75.24,67.32,0.568,0.362,63.68,2.101,1.733,18.59,39.86,0.665,0.558,1.569,0.407,24.752,1.867,0.655,0.73
E08000032,Bradford,E01010712,Bradford 009A,72500,53.54,70.04,60.87,85.22,92.14,72.83,79.17,57.12,82.39,66.38,90.94,94.19,68.9,73.94,59.67,77.25,70.47,82.85,92.02,61.88,75.36,74.92,85.92,80.61,93.72,95.81,83.9,88.85,58.22,74.18,66.57,84.5,92.32,67.92,76.9,62.537,0.58,0.25,71.886,1.389,1.442,19.921,75.766,0.701,0.423,1.369,0.501,23.058,2.378,1.696,0.424
E08000032,Bradford,E01010713,Bradford 011B,130000,51.42,46.34,45.09,68.85,77.31,68.63,64.07,57.52,70.85,60.75,84.92,88.75,68.94,70.59,59.24,65.94,59.18,71.92,79.94,61.09,68.06,75.55,77.65,75.59,90.7,94.24,84.47,86.84,57.53,56.29,53.49,71.59,79.32,65.64,66.78,52.459,0.493,0.281,64.193,1.215,1.846,18.37,20.374,0.684,0.331,1.709,0.388,33.268,0.52,0.169,-0.059
E08000032,Bradford,E01010714,Bradford 011C,95000,51.0,69.41,55.36,74.74,85.03,71.16,74.26,56.68,81.57,63.12,86.78,91.19,68.51,72.38,57.21,74.82,65.73,77.58,86.9,59.98,71.74,74.81,85.17,77.74,91.52,94.73,83.82,87.81,56.01,72.77,61.52,77.07,86.41,66.24,72.92,36.838,0.399,0.175,34.652,0.884,0.742,14.985,57.931,0.702,0.221,0.773,0.312,27.048,0.597,1.278,-0.041
E08000032,Bradford,E01010715,Bradford 012A,184995,45.9,66.85,46.55,57.46,62.7,68.66,62.52,55.87,82.53,59.71,81.97,82.48,67.87,69.84,53.24,71.5,59.39,69.02,74.22,57.37,64.96,74.43,85.91,76.79,89.85,91.5,83.52,86.41,52.22,70.05,54.19,65.03,69.57,63.82,64.48,36.538,0.396,0.211,46.473,0.997,0.913,17.877,17.292,0.643,0.261,1.491,0.29,35.52,-0.122,0.04,-0.106
E08000032,Bradford,E01010716,Bradford 011D,130000,46.62,52.92,40.5,57.92,68.46,67.49,60.29,56.5,71.95,56.44,79.68,83.73,68.34,68.5,55.33,67.29,59.67,71.79,78.44,59.03,66.54,75.07,80.89,73.63,88.82,92.15,84.1,85.91,53.81,60.38,51.62,66.41,74.34,64.1,64.31,44.608,0.401,0.234,42.709,1.539,1.26,15.425,44.113,0.551,0.275,1.183,0.317,35.651,-1.032,0.952,0.022
E08000032,Bradford,E01010717,Bradford 012B,110000,49.1,71.84,53.88,68.18,77.71,70.4,71.16,56.35,81.88,62.16,84.81,88.04,68.27,71.41,54.94,73.86,62.61,73.56,81.37,58.66,68.63,74.56,85.46,77.0,90.26,92.99,83.6,86.94,54.09,73.65,59.17,72.11,80.18,65.26,69.98,39.244,0.431,0.233,52.811,0.955,0.66,14.58,26.472,0.631,0.242,1.458,0.351,29.971,0.016,0.554,-0.614
E08000032,Bradford,E01010718,Bradford 012C,170000,42.84,59.32,38.49,49.27,56.18,66.85,56.15,55.34,76.42,53.91,76.67,78.32,67.37,67.1,51.45,66.99,51.92,62.72,66.19,55.78,60.21,73.77,81.77,71.05,85.53,87.87,82.85,83.47,50.31,63.85,46.49,57.99,62.4,62.21,59.24,62.027,0.502,0.353,70.905,1.639,1.915,26.34,11.287,0.649,0.392,2.07,0.389,40.713,1.198,-0.056,-1.094
E08000032,Bradford,E01010719,Bradford 007A,112500,53.66,74.52,58.5,83.46,89.4,71.27,79.0,57.72,85.58,70.41,90.8,93.88,68.82,74.62,60.02,79.8,71.77,81.15,90.15,61.7,75.19,75.34,86.36,84.78,93.25,95.46,84.28,89.04,58.56,77.79,66.39,82.89,90.13,67.12,76.8,47.249,0.472,0.218,67.98,0.802,0.722,19.355,56.75,0.545,0.412,1.088,0.52,23.193,2.221,1.27,-0.155
E08000032,Bradford,E01010720,Bradford 009B,101500,51.52,74.36,48.77,72.82,78.53,70.3,73.03,57.5,85.98,67.76,87.92,89.83,68.55,73.38,56.62,77.55,63.2,73.87,81.63,59.48,69.96,74.84,85.92,82.59,91.05,93.05,83.76,87.53,55.87,76.76,57.5,74.5,80.77,65.62,71.58,61.587,0.575,0.341,61.279,1.841,1.489,18.058,24.706,0.758,0.525,1.236,0.44,28.362,1.29,0.371,-0.085
E08000032,Bradford,E01010721,Bradford 009C,168000,47.38,63.11,33.22,55.28,60.29,67.72,59.98,56.71,80.9,61.66,80.83,81.68,67.52,69.67,54.0,71.9,56.78,67.3,72.96,57.61,64.59,74.1,81.07,77.2,86.19,87.45,83.04,83.81,53.15,68.17,47.12,63.15,67.82,63.47,63.26,50.684,0.501,0.298,49.392,1.34,1.876,19.312,5.845,0.687,0.269,1.397,0.336,36.727,0.031,-0.421,-0.825
E08000032,Bradford,E01010722,Bradford 014A,192000,44.5,54.28,28.69,49.93,50.95,65.66,53.07,55.87,74.69,55.16,73.63,72.94,66.59,65.67,51.25,66.55,49.09,60.06,61.64,55.32,58.36,73.8,77.83,74.16,83.73,84.65,82.77,81.87,50.63,60.92,40.79,56.73,57.5,61.38,56.93,42.067,0.41,0.247,42.819,0.955,1.34,25.648,24.28,0.637,0.191,1.023,0.345,42.991,0.478,0.454,-0.496
E08000032,Bradford,E01010723,Bradford 009D,83000,54.31,70.38,61.47,86.26,92.38,72.02,79.56,57.71,84.04,71.7,92.37,96.09,69.04,75.06,60.88,79.43,74.15,83.14,92.51,62.33,76.45,75.41,86.74,85.48,94.59,96.72,84.31,89.79,59.25,75.38,69.0,85.2,92.77,67.78,77.71,65.415,0.652,0.291,67.471,1.306,1.184,17.149,76.105,0.821,0.533,0.991,0.533,22.276,1.725,1.783,0.333
E08000032,Bradford,E01010724,Bradford 009E,135000,51.78,67.41,53.82,76.63,82.09,71.72,73.3,56.61,81.38,63.81,87.82,88.8,68.22,72.08,57.41,74.67,64.13,75.79,83.55,60.05,70.59,74.67,84.65,79.88,92.37,94.06,83.63,87.79,56.31,71.65,60.02,77.08,83.28,66.5,71.91,46.499,0.467,0.248,49.519,1.273,1.517,17.894,28.337,0.734,0.322,0.99,0.395,28.171,1.272,0.485,0.012
E08000032,Bradford,E01010725,Bradford 009F,129950,52.28,72.79,58.13,80.06,84.77,72.33,76.46,56.98,84.78,66.14,90.66,91.74,68.83,73.74,58.03,76.93,67.51,79.41,87.08,60.64,72.8,74.82,86.02,80.63,93.26,94.59,83.84,88.38,56.87,75.62,63.78,80.56,86.41,67.11,74.46,37.476,0.336,0.177,45.149,1.063,0.925,8.854,57.36,0.539,0.215,1.081,0.354,25.472,-1.232,1.23,0.144
E08000032,Bradford,E01010726,Bradford 012D,165000,47.23,70.64,46.22,59.23,60.85,69.95,63.62,56.01,84.13,60.85,84.06,81.95,67.89,70.39,53.0,70.59,56.51,66.3,70.05,57.1,63.11,73.93,82.54,75.09,87.96,88.78,82.98,84.59,52.38,71.74,52.54,64.61,66.62,64.29,64.0,12.18,0.134,0.081,18.094,-0.03,-0.026,16.23,15.869,0.269,0.079,0.071,0.24,35.917,-0.8,0.157,-0.982
E08000032,Bradford,E01010727,Bradford 007B,225000,47.74,56.16,37.77,57.32,54.78,62.56,56.51,57.14,76.02,61.98,76.66,73.35,66.86,67.1,57.87,71.98,68.55,71.75,73.38,60.05,67.23,75.82,82.62,83.31,89.0,89.0,84.72,85.94,55.78,64.3,55.43,65.9,65.14,62.2,63.05,23.162,0.21,0.138,17.03,0.298,0.326,20.605,47.9,0.403,0.15,-0.159,0.253,36.905,0.373,1.037,0.052
E08000032,Bradford,E01010728,Bradford 007C,126000,54.03,77.43,60.6,83.98,87.27,69.97,79.24,57.69,85.01,70.46,89.47,91.79,68.39,73.93,60.78,79.71,74.6,82.45,90.08,62.22,75.75,75.85,87.34,86.23,93.5,95.21,84.76,89.37,59.12,79.25,68.82,83.66,89.04,66.74,77.13,47.013,0.431,0.211,55.626,1.17,1.107,14.789,66.939,0.598,0.255,0.74,0.464,22.828,1.033,1.44,0.258
E08000032,Bradford,E01010729,Bradford 007D,258000,50.14,68.84,44.66,66.31,67.88,67.01,66.51,57.63,85.49,67.44,86.13,85.37,68.23,72.31,56.08,74.53,62.02,70.0,75.12,58.78,66.93,74.87,83.81,81.82,88.67,89.53,83.77,85.74,55.23,72.55,55.08,69.65,72.49,63.75,67.31,21.253,0.245,0.127,32.641,0.447,0.29,17.028,11.141,0.392,0.111,0.561,0.323,32.829,0.205,-0.094,-0.809
E08000032,Bradford,E01010730,Bradford 045C,:,66.93,86.26,69.64,81.63,86.44,81.98,84.39,72.21,92.32,76.56,86.66,87.97,82.45,81.64,72.76,91.42,78.86,85.15,89.26,74.57,82.77,84.58,90.65,85.23,92.59,94.95,92.74,92.37,71.72,89.28,75.23,83.75,88.07,79.16,83.47,74.24,0.751,0.439,80.501,1.693,1.142,20.236,28.628,0.942,0.682,1.459,0.581,16.362,2.877,-0.219,1.524
E08000032,Bradford,E01010731,Bradford 048A,:,67.14,88.9,73.75,83.35,91.4,83.06,87.19,71.97,94.19,78.8,88.41,92.05,82.52,82.79,72.32,93.22,82.22,86.97,93.24,74.36,84.35,84.21,91.71,87.7,93.07,96.37,92.34,92.99,71.45,91.54,78.89,85.52,92.5,79.56,85.51,61.337,0.554,0.308,65.729,0.93,1.322,21.23,80.795,0.636,0.591,1.049,0.506,14.354,3.198,1.526,1.317
E08000032,Bradford,E01010732,Bradford 048B,120000,64.85,91.49,73.43,74.85,90.3,82.34,85.63,72.01,96.73,79.67,86.54,92.19,82.65,82.9,70.47,93.04,79.81,80.85,91.82,72.42,82.18,85.77,94.58,87.62,91.37,97.25,93.88,93.72,69.76,92.96,77.48,78.7,91.3,78.34,83.76,54.116,0.581,0.299,58.043,0.694,1.312,19.752,42.397,0.609,0.528,1.016,0.448,16.133,2.768,0.632,1.019
E08000032,Bradford,E01010733,Bradford 048C,83100,65.61,89.64,75.0,77.62,89.65,82.93,85.67,71.96,95.76,81.3,87.77,93.27,82.72,83.15,70.71,93.83,82.43,82.85,92.38,72.81,82.98,85.11,93.93,89.24,92.94,97.83,93.23,94.01,70.07,92.27,79.63,80.97,91.34,78.79,84.21,65.939,0.603,0.357,60.705,1.583,1.131,23.212,56.766,0.728,0.734,0.664,0.52,15.814,3.611,0.992,1.121
E08000032,Bradford,E01010734,Bradford 045D,72000,64.76,75.67,58.02,75.88,78.59,79.25,77.12,72.82,91.37,72.87,87.99,86.66,82.85,81.75,70.64,86.12,72.39,80.32,84.09,72.04,78.71,85.29,91.08,81.78,92.49,93.55,93.45,92.06,69.96,81.41,66.61,79.0,81.88,76.76,78.45,70.287,0.634,0.328,96.03,1.013,1.641,12.23,81.985,0.725,0.481,2.39,0.559,21.516,0.415,1.743,0.947
E08000032,Bradford,E01010735,Bradford 051A,:,62.43,85.55,72.13,72.19,84.11,82.6,81.36,71.47,93.76,80.82,85.82,89.44,82.57,81.71,67.21,89.58,77.89,75.61,86.52,69.71,78.14,84.83,90.41,86.07,89.22,94.43,92.92,91.58,67.05,88.2,75.93,74.92,85.72,77.18,79.85,70.666,0.724,0.365,78.419,1.36,1.503,25.95,26.181,0.848,0.782,1.353,0.593,20.094,3.982,0.274,0.354
E08000032,Bradford,E01010736,Bradford 048D,72500,64.06,88.9,66.67,72.87,80.94,80.3,81.2,71.6,94.41,74.66,83.37,84.42,81.84,80.46,69.27,90.62,72.8,76.84,83.97,70.81,78.39,85.07,92.24,82.92,87.14,91.99,93.12,90.54,68.76,90.44,70.62,75.63,82.76,76.58,79.81,70.189,0.691,0.348,71.946,1.254,1.27,24.18,58.148,0.723,0.675,1.356,0.506,20.123,3.626,1.197,0.401
E08000032,Bradford,E01010737,Bradford 048E,72000,63.62,90.73,70.95,73.05,91.43,81.65,85.09,71.87,96.66,77.75,85.45,92.53,82.42,82.65,69.44,92.06,76.69,79.74,91.78,71.64,81.34,85.77,93.67,84.75,89.39,95.99,93.86,92.68,68.81,92.13,74.67,77.29,91.8,77.64,83.08,74.342,0.649,0.36,85.396,1.434,1.62,22.003,63.753,0.674,0.684,1.74,0.551,16.813,3.294,1.272,0.631
E08000032,Bradford,E01010738,Bradford 051B,98250,63.64,87.53,72.16,71.91,89.35,82.51,83.55,71.88,95.66,80.64,86.46,93.27,82.76,82.89,69.44,91.75,78.8,78.88,91.1,71.65,81.06,85.52,92.09,87.32,90.19,96.57,93.56,92.89,68.81,90.27,76.43,76.46,90.57,78.06,82.34,54.844,0.579,0.235,62.128,0.853,0.937,22.517,71.952,0.724,0.524,0.921,0.494,17.537,3.384,1.542,0.428
E08000032,Bradford,E01010739,Bradford 051C,95000,62.11,87.34,69.38,70.77,84.9,82.75,81.68,71.6,93.98,79.0,85.45,90.09,82.71,81.82,67.5,90.21,75.89,75.8,87.05,69.99,78.45,84.93,89.67,84.47,88.01,93.43,93.01,90.91,67.19,89.42,73.61,74.37,86.37,77.39,80.15,72.039,0.785,0.351,75.408,1.517,1.678,21.963,34.128,0.934,0.66,1.322,0.548,19.743,3.125,0.504,0.592
E08000032,Bradford,E01010740,Bradford 051D,122500,62.35,88.23,69.13,69.52,88.52,82.14,82.73,71.78,94.68,77.85,84.37,91.54,82.63,82.03,69.2,91.44,76.76,78.23,90.47,71.42,80.57,85.53,90.75,84.66,88.75,95.22,93.58,91.92,68.35,90.45,73.93,74.94,89.79,77.77,81.69,44.479,0.449,0.218,58.326,0.706,0.667,21.441,58.699,0.533,0.482,0.72,0.49,18.218,3.083,1.178,0.554
E08000032,Bradford,E01010741,Bradford 059A,135000,55.57,64.25,59.56,57.69,74.48,76.78,68.08,70.44,83.19,72.18,75.32,82.47,81.45,76.74,65.29,80.77,69.52,68.37,80.28,68.33,72.92,84.95,85.19,81.4,84.68,92.6,93.12,89.34,64.15,72.69,65.7,64.29,77.91,73.78,71.42,25.582,0.232,0.135,23.728,0.306,1.159,13.725,43.174,0.446,0.134,0.079,0.297,28.574,-0.005,0.749,0.749
E08000032,Bradford,E01010742,Bradford 053C,78500,62.32,85.5,66.96,71.29,85.74,79.55,81.11,71.84,93.12,77.49,85.93,87.81,82.13,81.43,67.41,88.06,71.54,75.72,85.7,69.22,77.47,85.95,86.14,82.78,89.06,93.29,94.02,91.0,67.21,87.49,70.17,74.59,85.95,75.52,79.38,62.924,0.59,0.296,74.89,1.078,1.134,24.715,64.5,0.642,0.546,1.292,0.549,20.553,3.712,1.357,0.325
E08000032,Bradford,E01010743,Bradford 053D,101000,61.63,84.14,67.61,71.3,90.67,80.22,82.21,71.72,90.88,76.49,84.65,90.24,82.06,81.24,68.7,88.62,74.37,78.95,90.56,71.04,79.96,86.22,84.37,81.42,87.31,91.91,94.3,90.06,67.87,86.9,71.93,76.09,90.73,76.67,81.1,72.35,0.656,0.374,74.086,1.118,1.555,24.153,63.53,0.751,0.642,1.294,0.539,18.823,3.685,1.172,1.016
E08000032,Bradford,E01010744,Bradford 051E,105000,61.52,87.26,66.54,69.06,90.08,81.51,82.56,71.81,94.55,74.54,82.63,90.27,82.52,81.47,69.0,90.34,74.73,78.08,90.79,71.49,80.31,85.99,91.75,82.99,88.75,95.24,94.12,92.12,68.04,89.46,71.59,74.53,90.58,77.51,81.44,52.925,0.588,0.247,60.035,0.79,0.282,21.833,69.755,0.744,0.635,0.603,0.523,18.47,3.172,1.481,0.426
E08000032,Bradford,E01010745,Bradford 056A,105000,60.61,82.2,63.94,71.24,89.01,81.05,80.99,71.9,91.47,74.04,83.09,90.21,82.59,81.15,69.28,88.83,75.56,79.36,89.73,72.0,80.15,85.95,86.65,80.71,87.23,93.35,94.09,90.58,68.04,86.0,70.91,76.14,89.57,77.54,80.7,57.454,0.548,0.259,65.156,0.7,1.702,19.74,69.322,0.719,0.268,1.292,0.46,19.244,2.612,1.284,1.096
E08000032,Bradford,E01010746,Bradford 060A,160000,57.39,52.2,48.42,59.35,72.05,75.59,64.09,71.07,77.33,64.94,75.99,78.95,81.5,75.63,66.0,74.6,63.22,67.77,74.55,68.44,70.32,85.61,80.59,77.94,84.21,90.51,93.67,88.19,65.1,63.41,57.25,64.77,73.76,73.29,68.38,19.44,0.218,0.121,24.797,0.128,0.622,16.668,15.669,0.396,0.121,0.184,0.296,31.67,0.321,-0.206,0.265
E08000032,Bradford,E01010747,Bradford 056B,129950,59.3,70.73,58.27,69.7,86.62,79.24,76.31,71.65,85.93,71.64,81.13,87.02,82.22,79.38,67.76,83.11,71.44,75.89,86.01,70.42,76.95,86.09,83.34,81.4,87.18,92.44,94.24,90.04,66.73,77.24,66.16,73.62,86.47,75.95,77.02,36.169,0.361,0.231,44.437,0.48,0.925,11.906,41.179,0.506,0.331,0.79,0.384,22.912,0.184,0.594,1.005
E08000032,Bradford,E01010748,Bradford 056C,130000,57.68,64.61,58.46,67.15,83.16,78.67,72.9,71.56,85.95,73.11,81.81,86.79,82.42,79.46,67.02,81.5,69.94,73.52,85.0,69.85,75.72,85.56,85.56,82.84,87.52,94.87,93.76,90.95,65.89,73.34,65.49,71.41,84.39,75.44,75.02,51.357,0.513,0.278,65.286,1.122,1.489,17.173,20.117,0.649,0.447,1.551,0.419,24.978,1.465,0.033,0.254
E08000032,Bradford,E01010749,Bradford 056D,117000,57.35,72.22,63.84,67.99,85.63,79.69,76.12,71.28,87.26,76.1,81.6,89.41,82.34,79.95,65.75,83.17,71.42,72.66,86.65,68.79,75.87,85.25,86.69,84.39,87.68,95.44,93.48,91.24,64.96,78.11,68.71,71.33,86.47,75.4,76.42,46.102,0.415,0.244,66.735,0.871,1.6,13.315,32.335,0.642,0.242,1.75,0.399,23.553,0.539,0.601,0.106
E08000032,Bradford,E01010750,Bradford 060B,151250,55.95,51.33,50.04,56.89,73.33,75.03,63.6,70.66,77.94,66.08,75.42,81.22,81.21,75.8,67.01,77.76,67.12,70.24,79.26,69.66,72.99,85.76,83.59,79.84,85.85,92.79,93.83,89.68,65.37,64.34,60.09,64.88,76.81,73.58,69.59,20.062,0.166,0.109,27.824,0.408,0.651,17.118,26.892,0.251,0.136,0.221,0.32,30.448,0.677,0.246,0.489
E08000032,Bradford,E01010751,Bradford 060C,150500,55.36,55.24,53.38,56.39,70.32,75.33,63.75,70.44,78.5,67.48,74.01,79.86,81.15,75.35,66.79,79.21,68.61,70.16,78.8,69.57,73.1,85.25,83.71,79.41,84.18,91.12,93.31,88.64,65.07,67.05,62.38,64.51,75.17,73.67,69.67,33.877,0.307,0.22,41.006,0.946,0.937,18.413,19.546,0.476,0.259,0.908,0.347,30.305,1.081,-0.001,0.268
E08000032,Bradford,E01010752,Bradford 058A,139950,43.2,54.77,61.53,55.56,74.12,70.0,62.68,68.12,76.43,74.51,73.94,86.05,80.24,75.09,60.39,72.36,66.88,65.16,76.85,64.28,68.21,81.49,78.9,80.71,83.55,90.13,89.86,86.49,57.92,63.76,65.21,61.69,76.2,68.69,66.66,28.891,0.267,0.168,23.786,0.508,1.085,15.7,43.694,0.38,0.192,0.463,0.25,33.266,-0.306,0.812,0.591
E08000032,Bradford,E01010753,Bradford 058B,186000,39.53,61.41,56.01,54.17,76.31,65.09,63.61,66.46,76.95,68.76,71.47,84.78,78.55,73.58,58.84,71.78,61.2,63.43,74.62,62.86,66.46,80.58,83.07,79.28,85.44,90.43,89.09,87.06,55.88,67.02,59.57,60.05,76.0,65.64,66.0,11.451,0.078,0.094,10.601,0.205,-0.442,19.014,21.786,0.118,0.058,-0.695,0.224,34.017,0.551,0.186,0.07
E08000032,Bradford,E01010754,Bradford 058C,132500,39.22,57.79,55.42,56.72,73.14,65.26,62.11,66.55,75.16,68.72,72.82,83.02,78.9,73.33,56.94,68.53,57.81,60.85,70.11,61.55,63.55,80.54,80.99,78.53,84.79,88.3,88.98,86.02,54.61,63.64,57.49,59.99,72.22,65.13,63.86,20.374,0.178,0.12,10.124,0.543,-0.041,26.374,38.625,0.267,0.163,-0.634,0.215,36.152,2.12,0.688,0.499
E08000032,Bradford,E01010755,Bradford 055B,135000,51.06,60.75,63.12,49.42,73.92,76.35,64.96,69.31,81.11,75.11,71.03,83.13,81.11,75.4,62.69,79.12,70.26,64.62,78.48,66.66,70.7,82.59,81.16,82.12,80.74,92.7,90.96,87.33,61.32,70.04,67.74,58.56,76.79,72.77,68.9,51.469,0.535,0.294,64.7,1.078,1.459,16.058,8.606,0.658,0.483,1.894,0.369,31.136,0.238,-0.439,-0.181
E08000032,Bradford,E01010756,Bradford 058D,135000,40.9,47.22,57.73,55.41,75.48,67.1,60.24,67.28,70.49,70.59,69.78,84.14,79.37,72.79,57.69,64.46,59.73,59.46,72.47,61.94,63.58,81.74,78.36,81.2,84.83,91.67,90.15,87.28,55.56,56.1,59.58,58.51,74.51,66.19,63.09,19.878,0.196,0.12,13.987,0.363,0.712,22.043,22.582,0.321,0.117,-0.257,0.228,36.892,0.793,0.174,0.2
E08000032,Bradford,E01010758,Bradford 058E,232500,37.87,49.83,43.59,44.37,60.21,62.39,52.94,64.89,67.86,58.1,63.59,70.96,76.78,67.77,56.91,64.26,53.29,56.2,63.2,61.01,60.12,79.3,72.3,69.47,77.99,80.4,87.87,80.46,54.05,57.24,49.58,51.66,62.34,63.39,57.97,7.215,0.076,0.065,4.054,-0.303,-0.653,23.654,10.041,0.104,0.053,-1.344,0.167,42.085,0.114,-0.251,-0.399
E08000032,Bradford,E01010759,Bradford 058F,155125,39.08,58.3,54.54,50.37,74.19,64.29,61.25,66.3,72.81,67.38,68.11,82.56,78.27,71.99,57.42,68.53,58.68,59.42,71.96,61.7,63.99,80.96,81.37,79.41,84.14,90.39,89.4,86.71,54.85,63.78,57.53,56.18,73.6,64.71,63.64,32.736,0.273,0.181,31.035,0.899,0.928,24.97,39.915,0.361,0.273,0.693,0.29,36.401,1.709,0.859,-0.05
E08000032,Bradford,E01010760,Bradford 058G,186000,39.16,56.35,44.88,43.2,63.58,62.96,55.78,65.15,72.06,58.56,62.47,72.28,76.87,68.51,58.03,67.71,56.29,57.74,67.76,61.88,62.63,80.31,79.69,74.9,80.66,86.4,88.78,84.17,55.09,62.36,51.76,51.83,66.21,64.07,60.47,8.855,0.089,0.056,6.16,-0.104,-0.025,22.18,15.048,0.128,0.073,-1.136,0.19,39.526,0.254,0.005,-0.346
E08000032,Bradford,E01010761,Bradford 049G,172500,52.48,55.79,65.95,51.25,74.52,78.17,64.64,70.09,83.37,77.93,77.05,88.41,82.02,78.01,62.82,76.93,71.25,64.88,78.68,66.58,70.5,82.77,83.02,84.8,83.59,94.73,91.13,88.92,61.83,66.62,69.59,59.93,77.42,73.65,68.88,32.356,0.311,0.194,45.692,0.871,0.75,12.949,27.323,0.415,0.204,1.046,0.362,31.022,-0.754,0.344,0.303
E08000032,Bradford,E01010762,Bradford 055C,125000,54.02,57.06,62.83,53.87,76.1,79.11,66.11,70.35,85.02,77.22,78.51,88.81,82.15,78.65,62.8,77.7,70.37,65.09,80.06,66.53,70.96,83.26,84.86,85.55,84.66,95.07,91.55,89.65,62.19,67.7,67.75,61.28,78.84,74.06,69.76,34.895,0.367,0.161,43.297,0.502,1.136,12.742,50.698,0.531,0.224,1.009,0.35,30.157,-0.636,0.994,0.552
E08000032,Bradford,E01010763,Bradford 055D,153000,52.02,58.1,65.8,48.03,68.99,77.66,62.92,69.87,82.85,76.96,73.53,83.66,81.72,76.46,62.03,76.32,69.75,62.15,74.58,66.03,68.58,82.95,82.87,83.54,81.48,91.53,91.33,87.52,61.19,67.54,68.68,56.93,72.64,73.13,67.06,29.39,0.312,0.168,42.605,0.639,0.604,19.048,22.489,0.521,0.143,1.025,0.343,32.858,0.792,0.264,-0.052
E08000032,Bradford,E01010764,Bradford 010C,300000,35.56,22.58,35.33,41.2,40.2,58.48,38.03,58.61,61.28,55.74,64.31,67.67,70.79,63.1,51.04,45.71,42.24,48.77,46.12,53.91,48.7,76.35,70.7,71.59,81.62,84.06,84.98,81.22,48.89,34.66,39.99,46.7,44.6,57.79,45.67,5.616,0.048,0.039,3.438,-1.075,-0.741,23.534,22.724,0.096,0.026,-1.331,0.157,54.22,-3.941,0.417,-0.66
E08000032,Bradford,E01010765,Bradford 010D,175000,40.49,34.87,36.9,52.97,69.64,59.94,53.08,58.25,63.67,55.46,67.63,80.97,69.7,65.87,65.6,70.32,63.83,71.93,80.31,66.41,71.45,76.9,79.32,75.62,84.04,88.07,85.74,84.24,59.27,51.76,52.27,63.41,75.67,64.21,63.78,17.158,0.193,0.138,14.233,0.34,0.042,13.265,17.884,0.242,0.181,-0.045,0.209,36.244,-2.299,-0.015,0.112
E08000032,Bradford,E01010766,Bradford 010E,293000,40.95,42.27,56.7,51.57,62.9,64.04,54.13,59.84,76.05,69.3,72.17,82.54,72.14,69.7,58.16,59.97,57.65,57.85,63.68,59.27,60.18,76.92,80.53,78.91,85.1,90.44,85.74,85.45,54.83,51.88,57.98,56.24,64.37,62.95,58.62,3.051,0.058,0.039,3.18,-0.639,-1.251,15.388,6.237,0.135,0.027,-1.339,0.153,41.377,-3.681,-0.42,-0.706
E08000032,Bradford,E01010767,Bradford 003A,296500,33.46,42.57,30.82,61.31,58.07,57.35,51.73,51.09,54.45,37.9,64.21,69.56,63.03,58.13,62.16,62.6,56.14,70.88,67.68,59.39,64.85,75.42,73.95,74.93,84.36,86.58,83.3,82.62,54.49,52.02,44.88,66.24,63.56,59.2,59.18,11.767,0.15,0.1,4.919,-0.063,-0.043,19.238,11.608,0.16,0.138,-0.834,0.158,45.594,-3.034,-0.068,-0.816
E08000032,Bradford,E01010768,Bradford 003B,465000,32.02,34.3,29.72,57.95,55.23,55.01,47.56,50.31,47.11,35.19,59.58,63.88,61.82,54.95,57.59,54.94,51.75,65.2,62.69,56.01,59.56,75.22,67.05,73.07,82.5,84.89,83.05,80.83,51.13,44.01,41.94,61.64,59.5,56.44,54.5,3.305,0.028,0.029,0.56,-1.038,-0.927,19.741,13.373,0.022,0.038,-1.899,0.095,48.259,-4.425,-0.307,0.189
E08000032,Bradford,E01010769,Bradford 003C,303750,33.56,42.37,32.06,63.6,60.98,57.41,53.02,51.92,56.37,41.4,67.2,72.91,63.96,59.93,60.41,61.12,57.33,72.04,70.05,58.0,64.78,76.06,74.29,78.26,87.74,90.1,83.88,84.8,53.51,51.38,46.18,68.03,66.23,58.65,59.8,11.108,0.113,0.075,3.684,-0.046,-0.212,16.322,35.351,0.168,0.098,-1.011,0.148,43.511,-4.89,0.773,-0.225
E08000032,Bradford,E01010770,Bradford 005A,470000,32.07,37.91,23.73,50.37,42.62,56.42,43.36,53.03,58.21,37.78,63.34,61.81,65.09,58.27,61.41,58.62,48.0,62.42,55.5,59.81,59.26,75.52,71.11,71.4,81.82,82.1,83.49,80.34,53.98,48.06,37.44,57.29,50.11,59.14,52.92,3.048,0.031,0.03,0.64,-1.345,-1.395,21.383,11.834,0.06,0.015,-1.718,0.094,51.661,-5.575,-0.075,-0.701
E08000032,Bradford,E01010771,Bradford 003D,525000,33.43,42.01,27.05,55.96,47.93,57.85,47.52,51.94,57.72,37.84,63.29,62.48,64.24,57.75,63.28,63.72,53.22,67.68,61.58,61.33,63.38,75.78,75.71,73.97,83.88,84.44,83.67,82.16,55.32,52.37,41.68,62.28,55.59,60.43,56.7,2.458,0.026,0.028,0.884,-1.034,-1.149,19.336,6.021,0.042,0.02,-2.009,0.113,48.385,-5.837,-0.724,-0.159
E08000032,Bradford,E01010772,Bradford 005B,681388.5,37.05,46.36,32.09,59.17,56.22,61.65,52.83,56.64,67.28,51.38,72.41,70.38,68.99,64.55,66.81,65.89,55.75,71.61,68.33,64.81,67.53,76.72,73.56,73.31,86.41,88.04,84.56,83.83,59.05,56.09,45.71,66.3,63.1,64.19,61.53,1.469,0.025,0.036,0.495,-1.141,-1.764,14.426,4.87,0.028,0.01,-2.115,0.096,38.64,-2.718,-0.656,-0.431
E08000032,Bradford,E01010773,Bradford 005C,367500,40.33,58.42,36.7,63.83,68.53,63.06,61.36,58.57,78.21,57.86,79.75,81.7,70.95,70.21,66.83,70.32,58.9,74.26,75.02,64.75,70.51,77.35,79.83,76.33,90.43,92.51,85.21,87.03,60.07,64.9,49.62,70.18,72.55,64.97,66.95,5.267,0.069,0.049,1.009,-0.924,-0.428,12.732,27.097,0.088,0.059,-1.658,0.11,33.337,-1.456,0.372,0.205
E08000032,Bradford,E01010774,Bradford 005D,371995,36.15,57.44,32.73,59.5,63.35,60.59,57.78,57.41,77.43,50.91,75.34,79.01,69.65,68.21,66.0,65.61,53.69,69.37,69.72,64.27,67.12,76.62,77.7,72.69,86.92,89.4,84.56,84.72,58.45,62.32,44.86,65.57,67.43,63.5,63.59,6.399,0.109,0.063,2.929,-0.543,-0.32,14.031,11.973,0.201,0.056,-1.301,0.147,36.544,-2.003,-0.028,-1.026
E08000032,Bradford,E01010775,Bradford 024D,190000,50.38,55.79,52.73,60.18,67.2,76.45,63.07,68.6,79.24,67.52,78.72,79.97,80.38,75.35,63.42,71.48,59.49,66.15,68.27,65.3,66.76,80.65,80.21,76.52,85.64,88.25,88.69,85.99,61.53,64.07,57.19,64.54,68.48,72.12,66.09,12.122,0.126,0.075,21.981,-0.021,0.074,11.436,18.038,0.216,0.078,0.033,0.285,33.87,-2.337,0.222,-0.697
E08000032,Bradford,E01010776,Bradford 021A,162250,52.59,60.62,52.09,66.75,74.98,75.32,68.01,67.23,79.54,67.95,79.33,81.47,78.57,74.97,67.61,75.78,64.52,72.79,76.46,68.94,72.37,80.39,77.04,76.24,84.16,87.26,88.51,84.95,64.52,68.45,59.64,70.69,76.17,73.16,70.96,36.883,0.353,0.246,43.462,0.879,1.258,9.128,18.507,0.487,0.23,1.236,0.314,29.004,-1.892,0.028,0.079
E08000032,Bradford,E01010777,Bradford 021B,110000,54.4,62.15,63.92,77.1,82.89,75.71,73.4,67.13,81.09,71.88,83.23,86.73,78.36,76.67,70.29,77.82,72.3,78.91,83.87,71.29,76.86,81.16,84.29,82.72,91.2,94.01,89.39,89.81,66.63,70.21,69.06,78.46,83.7,74.42,75.59,58.647,0.484,0.354,51.907,1.62,2.209,11.484,35.994,0.546,0.466,1.321,0.367,24.341,-0.092,0.426,0.942
E08000032,Bradford,E01010778,Bradford 024E,150000,52.34,62.09,50.95,58.09,73.21,75.26,66.24,68.27,80.62,65.24,74.66,81.76,79.37,74.9,66.4,73.97,60.63,66.89,72.17,68.14,69.47,81.15,81.74,77.84,85.99,90.36,89.29,87.09,63.84,68.51,56.96,63.69,73.23,72.83,68.73,33.908,0.382,0.202,39.246,0.513,1.044,15.769,29.036,0.564,0.261,0.875,0.337,31.201,0.141,0.562,-0.174
E08000032,Bradford,E01010779,Bradford 021C,155000,51.04,56.89,59.88,68.71,81.92,73.33,69.3,65.46,78.72,74.54,80.28,88.95,77.39,75.47,68.67,75.83,71.12,74.59,83.74,70.02,75.18,80.36,81.39,81.61,86.68,93.84,88.37,88.11,64.61,66.48,66.79,72.49,83.31,72.66,72.98,32.031,0.34,0.194,37.219,0.715,1.19,9.971,21.224,0.571,0.226,1.008,0.298,26.891,-1.018,0.197,-0.033
E08000032,Bradford,E01010781,Bradford 021D,140500,49.62,56.43,53.0,62.34,72.8,73.83,64.92,66.08,80.54,70.27,78.43,84.78,78.17,75.01,65.64,71.84,63.98,68.16,74.94,67.24,69.84,79.98,79.16,76.69,83.83,90.27,88.01,85.84,62.43,64.62,59.82,66.44,74.59,71.65,68.4,33.852,0.333,0.188,56.659,0.523,1.328,9.683,15.824,0.507,0.189,1.592,0.355,31.436,-2.417,0.122,-0.713
E08000032,Bradford,E01010782,Bradford 020B,116750,54.01,55.65,69.23,79.32,88.41,74.91,73.75,66.03,77.56,76.98,85.51,90.96,77.81,76.81,71.44,77.46,74.87,81.44,88.43,72.39,78.9,80.58,81.49,82.69,90.34,93.46,88.82,88.96,67.12,66.46,72.92,80.84,88.68,74.52,76.81,42.772,0.356,0.227,50.072,1.341,1.539,11.797,37.919,0.423,0.461,1.359,0.347,23.125,0.134,0.543,0.838
E08000032,Bradford,E01010783,Bradford 021E,160000,51.61,59.07,50.67,66.89,69.95,76.9,66.11,68.44,83.51,70.99,83.42,84.16,80.46,77.37,65.76,74.96,62.12,70.97,72.49,67.21,70.14,80.91,85.0,78.25,88.49,90.97,89.02,88.08,63.29,67.5,57.85,70.17,72.04,73.23,69.23,18.121,0.199,0.138,19.901,0.176,0.265,10.259,21.052,0.33,0.135,0.051,0.262,30.771,-1.852,0.275,-0.299
E08000032,Bradford,E01010784,Bradford 018C,183500,53.18,69.17,68.78,73.91,81.5,71.42,73.87,64.44,71.75,75.09,82.37,88.03,75.92,74.12,69.6,80.39,73.63,78.2,86.27,70.19,77.54,79.61,85.0,88.04,91.73,95.07,88.16,90.07,65.54,74.5,71.99,76.67,84.35,71.74,75.93,28.73,0.245,0.17,23.202,0.683,0.85,7.443,52.023,0.332,0.2,0.761,0.192,24.009,-1.59,1.009,0.613
E08000032,Bradford,E01010785,Bradford 018D,230000,54.42,74.19,76.02,80.23,87.75,73.26,78.87,65.59,76.69,81.26,86.95,93.15,77.21,77.1,70.58,84.51,78.73,82.95,91.16,71.53,80.83,80.11,87.95,90.48,93.75,96.47,88.7,91.52,66.6,79.17,78.07,82.09,89.87,73.32,79.88,17.97,0.117,0.077,7.227,0.209,0.333,4.779,70.6,0.186,0.13,-0.2,0.12,20.072,-2.34,1.366,0.884
E08000032,Bradford,E01010786,Bradford 018E,281000,52.31,60.95,63.38,67.56,73.43,70.98,67.74,64.96,73.95,75.95,81.84,85.5,76.62,74.23,67.04,77.13,70.13,74.07,80.7,68.06,73.84,79.43,81.99,84.99,88.88,90.98,88.01,87.74,63.77,68.91,67.81,71.86,77.8,70.6,71.56,11.145,0.085,0.079,5.245,0.422,-0.009,7.156,30.037,0.069,0.075,-0.876,0.166,28.382,-2.893,0.554,-0.01
E08000032,Bradford,E01010787,Bradford 020C,239250,54.76,68.14,78.04,80.9,87.66,74.17,77.55,66.36,77.08,83.32,87.57,92.58,77.72,77.58,69.6,80.04,79.41,81.7,88.25,70.58,78.79,80.1,82.69,88.84,92.27,94.72,88.54,90.04,66.15,74.09,79.38,81.81,88.34,73.33,78.33,13.642,0.106,0.091,7.379,0.135,0.671,4.53,32.48,0.104,0.1,-0.677,0.183,21.631,-2.791,0.66,-0.093
E08000032,Bradford,E01010788,Bradford 020D,235000,55.64,70.43,81.29,85.92,93.63,75.19,81.2,66.81,80.6,85.25,90.22,96.61,78.27,79.42,70.98,83.2,83.32,86.81,93.56,72.15,82.17,80.45,84.1,90.38,94.93,97.47,88.89,91.76,67.3,76.84,82.96,86.69,93.89,74.58,81.71,20.651,0.145,0.103,6.338,0.418,0.307,4.699,71.638,0.168,0.089,-0.433,0.144,18.24,-2.134,1.428,0.767
E08000032,Bradford,E01010789,Bradford 025A,155000,55.7,64.17,78.83,82.47,90.84,75.9,78.06,67.48,80.45,83.64,87.55,93.72,78.6,78.8,71.34,80.56,82.13,84.08,90.68,72.31,80.65,80.92,85.31,90.26,94.05,96.58,89.23,91.58,67.64,72.41,81.2,83.66,91.04,75.0,79.6,37.009,0.373,0.201,26.886,0.864,0.797,6.953,66.549,0.497,0.273,0.353,0.296,20.369,-1.285,1.396,0.397
E08000032,Bradford,E01010790,Bradford 018F,302625,50.12,52.66,49.24,56.95,58.48,69.93,58.18,64.78,70.27,69.86,76.26,76.55,76.37,71.16,64.47,72.81,63.71,67.89,71.26,65.81,68.54,79.25,79.48,81.74,85.76,86.13,87.82,85.16,61.61,62.52,58.04,63.81,65.89,69.05,64.72,7.26,0.099,0.076,6.685,-0.339,-0.389,12.212,10.729,0.174,0.048,-0.504,0.159,35.233,-2.474,-0.083,-1.13
E08000032,Bradford,E01010791,Bradford 025B,188500,55.66,67.27,74.0,76.0,84.72,76.38,75.77,68.2,83.85,82.71,85.47,91.96,79.17,78.99,69.8,81.3,79.19,80.15,87.44,71.16,78.66,81.07,87.15,89.66,92.79,95.79,89.34,91.29,66.75,74.54,77.51,78.77,86.58,74.73,77.66,30.055,0.352,0.178,30.452,0.621,0.638,6.549,39.411,0.53,0.237,0.174,0.346,22.236,-1.721,0.837,0.006
E08000032,Bradford,E01010792,Bradford 025C,127000,55.34,71.08,69.76,74.13,83.63,76.19,75.9,68.22,85.14,78.33,82.78,88.64,79.15,78.12,70.33,81.25,76.21,79.67,86.9,71.44,78.51,81.31,88.03,88.58,92.46,95.7,89.53,91.31,67.02,76.58,73.92,77.52,85.65,74.78,77.57,49.244,0.458,0.225,66.396,0.751,1.172,22.458,59.163,0.56,0.373,1.336,0.462,22.352,3.063,1.217,0.408
E08000032,Bradford,E01010793,Bradford 025D,84994,55.97,74.14,67.75,71.87,82.28,76.78,75.99,68.93,87.39,78.83,81.87,89.36,79.78,78.78,71.14,82.23,75.81,79.31,86.33,72.35,78.78,81.46,89.35,87.23,92.2,95.46,89.66,91.3,67.78,78.73,72.86,76.3,84.79,75.52,77.8,38.249,0.375,0.196,33.595,0.588,0.919,20.055,65.811,0.482,0.298,0.57,0.33,22.126,2.481,1.313,0.668
E08000032,Bradford,E01010794,Bradford 043A,152750,43.61,62.21,34.48,46.27,62.25,68.61,58.32,65.92,77.58,58.7,63.7,75.04,77.31,70.29,59.31,74.85,56.19,60.65,69.12,62.41,65.06,80.12,86.58,75.01,82.07,89.32,88.38,85.96,57.01,68.79,47.24,54.68,66.44,66.93,62.9,29.648,0.31,0.205,26.871,0.596,0.996,19.801,15.12,0.532,0.162,0.024,0.33,37.025,0.107,-0.013,-0.272
E08000032,Bradford,E01010795,Bradford 043B,156500,31.97,40.81,24.97,47.08,46.53,57.21,44.83,62.83,65.72,43.82,60.03,69.35,74.87,65.32,55.15,61.41,44.4,54.49,60.3,58.85,57.58,79.23,81.44,68.74,80.03,85.12,87.69,83.16,51.31,51.18,36.25,51.72,54.66,59.86,53.2,23.709,0.19,0.119,15.516,0.283,0.515,30.904,46.019,0.291,0.125,0.186,0.194,46.726,1.247,0.957,0.223
E08000032,Bradford,E01010796,Bradford 043C,146250,37.47,43.48,31.63,47.92,56.79,64.34,50.53,64.89,69.46,53.88,62.82,72.76,76.77,68.09,57.39,66.01,50.18,57.56,63.9,60.88,60.82,80.0,81.48,72.97,81.17,87.28,88.37,84.51,54.27,54.74,42.6,53.8,61.25,64.22,57.39,38.94,0.38,0.232,38.728,0.949,0.848,28.677,30.312,0.502,0.347,0.916,0.327,42.532,1.437,0.515,0.149
E08000032,Bradford,E01010797,Bradford 043D,220000,31.8,29.51,23.72,40.65,41.31,57.83,39.07,62.23,55.74,43.65,54.13,62.18,74.14,61.51,52.24,49.59,38.21,46.65,49.58,55.72,50.26,78.68,74.16,66.79,76.24,82.59,87.11,80.55,49.33,39.66,32.38,44.63,46.57,58.62,46.77,15.547,0.12,0.079,12.933,-0.126,0.48,28.303,29.908,0.205,0.078,-0.401,0.229,53.122,-0.747,0.662,-0.545
E08000032,Bradford,E01010798,Bradford 043E,102475,35.56,43.43,32.65,53.93,60.33,62.51,52.23,64.27,71.4,52.55,65.23,77.69,76.19,69.2,57.89,66.53,51.47,60.61,68.82,61.2,62.86,79.59,83.5,70.46,81.62,88.07,88.01,84.79,54.07,55.05,43.69,58.08,65.55,63.49,59.23,30.215,0.278,0.176,30.113,0.697,0.902,20.679,36.591,0.42,0.195,0.713,0.278,40.788,-0.545,0.816,-0.275
E08000032,Bradford,E01010799,Bradford 036C,121000,45.74,67.2,47.49,57.47,78.98,71.3,67.74,67.36,83.43,73.12,76.23,89.91,79.17,76.59,61.16,78.86,67.24,67.12,78.39,64.0,70.22,80.41,86.99,82.34,86.85,94.83,88.7,89.12,58.88,73.44,59.32,63.66,79.35,69.06,69.86,37.568,0.409,0.236,39.931,0.724,0.962,18.351,29.067,0.609,0.246,0.804,0.351,30.039,1.105,0.643,-0.601
E08000032,Bradford,E01010800,Bradford 036D,115000,47.25,78.87,50.11,59.34,82.89,72.01,72.77,66.88,84.74,70.73,73.93,88.49,78.48,75.85,60.59,82.62,67.14,68.4,80.26,63.88,71.34,80.09,87.83,79.95,85.75,94.04,88.34,88.5,58.78,81.24,60.3,64.92,81.97,69.27,72.39,69.984,0.691,0.386,63.452,1.88,1.758,20.446,13.677,0.832,0.555,1.413,0.428,27.599,2.03,0.022,-0.737
E08000032,Bradford,E01010801,Bradford 036E,182500,51.09,76.85,59.57,61.04,85.22,74.1,74.36,67.86,85.81,75.94,77.07,90.6,79.3,77.44,61.87,82.42,71.65,69.23,81.95,64.53,72.48,80.53,88.8,83.77,87.75,95.9,88.72,89.91,60.59,80.15,66.99,66.3,83.98,70.6,73.75,31.565,0.368,0.188,34.769,0.242,0.926,18.326,32.845,0.492,0.188,0.436,0.354,26.175,1.643,0.75,-0.526
E08000032,Bradford,E01010802,Bradford 036F,135000,41.71,63.89,37.73,49.77,66.76,68.12,60.55,65.65,76.89,61.44,66.42,77.26,77.28,70.93,58.21,74.93,58.21,60.47,69.04,61.22,64.67,79.76,82.43,74.75,81.18,89.34,88.1,85.21,55.84,69.67,49.82,56.31,68.53,66.15,63.63,44.957,0.473,0.256,50.921,1.219,1.441,20.167,4.736,0.619,0.326,1.362,0.353,36.338,0.376,-0.586,-0.59
E08000032,Bradford,E01010803,Bradford 037A,82750,61.22,87.63,84.13,74.09,89.06,80.78,83.85,70.45,95.53,88.47,85.24,93.15,81.63,82.06,67.46,90.66,85.89,78.75,90.78,69.23,80.24,82.18,94.62,91.31,91.82,96.93,90.39,92.66,66.8,89.84,85.69,77.24,90.27,76.04,81.96,64.729,0.601,0.288,77.856,1.06,1.048,25.972,78.051,0.753,0.525,1.502,0.53,17.898,4.083,1.711,0.625
E08000032,Bradford,E01010804,Bradford 033A,179000,59.33,79.27,88.89,76.74,81.92,80.0,79.8,70.49,92.98,91.18,87.83,89.99,81.87,81.69,64.36,87.32,88.8,77.38,86.46,66.88,77.34,81.07,90.18,92.01,91.37,92.58,89.33,90.48,64.4,83.89,89.4,77.91,84.73,74.61,78.8,39.045,0.418,0.208,52.758,0.601,-0.01,14.639,60.538,0.51,0.523,0.57,0.463,21.043,1.151,1.246,0.411
E08000032,Bradford,E01010805,Bradford 030D,123472,55.57,69.61,76.46,62.0,76.53,77.38,71.65,68.93,88.74,82.58,79.34,86.58,80.41,78.23,62.59,80.44,80.89,69.01,78.77,65.15,71.93,80.57,87.0,87.56,87.87,93.59,88.78,89.28,62.21,75.65,79.48,66.78,78.27,72.48,72.45,35.403,0.316,0.197,33.211,1.001,1.397,15.938,36.315,0.396,0.238,0.255,0.359,27.425,0.823,0.81,-0.274
E08000032,Bradford,E01010806,Bradford 033B,112498.5,57.43,72.65,87.05,70.03,75.5,78.77,74.44,70.14,91.66,92.5,85.2,88.36,81.67,80.67,62.8,83.69,87.7,73.14,81.13,65.69,74.1,80.62,86.92,91.46,89.08,91.43,88.88,89.12,62.93,78.8,88.06,72.72,79.08,73.47,74.89,40.707,0.419,0.223,43.627,1.211,0.888,18.792,36.501,0.52,0.412,0.744,0.384,24.974,1.9,0.697,0.247
E08000032,Bradford,E01010807,Bradford 033C,55000,62.25,83.84,87.36,84.71,83.16,81.34,83.32,71.0,94.28,90.65,90.45,90.59,82.22,82.63,66.76,89.53,88.18,82.87,88.69,68.67,79.99,81.73,90.93,91.18,93.38,93.56,89.9,91.45,66.66,87.31,88.39,84.25,86.44,76.09,81.67,43.785,0.434,0.223,49.222,1.123,0.794,27.919,41.889,0.57,0.52,0.659,0.428,18.149,4.47,0.744,0.647
E08000032,Bradford,E01010808,Bradford 033D,120000,61.44,86.68,86.71,81.71,85.12,81.11,83.96,70.89,95.86,90.65,89.72,92.32,82.18,82.97,66.21,90.37,88.12,81.45,89.88,68.24,80.01,81.75,92.59,91.08,92.85,94.89,89.97,91.91,66.11,89.24,88.08,82.2,88.0,75.77,81.96,53.789,0.531,0.247,71.466,0.564,0.084,30.013,76.76,0.63,0.469,1.072,0.566,17.904,4.829,1.734,0.461
E08000032,Bradford,E01010809,Bradford 033E,135000,61.08,86.14,89.97,80.3,87.55,81.08,84.36,70.8,96.16,92.54,89.08,93.52,82.19,83.09,66.17,90.05,90.78,81.45,91.07,68.32,80.36,81.69,93.21,93.61,93.08,95.69,89.95,92.37,65.99,88.84,90.98,81.54,89.76,75.8,82.31,58.402,0.511,0.286,77.446,0.932,0.792,21.637,78.781,0.676,0.55,1.324,0.583,17.514,3.171,1.707,0.707
E08000032,Bradford,E01010810,Bradford 037B,160000,58.67,83.22,80.09,68.38,82.44,78.82,78.94,69.74,93.67,85.8,82.41,88.83,80.98,80.22,64.86,87.13,84.83,74.22,85.95,67.2,76.71,81.5,92.06,89.56,89.64,95.17,89.67,91.07,64.46,85.92,83.28,72.33,84.65,74.15,78.01,37.407,0.431,0.21,55.081,0.737,0.275,15.07,35.223,0.566,0.278,0.897,0.442,21.873,1.204,0.742,-0.083
E08000032,Bradford,E01010811,Bradford 037C,92500,60.82,87.23,87.7,77.0,87.08,80.46,83.73,70.38,96.06,90.51,86.32,92.06,81.6,82.12,65.99,89.7,89.23,79.25,90.55,68.17,79.69,81.81,93.7,93.12,91.98,96.09,90.05,92.31,65.76,89.25,89.1,78.82,89.21,75.4,81.63,60.246,0.593,0.27,72.465,0.975,0.657,26.27,73.51,0.691,0.615,1.179,0.547,18.234,4.135,1.654,0.288
E08000032,Bradford,E01010812,Bradford 041B,57500,63.97,87.16,82.52,82.96,86.86,81.76,85.08,71.05,94.61,87.66,87.86,92.14,82.1,82.48,67.96,89.77,84.74,81.81,89.53,69.73,80.4,82.46,93.16,91.11,93.25,96.52,90.72,92.79,67.82,89.17,84.35,82.78,88.6,76.77,82.58,72.092,0.669,0.37,92.262,0.997,0.771,29.131,66.452,0.748,0.557,2.087,0.56,17.228,4.703,1.407,0.344
E08000032,Bradford,E01010813,Bradford 037D,79000,62.1,89.59,84.22,77.59,88.52,80.98,84.99,70.52,95.7,87.7,85.11,92.05,81.63,81.9,67.48,90.79,85.83,79.68,90.99,69.24,80.47,82.2,93.82,90.61,91.19,96.19,90.42,92.2,67.02,90.94,85.66,79.2,90.07,76.14,82.53,70.466,0.633,0.357,76.264,1.38,1.139,30.451,55.585,0.679,0.622,1.249,0.595,17.314,4.935,1.042,0.828
E08000032,Bradford,E01010814,Bradford 057A,93000,54.22,64.65,56.85,71.43,92.85,71.71,75.26,72.58,84.35,71.34,83.37,95.28,82.29,81.29,67.28,79.1,66.71,76.34,88.16,69.03,76.45,86.19,86.89,82.98,90.14,96.49,94.13,92.32,65.42,72.25,62.99,74.76,90.76,71.86,76.49,50.871,0.427,0.256,57.967,1.127,1.806,14.137,56.011,0.633,0.307,1.088,0.438,23.438,0.785,1.003,1.001
E08000032,Bradford,E01010815,Bradford 057B,140000,57.22,60.17,64.93,61.22,78.0,72.32,68.62,71.8,80.79,72.83,76.39,83.09,81.5,77.29,66.35,77.71,70.77,70.22,79.69,67.89,72.88,86.3,86.22,82.97,86.75,92.58,94.34,90.43,65.39,69.11,68.71,66.81,79.22,71.54,71.66,38.087,0.416,0.218,42.025,0.902,1.197,16.254,24.87,0.572,0.352,0.826,0.364,28.31,0.784,0.067,0.67
E08000032,Bradford,E01010816,Bradford 057C,240000,46.84,48.19,33.37,55.22,67.48,64.96,57.71,70.93,69.95,54.13,70.08,76.37,80.3,72.89,62.34,64.08,49.33,61.97,67.09,64.06,63.74,85.59,77.33,74.02,83.28,88.14,93.34,86.72,60.38,56.41,42.9,59.68,67.83,66.28,62.17,13.258,0.123,0.093,17.645,-0.282,0.223,21.629,15.891,0.236,0.066,-0.094,0.253,37.867,0.458,-0.132,0.14
E08000032,Bradford,E01010817,Bradford 057D,120050,56.18,57.14,61.78,57.32,76.03,70.65,66.07,71.31,79.1,71.64,73.97,82.19,80.8,76.22,64.81,73.57,66.25,65.83,75.51,66.11,69.65,85.81,84.77,80.95,85.02,91.87,93.81,89.42,64.1,65.66,64.88,62.78,76.19,69.89,68.86,46.628,0.458,0.261,59.91,1.364,1.288,18.815,7.633,0.502,0.53,1.232,0.431,31.178,1.03,-0.679,0.014
E08000032,Bradford,E01010818,Bradford 057E,166000,55.77,54.33,54.88,51.88,70.05,69.7,62.13,70.71,75.36,67.21,70.2,77.53,80.35,73.97,64.04,69.48,62.71,62.26,70.43,65.52,66.69,86.49,83.23,79.94,83.98,89.84,94.5,88.63,63.43,62.24,59.84,58.39,70.72,69.13,65.56,17.542,0.217,0.119,22.387,0.072,-0.014,16.75,18.8,0.352,0.14,0.052,0.287,34.391,-0.22,0.048,0.066
E08000032,Bradford,E01010819,Bradford 052B,80000,57.35,67.25,55.22,66.87,77.05,74.76,71.15,71.69,81.82,65.51,78.73,83.06,81.69,77.65,66.31,81.04,65.87,73.34,79.69,68.06,73.75,85.26,89.86,79.73,89.04,92.9,93.32,90.87,65.37,74.31,61.62,70.96,78.79,72.75,73.15,80.663,0.771,0.478,90.421,2.085,2.249,19.816,15.168,0.888,0.639,2.329,0.507,26.848,1.96,-0.29,0.356
E08000032,Bradford,E01010820,Bradford 052C,:,53.76,61.29,52.05,69.58,84.05,71.7,71.16,71.44,79.25,65.2,78.99,86.1,81.25,77.68,65.88,77.84,63.5,74.1,82.61,67.53,73.8,85.32,83.8,79.45,88.42,92.84,93.29,90.08,64.27,69.67,58.97,72.53,83.56,71.07,73.18,74.234,0.648,0.4,90.801,1.807,2.282,18.124,17.595,0.894,0.571,2.339,0.51,26.793,1.509,-0.26,0.557
E08000032,Bradford,E01010821,Bradford 052D,111500,51.39,52.57,40.58,60.55,72.88,69.63,62.87,70.27,71.91,56.42,71.48,79.01,79.98,73.53,63.53,72.36,55.6,66.99,72.95,65.38,68.12,84.82,81.99,75.64,85.47,90.85,92.72,88.3,62.06,62.36,49.46,64.56,73.33,69.01,66.57,71.401,0.669,0.384,76.535,1.561,2.395,23.061,7.195,0.835,0.533,2.177,0.414,33.428,1.787,-0.573,-0.165
E08000032,Bradford,E01010822,Bradford 052E,105000,56.32,66.67,59.9,70.34,81.32,73.53,72.8,71.61,80.85,68.43,79.07,81.33,81.39,77.27,66.68,81.0,68.29,74.94,82.07,68.33,74.82,85.36,83.09,80.69,88.21,91.32,93.42,89.61,65.37,73.94,65.05,73.28,81.82,72.29,74.34,70.911,0.616,0.375,81.138,2.133,1.78,17.172,16.504,0.721,0.543,2.207,0.441,25.644,1.388,-0.3,0.512
E08000032,Bradford,E01010824,Bradford 034C,110000,59.95,63.96,67.37,72.81,76.34,78.18,72.35,69.89,83.21,75.26,78.92,82.45,80.64,77.04,67.94,80.87,74.27,75.46,80.74,69.64,75.27,81.87,86.96,84.33,90.8,91.53,89.97,89.59,66.75,72.58,71.73,74.59,78.97,74.97,74.37,62.33,0.607,0.322,56.332,1.646,1.376,27.01,37.621,0.75,0.637,1.044,0.432,25.497,3.83,0.491,0.944
E08000032,Bradford,E01010825,Bradford 032C,169975,54.04,57.23,53.84,65.0,80.56,79.01,69.11,71.59,81.41,70.05,79.8,87.13,82.88,78.58,63.95,73.94,63.83,67.62,80.47,67.23,70.99,82.85,83.84,80.34,86.66,94.3,90.46,89.26,63.11,65.99,60.1,67.43,80.97,74.4,70.96,26.366,0.38,0.167,31.108,0.064,0.817,12.763,9.545,0.587,0.147,0.678,0.293,29.04,-0.411,-0.376,-0.169
E08000032,Bradford,E01010826,Bradford 027D,198995,53.27,55.02,47.84,58.79,78.32,77.56,66.23,70.99,76.01,64.76,73.62,82.56,82.1,75.68,65.11,73.54,60.42,64.49,78.32,67.36,70.12,82.65,83.41,76.85,83.31,92.8,90.18,87.79,63.6,64.37,55.48,62.73,78.65,73.74,69.13,65.756,0.711,0.345,62.906,1.347,2.012,25.578,2.514,0.801,0.657,1.011,0.487,30.865,2.842,-0.762,-0.875
E08000032,Bradford,E01010827,Bradford 032D,123500,57.38,64.38,61.75,70.36,87.18,81.11,74.96,72.68,85.09,73.85,84.42,91.78,84.0,81.23,66.61,78.75,69.35,71.57,86.7,68.83,75.15,83.42,85.68,81.09,87.31,95.59,91.04,90.2,65.71,71.99,66.62,72.04,87.3,76.2,75.69,35.505,0.343,0.176,45.957,0.609,1.32,12.651,43.811,0.461,0.213,1.016,0.368,24.234,0.268,0.936,0.061
E08000032,Bradford,E01010828,Bradford 035A,110000,59.3,72.89,66.71,75.25,86.38,82.35,78.5,72.85,90.83,79.46,88.35,92.33,84.28,82.93,65.83,82.77,74.07,75.86,87.67,68.79,76.69,83.24,90.84,85.5,91.36,95.93,91.09,91.91,65.66,78.49,71.49,76.56,87.46,76.78,78.04,54.872,0.498,0.294,53.063,1.256,1.224,13.111,68.661,0.657,0.362,1.401,0.363,21.91,0.64,1.214,1.32
E08000032,Bradford,E01010829,Bradford 035B,107000,61.2,74.38,61.24,74.25,78.86,79.63,76.24,71.81,88.84,74.0,85.62,87.17,82.53,80.66,66.73,82.1,70.81,76.46,83.53,69.17,75.8,83.11,89.47,82.78,91.21,94.68,91.11,91.21,66.52,78.88,67.18,76.22,81.74,75.57,76.49,54.552,0.52,0.255,58.499,1.07,1.432,23.794,59.359,0.726,0.46,0.945,0.46,23.478,3.296,1.113,0.884
E08000032,Bradford,E01010830,Bradford 035C,97000,63.13,77.28,60.89,75.71,80.04,79.53,77.87,71.75,89.47,72.54,85.63,85.22,82.28,80.35,68.67,82.78,71.75,78.9,84.2,70.62,77.21,83.26,89.75,83.09,92.34,94.88,91.35,91.62,68.18,80.72,67.49,78.04,82.51,76.18,77.86,57.206,0.516,0.235,70.939,1.089,1.483,22.169,69.587,0.641,0.612,1.465,0.473,22.115,3.009,1.339,0.892
E08000032,Bradford,E01010831,Bradford 035D,120000,61.16,73.36,62.35,73.97,81.19,80.42,76.73,72.62,89.8,76.4,88.14,90.21,83.69,82.2,66.35,82.1,71.12,75.12,84.28,68.78,75.65,83.39,91.45,84.28,91.81,95.6,91.29,91.97,66.39,78.39,67.92,75.63,83.32,75.84,76.73,52.262,0.513,0.246,64.752,0.819,0.996,23.926,60.697,0.629,0.575,1.197,0.471,23.187,3.351,1.191,0.682
E08000032,Bradford,E01010832,Bradford 035E,96500,60.83,73.15,63.52,74.13,84.98,81.61,77.95,72.75,88.4,75.21,86.33,89.84,83.87,81.71,66.66,82.68,71.76,74.61,86.31,69.09,76.32,83.42,89.73,83.29,90.2,95.15,91.19,91.25,66.53,78.45,68.72,75.31,86.02,76.54,77.53,45.942,0.46,0.226,57.768,1.164,0.69,22.879,47.279,0.551,0.384,0.718,0.486,22.362,3.165,0.92,0.51
E08000032,Bradford,E01010833,Bradford 041C,:,63.81,79.13,69.07,72.07,84.48,81.45,79.66,70.89,90.19,79.95,83.66,90.1,81.72,80.63,67.64,86.32,75.92,76.21,88.52,69.6,78.24,82.69,88.09,85.43,89.86,95.81,90.84,91.1,67.56,83.25,73.53,75.0,86.92,76.53,79.13,62.595,0.577,0.3,79.825,1.102,1.194,30.778,48.352,0.725,0.702,1.564,0.535,20.75,4.844,0.825,0.964
E08000032,Bradford,E01010834,Bradford 044A,198500,67.06,81.92,71.76,83.14,90.0,82.84,84.74,71.83,90.48,79.37,89.05,92.53,82.46,82.4,71.43,89.64,80.64,85.89,92.21,73.36,82.91,83.89,89.86,88.3,94.14,96.55,92.06,93.0,70.85,86.15,77.2,84.95,91.38,78.99,83.74,54.89,0.422,0.238,34.068,1.929,1.863,25.849,72.906,0.642,0.443,0.122,0.376,16.083,4.133,1.337,1.217
E08000032,Bradford,E01010835,Bradford 044B,124000,,,,,,,,,,,,,,,,,,,,,,,,,,,,,,,,,,,,,,,,,,,,,,,,,,,
E08000032,Bradford,E01010836,Bradford 044C,110000,65.27,82.27,70.68,76.18,84.69,82.04,81.64,71.21,89.09,79.13,86.67,90.11,81.94,81.11,68.79,89.05,78.39,79.78,89.24,70.76,79.99,83.42,86.81,86.41,90.89,94.49,91.49,91.1,68.66,86.0,75.52,78.76,87.37,77.36,80.87,46.609,0.476,0.199,51.79,0.549,0.872,26.075,80.202,0.724,0.595,0.725,0.439,19.03,4.055,1.632,0.978
E08000032,Bradford,E01010837,Bradford 044D,116132.5,62.74,79.7,70.44,74.63,85.9,81.9,80.65,70.95,92.28,80.91,85.46,91.03,82.05,81.43,66.69,87.64,76.07,76.65,89.92,68.9,78.55,83.22,90.19,85.86,90.93,96.35,91.4,91.93,66.71,84.22,74.23,76.46,88.31,76.44,79.75,50.877,0.513,0.255,67.889,0.377,0.645,15.566,75.168,0.656,0.428,0.881,0.561,20.184,1.463,1.667,0.429
E08000032,Bradford,E01010838,Bradford 044E,80000,63.2,80.49,72.36,75.73,88.2,82.38,81.93,71.2,91.9,82.12,86.89,91.85,82.35,81.9,66.93,89.15,79.46,78.0,90.51,69.51,79.42,83.67,89.45,86.75,90.3,95.46,91.78,91.64,67.01,85.26,76.93,77.71,89.68,76.97,80.76,53.331,0.557,0.249,62.501,0.52,0.655,24.069,79.013,0.632,0.531,0.79,0.518,19.117,3.65,1.689,0.754
E08000032,Bradford,E01010839,Bradford 044F,77500,63.27,81.84,73.29,75.82,90.4,82.71,83.05,71.37,92.25,82.52,87.35,93.56,82.56,82.4,67.05,89.23,80.42,78.04,90.66,69.59,79.55,84.14,89.68,87.14,90.72,96.47,92.27,92.24,67.12,86.02,77.86,77.8,90.83,77.17,81.31,66.444,0.615,0.296,72.807,1.059,1.387,25.707,81.829,0.768,0.544,1.229,0.541,18.555,4.007,1.562,1.29
E08000032,Bradford,E01010840,Bradford 034D,90000,63.48,85.99,86.67,87.54,83.9,81.73,84.81,71.51,95.81,91.03,92.58,91.98,82.75,83.69,67.94,90.53,88.58,84.8,89.13,69.76,81.04,82.01,91.36,91.89,94.73,93.78,90.19,91.99,67.76,88.95,88.32,86.59,87.06,76.82,82.9,64.544,0.611,0.289,77.455,1.482,0.447,27.495,66.429,0.723,0.592,1.312,0.593,16.892,4.436,1.338,0.617
E08000032,Bradford,E01010841,Bradford 034E,:,64.67,79.57,80.48,86.57,85.35,80.99,83.17,71.42,93.0,86.84,90.22,91.45,82.31,82.69,69.94,89.72,86.61,85.73,90.66,71.65,82.13,82.49,92.56,89.83,94.7,95.02,90.66,92.54,69.3,85.08,84.45,86.44,88.45,77.33,82.73,55.636,0.483,0.237,73.295,0.901,0.913,31.615,75.713,0.589,0.55,1.171,0.56,17.082,5.116,1.568,0.721
E08000032,Bradford,E01010842,Bradford 039E,102500,66.11,82.67,77.35,83.5,85.96,81.83,83.8,71.6,93.12,85.0,89.6,91.07,82.32,82.6,69.89,89.76,83.72,83.47,89.41,71.58,81.33,82.89,92.67,89.17,93.77,95.04,91.13,92.47,69.61,86.73,81.47,83.96,88.08,77.68,82.56,64.594,0.63,0.317,74.849,1.022,1.162,37.623,37.624,0.77,0.627,1.248,0.561,17.311,6.049,0.566,0.752
E08000032,Bradford,E01010843,Bradford 041D,:,65.44,87.86,81.0,85.52,86.02,82.37,85.69,71.36,93.78,86.74,88.99,90.65,82.3,82.44,68.91,90.81,84.71,83.77,89.74,70.66,81.31,82.88,91.96,90.75,94.66,96.1,91.16,92.98,68.8,89.94,83.64,84.93,88.25,77.5,83.29,68.107,0.66,0.316,81.544,1.076,0.449,29.511,75.103,0.786,0.789,1.474,0.602,16.52,4.792,1.591,0.591
E08000032,Bradford,E01010845,Bradford 059B,131000,52.47,64.36,58.2,52.1,75.98,76.88,67.08,69.44,83.27,71.88,71.55,82.5,81.05,75.67,62.5,79.84,66.54,64.05,78.67,66.25,70.55,83.0,81.03,80.62,81.37,91.66,91.37,87.22,61.53,72.36,63.5,59.47,77.77,72.82,69.69,56.155,0.534,0.312,52.973,1.79,1.796,20.164,7.014,0.619,0.605,1.154,0.397,30.254,1.556,-0.549,-0.227
E08000032,Bradford,E01010846,Bradford 055E,131500,54.41,68.63,63.1,57.4,76.74,78.96,70.1,70.25,86.61,75.65,75.53,84.41,81.91,77.58,63.09,81.1,68.93,66.19,79.41,66.82,71.6,83.68,84.47,83.15,84.14,92.43,92.04,88.76,62.46,75.31,67.04,63.11,78.59,74.11,71.6,32.74,0.343,0.199,43.28,0.697,1.185,11.376,15.902,0.52,0.2,1.002,0.351,28.32,-0.751,-0.078,0.02
E08000032,Bradford,E01010847,Bradford 054A,134000,58.1,78.22,66.03,68.58,83.27,81.51,77.53,71.4,90.93,78.44,81.9,88.83,82.72,80.54,65.61,85.85,73.02,73.0,85.84,68.55,76.16,84.59,86.93,84.41,86.99,93.3,92.82,90.26,65.05,82.61,70.6,71.78,84.97,76.15,77.19,27.889,0.298,0.151,32.827,0.198,0.844,14.962,42.659,0.455,0.191,0.468,0.335,22.747,1.094,0.856,0.297
E08000032,Bradford,E01010848,Bradford 054B,145000,57.18,73.91,67.29,65.53,82.61,81.13,75.51,71.35,90.45,79.39,81.54,89.81,82.86,80.58,64.89,84.49,73.66,71.49,85.29,68.13,75.33,84.45,86.43,85.04,86.98,94.23,92.75,90.47,64.38,79.74,71.53,69.69,84.45,75.79,75.95,27.977,0.258,0.14,26.596,0.301,0.854,16.561,55.599,0.384,0.19,0.32,0.298,24.022,1.401,1.016,0.913
E08000032,Bradford,E01010849,Bradford 059C,132750,55.78,70.51,63.49,61.14,81.36,78.61,72.81,70.56,86.36,74.82,76.75,87.04,81.86,78.28,64.01,82.54,69.1,67.63,82.19,67.27,73.1,84.35,84.9,82.59,84.87,94.01,92.57,89.62,63.39,76.9,67.26,65.53,82.18,74.16,73.52,17.125,0.188,0.101,18.365,0.089,0.471,11.674,30.238,0.366,0.072,-0.094,0.261,26.428,-0.332,0.488,0.23
E08000032,Bradford,E01010850,Bradford 059D,115000,51.43,57.93,55.82,50.26,78.74,75.31,65.43,69.07,78.76,70.23,69.54,84.46,80.63,74.83,62.71,77.94,66.02,64.69,81.18,66.54,71.03,83.26,81.4,81.25,82.26,94.41,91.51,88.36,61.38,67.93,62.14,58.83,80.37,72.2,69.22,68.569,0.596,0.362,86.411,1.646,2.429,17.673,14.659,0.789,0.379,2.307,0.471,30.751,0.785,-0.132,-0.01
E08000032,Bradford,E01010851,Bradford 059E,145500,53.37,58.77,55.91,52.74,79.38,75.97,66.63,69.61,80.98,70.19,72.13,84.65,80.88,75.83,62.89,77.61,63.75,63.99,79.67,66.42,70.44,84.2,84.2,81.92,84.66,94.47,92.42,89.55,62.0,68.35,60.95,59.76,79.91,72.47,69.47,24.571,0.198,0.144,26.194,0.083,1.26,16.413,35.494,0.32,0.093,0.426,0.28,30.476,0.47,0.596,0.468
E08000032,Bradford,E01010852,Bradford 054C,112500,60.01,85.26,63.85,68.69,82.44,81.98,79.42,71.48,91.71,75.55,82.24,88.17,82.44,80.54,66.93,87.84,71.74,73.82,84.87,69.38,76.8,85.42,87.56,82.44,87.35,92.62,93.6,90.39,66.33,87.19,68.87,72.26,84.07,76.73,78.28,34.182,0.396,0.202,37.145,0.731,0.664,12.854,37.035,0.524,0.237,0.688,0.345,21.666,0.585,0.695,0.312
E08000032,Bradford,E01010853,Bradford 054D,149500,57.7,73.14,63.1,64.46,77.92,81.5,73.66,71.39,90.57,77.36,81.53,87.24,82.85,80.15,64.85,83.85,70.96,69.82,81.63,67.81,73.89,84.38,86.53,84.21,86.6,92.84,92.61,89.92,64.48,79.06,68.19,68.41,80.37,75.81,74.42,23.753,0.288,0.13,26.739,0.483,0.408,15.802,30.206,0.403,0.14,0.312,0.3,25.558,1.02,0.63,-0.292
E08000032,Bradford,E01010854,Bradford 023A,154997.5,36.47,41.77,37.29,51.14,64.11,58.77,52.3,54.21,57.36,47.8,66.29,75.64,66.77,61.75,48.57,54.99,48.57,62.08,71.39,54.22,58.28,75.88,76.52,69.71,83.96,86.13,84.91,82.74,46.89,48.49,43.95,57.68,68.44,57.74,56.27,24.349,0.193,0.125,20.643,0.393,0.415,24.955,50.244,0.309,0.171,0.423,0.22,43.769,0.114,1.084,0.092
E08000032,Bradford,E01010855,Bradford 023B,187875,27.4,35.95,22.85,35.95,37.54,47.68,37.11,48.66,51.71,36.35,52.16,54.96,61.62,52.21,39.15,47.1,32.46,44.55,46.91,46.3,43.85,74.5,72.22,62.54,77.5,76.63,83.72,77.3,38.05,41.76,28.64,41.42,43.17,48.54,41.9,20.472,0.131,0.097,15.685,0.266,0.015,28.289,53.248,0.214,0.133,0.257,0.186,58.106,-1.932,1.199,-0.192
E08000032,Bradford,E01010856,Bradford 023C,148750,35.95,34.95,45.65,57.44,69.77,57.48,53.4,51.03,51.43,47.81,66.24,74.92,64.22,59.18,46.43,52.51,47.91,61.99,73.3,52.08,57.47,75.33,74.53,68.98,83.46,83.76,84.44,81.51,44.95,43.54,47.19,60.35,71.91,55.94,56.08,24.239,0.191,0.126,16.86,0.324,0.787,22.597,50.084,0.277,0.163,0.302,0.194,43.851,-0.685,1.139,-0.252
E08000032,Bradford,E01010857,Bradford 023D,222500,28.65,28.18,30.29,39.88,39.46,49.12,36.92,49.97,47.2,42.84,58.68,60.13,63.31,54.33,38.86,39.2,37.43,46.31,46.93,46.16,42.89,75.12,65.58,63.54,76.43,75.28,84.19,76.23,38.33,34.06,34.75,44.48,44.3,49.27,41.49,17.064,0.111,0.084,11.32,-0.157,0.046,34.088,42.528,0.168,0.078,-0.056,0.172,58.439,0.198,1.01,-0.682
E08000032,Bradford,E01010858,Bradford 023E,186000,23.92,39.24,26.52,38.56,22.04,45.46,33.3,49.84,48.33,39.4,55.53,46.5,63.08,51.6,35.01,36.75,36.81,43.47,33.61,43.41,37.23,75.84,68.09,64.97,77.21,72.62,85.0,76.22,34.78,38.88,32.67,42.28,29.11,46.29,36.87,16.342,0.101,0.071,6.117,-0.118,-0.409,37.561,47.964,0.16,0.079,-0.523,0.151,63.022,0.555,1.039,0.053
E08000032,Bradford,E01010859,Bradford 012E,197500,43.55,62.34,39.58,48.75,47.33,68.02,54.51,55.68,83.25,58.75,81.11,77.05,67.76,68.8,51.39,66.92,53.42,62.59,63.46,55.86,59.53,73.67,80.74,73.04,85.58,85.86,82.79,82.85,50.48,65.77,47.94,58.04,56.99,62.81,58.37,14.99,0.155,0.096,21.044,0.371,-0.201,18.316,13.823,0.294,0.074,0.389,0.23,41.588,-1.748,-0.046,-0.376
E08000032,Bradford,E01010860,Bradford 014B,162500,34.11,41.5,23.13,37.99,36.52,60.45,40.99,53.46,68.07,45.76,64.5,61.2,65.76,60.08,47.28,55.0,43.72,54.31,51.73,52.71,51.37,73.66,74.7,66.42,79.78,78.72,82.82,78.56,45.43,48.92,35.17,48.05,45.45,57.72,48.0,14.514,0.117,0.08,8.037,-0.264,0.072,25.712,41.461,0.193,0.091,-0.479,0.176,51.979,-1.549,0.977,-0.589
E08000032,Bradford,E01010861,Bradford 023F,217000,35.39,40.44,26.71,44.04,53.4,58.18,46.86,54.02,56.94,42.7,61.6,67.89,66.4,59.46,49.76,56.44,48.25,61.84,68.48,55.3,58.18,75.26,73.14,65.52,80.26,82.65,84.26,80.14,47.38,48.39,39.03,54.13,61.78,57.94,53.86,10.207,0.085,0.081,7.663,-0.111,-0.756,23.924,22.302,0.169,0.051,-0.797,0.194,46.347,-0.838,0.286,-0.147
E08000032,Bradford,E01010862,Bradford 014C,170000,32.0,40.7,24.02,41.24,40.33,58.5,42.02,52.41,65.41,43.87,63.1,61.71,65.01,59.02,48.34,57.16,47.53,58.47,57.54,53.65,54.4,73.99,74.61,66.17,80.83,79.58,83.16,79.13,45.49,49.29,37.53,51.39,50.1,57.2,49.91,14.047,0.148,0.087,11.825,0.055,-0.197,27.513,16.547,0.227,0.166,-0.345,0.212,50.162,-0.433,0.144,-0.634
E08000032,Bradford,E01010863,Bradford 014D,183750,35.92,47.48,30.35,43.38,45.32,61.68,46.84,53.11,68.79,47.7,66.57,66.59,65.64,61.27,48.68,59.24,47.78,58.49,58.75,53.85,55.19,74.37,79.16,69.37,83.89,83.67,83.5,81.75,46.68,53.91,40.53,52.59,53.2,58.8,52.44,9.683,0.097,0.064,6.258,-0.207,-0.367,23.964,22.239,0.164,0.064,-0.576,0.159,47.718,-1.164,0.407,-0.718
E08000032,Bradford,E01010864,Bradford 059F,134000,50.64,51.98,44.86,45.68,73.01,72.81,60.48,68.41,74.61,63.83,66.82,80.33,79.63,72.65,61.01,69.96,56.68,59.11,74.7,64.75,66.15,83.81,80.1,79.49,82.65,92.32,92.02,87.8,60.02,61.17,52.16,53.91,74.33,70.14,64.51,40.856,0.387,0.253,48.766,1.057,1.329,20.002,11.959,0.536,0.32,1.302,0.347,35.554,0.507,-0.203,-0.206
E08000032,Bradford,E01010865,Bradford 060D,165000,50.95,36.87,30.89,37.17,63.2,64.85,50.6,68.22,61.61,53.12,63.12,76.22,78.15,69.21,66.18,64.95,56.95,62.42,72.5,68.18,67.13,86.56,77.08,75.89,82.89,90.98,94.59,87.91,63.37,50.41,45.9,51.57,68.62,67.99,60.81,20.861,0.174,0.124,28.091,0.316,0.05,22.837,32.677,0.29,0.137,0.338,0.309,39.21,0.523,0.531,0.364
E08000032,Bradford,E01010866,Bradford 060E,115000,52.49,42.77,44.07,45.89,68.64,70.02,56.67,69.18,68.51,61.83,68.46,79.87,79.47,72.3,66.53,72.75,64.27,65.64,77.86,68.84,70.75,86.16,79.85,78.98,84.58,92.43,94.22,89.0,64.08,57.21,55.83,57.33,73.94,70.77,65.37,21.342,0.209,0.123,24.125,0.162,0.19,20.989,38.564,0.466,0.094,0.578,0.236,34.627,0.987,0.812,0.028
E08000032,Bradford,E01010867,Bradford 059G,150000,51.49,53.97,46.91,41.63,59.95,71.51,56.48,68.56,74.58,63.32,65.42,74.09,79.44,71.44,62.67,71.82,59.69,57.18,67.31,65.43,64.96,84.29,81.08,77.21,80.05,88.81,92.38,86.35,61.29,63.01,54.64,51.1,64.44,69.85,62.2,31.863,0.31,0.176,45.188,0.643,1.239,21.539,11.248,0.458,0.161,1.155,0.343,37.754,0.459,-0.518,0.265
E08000032,Bradford,E01010868,Bradford 061A,187500,49.25,49.55,53.45,51.97,67.15,69.44,59.01,68.85,70.1,69.04,70.73,78.29,79.45,72.6,64.8,75.76,66.51,66.21,78.64,67.45,70.99,85.09,79.52,80.6,83.61,90.47,93.1,87.88,62.2,62.14,61.34,60.41,73.58,69.85,66.45,54.23,0.525,0.328,57.946,1.045,1.727,17.27,22.651,0.803,0.272,1.45,0.388,33.537,0.134,0.177,0.201
E08000032,Bradford,E01010869,Bradford 061B,135000,49.14,52.47,58.2,57.89,76.49,69.16,63.78,68.57,69.97,70.82,72.5,82.93,79.11,73.5,64.87,77.29,68.85,68.83,83.78,67.66,73.09,85.55,80.25,83.2,85.46,93.16,93.52,89.43,62.18,64.32,64.71,64.39,80.59,69.79,69.53,33.56,0.307,0.191,36.745,0.855,1.006,16.774,39.182,0.486,0.198,0.87,0.317,30.415,0.586,0.729,0.422
E08000032,Bradford,E01010870,Bradford 061C,150000,46.28,50.4,48.56,54.01,70.2,66.49,59.59,67.4,67.38,62.83,69.11,76.85,77.8,70.83,61.85,70.87,59.54,61.8,76.1,64.4,67.41,85.77,77.23,80.19,83.45,90.79,93.74,87.92,59.44,60.35,55.25,59.0,73.6,66.94,64.67,16.206,0.155,0.119,16.516,0.292,0.028,16.494,21.986,0.243,0.176,-0.062,0.237,35.315,-0.549,0.35,-0.437
E08000032,Bradford,E01010871,Bradford 061D,172000,47.07,56.08,58.81,60.3,80.11,68.46,65.92,68.02,72.11,70.22,72.78,85.7,78.6,73.99,64.45,78.32,70.05,70.68,86.84,67.39,74.23,85.93,81.36,83.57,86.01,93.33,93.9,89.86,61.38,66.77,65.59,66.37,83.89,69.3,71.01,31.101,0.249,0.158,33.17,0.724,1.218,12.624,49.046,0.407,0.146,0.895,0.278,29.019,-0.453,0.929,0.648
E08000032,Bradford,E01010872,Bradford 061E,143000,44.81,55.82,53.05,54.51,71.77,66.65,61.6,67.27,73.06,67.17,69.62,81.67,77.72,72.49,63.08,74.48,66.19,66.11,80.28,65.95,70.51,86.06,83.54,82.32,84.8,92.16,94.04,89.48,59.89,65.04,60.93,61.37,76.65,67.73,67.23,48.048,0.477,0.275,48.892,1.193,1.805,18.825,15.886,0.646,0.269,1.31,0.347,32.812,0.735,-0.057,-0.035
E08000032,Bradford,E01010873,Bradford 061F,215000,45.78,54.84,54.31,57.43,77.43,67.66,63.83,67.82,72.19,67.57,72.38,83.81,78.34,73.47,62.58,74.79,65.14,66.76,82.84,65.62,71.1,86.37,81.87,83.33,86.39,93.79,94.37,90.29,59.86,64.61,60.92,63.16,80.59,68.09,68.5,16.059,0.153,0.101,20.582,0.47,0.468,12.532,12.641,0.322,0.085,0.172,0.255,31.539,-1.047,-0.12,-0.338
E08000032,Bradford,E01010874,Bradford 059H,128000,51.26,53.51,46.39,44.3,71.31,72.66,60.27,68.41,74.41,63.45,66.22,78.93,79.52,72.28,61.45,71.16,57.59,59.0,73.49,64.96,66.21,83.99,80.71,79.09,82.1,91.66,92.18,87.59,60.44,62.48,53.29,53.21,72.89,70.16,64.43,44.568,0.438,0.247,52.732,1.342,1.315,22.736,9.875,0.581,0.37,1.515,0.34,35.588,1.28,-0.49,0.068
E08000032,Bradford,E01033689,Bradford 020E,110000,55.25,64.02,75.06,85.87,93.31,74.39,78.99,65.57,76.8,77.1,87.22,92.47,77.01,76.95,71.5,78.76,78.42,85.67,93.27,72.4,81.16,80.2,81.93,85.55,93.61,96.26,88.6,90.57,67.37,71.37,77.34,85.88,93.39,74.22,80.09,49.746,0.385,0.268,45.988,2.135,1.581,10.989,36.829,0.707,0.333,1.686,0.235,19.863,0.182,0.448,0.971
E08000032,Bradford,E01033690,Bradford 039G,58000,67.88,64.07,73.04,87.19,95.7,82.38,82.47,72.19,80.21,80.23,88.88,94.17,82.36,81.41,73.92,85.41,83.81,89.08,96.05,75.8,84.75,83.85,85.57,87.02,95.08,98.22,92.06,93.17,72.68,74.42,79.49,88.26,95.95,79.91,83.72,49.203,0.279,0.218,29.742,1.738,2.159,37.241,57.718,0.432,0.59,0.973,0.226,16.135,6.022,0.862,1.697
E08000032,Bradford,E01033691,Bradford 039H,:,67.68,71.26,73.33,87.21,94.09,82.53,83.93,72.13,87.18,82.29,90.65,94.83,82.59,82.78,72.55,87.33,84.38,88.21,94.66,74.4,84.07,83.61,89.24,88.89,95.29,97.79,91.84,93.48,71.74,79.39,79.99,87.97,94.56,79.34,84.06,65.121,0.581,0.333,42.277,1.406,2.067,44.005,41.331,0.642,0.773,0.687,0.381,15.805,7.053,0.407,1.483
E08000032,Bradford,E01033692,Bradford 039I,55000,67.16,68.81,70.0,85.08,90.0,81.74,81.39,72.47,82.86,75.9,86.88,89.3,82.65,80.73,73.0,85.96,79.51,87.45,92.58,74.83,83.18,83.82,85.3,83.31,92.16,95.26,91.9,91.43,71.96,77.28,75.71,86.39,91.4,79.19,82.41,69.036,0.608,0.373,37.014,2.004,1.609,36.113,48.058,0.7,0.654,0.887,0.316,17.449,5.812,0.545,1.765
E08000032,Bradford,E01033693,Bradford 039J,75250,65.42,69.82,72.1,82.85,88.57,80.8,80.58,71.5,84.54,79.3,86.18,90.13,81.99,80.55,71.06,84.9,80.62,83.9,90.76,72.83,81.27,83.08,89.25,87.52,94.03,96.58,91.23,92.59,70.2,77.45,77.33,83.63,89.89,77.77,81.07,60.742,0.539,0.27,64.924,1.204,1.38,29.499,69.911,0.674,0.607,1.164,0.478,18.791,4.709,1.224,1.39
E08000032,Bradford,E01033694,Bradford 020F,194079,55.15,76.09,78.03,85.15,92.22,74.05,81.85,65.68,78.49,80.84,88.13,94.05,77.22,77.72,71.05,83.51,80.03,85.31,92.9,71.79,81.69,80.06,85.64,89.77,94.53,97.36,88.54,91.64,67.08,79.83,79.62,85.46,92.79,73.8,81.58,20.819,0.173,0.103,11.507,0.559,-0.13,5.813,65.437,0.253,0.224,0.12,0.146,18.36,-1.576,1.238,0.916
E08000032,Bradford,E01033695,Bradford 049H,170750,49.48,58.34,66.03,47.67,66.75,75.67,61.7,68.47,75.07,75.4,68.03,77.21,80.34,72.69,61.87,76.2,70.8,62.58,73.53,65.92,68.35,82.02,77.27,81.66,79.36,89.64,90.36,85.5,60.32,67.2,69.29,56.56,70.78,72.05,66.15,18.241,0.244,0.121,22.623,0.176,0.304,15.878,8.611,0.319,0.209,0.331,0.256,33.743,-0.367,-0.484,-0.102
E08000032,Bradford,E01033696,Bradford 049I,178625,47.83,51.61,63.18,48.86,60.13,74.77,57.7,68.73,75.94,74.81,71.54,77.92,80.78,73.63,61.44,73.44,69.35,63.07,71.42,65.27,67.18,81.94,77.38,81.21,81.69,89.33,90.31,85.88,59.72,62.54,67.26,57.59,66.78,71.38,64.02,18.04,0.208,0.121,20.805,0.463,-0.013,15.864,15.627,0.381,0.108,0.066,0.27,35.859,-0.921,0.098,-0.617
E08000032,Bradford,E01033697,Bradford 049J,96500,59.88,71.53,64.63,70.16,87.09,80.34,77.2,70.53,89.88,77.5,83.37,92.0,81.7,80.66,65.11,84.11,72.38,73.87,90.47,67.57,76.93,83.3,88.09,84.54,89.39,96.43,91.53,91.37,65.01,78.29,69.62,73.0,89.17,75.07,77.46,57.474,0.57,0.283,61.659,0.877,1.112,22.45,67.114,0.689,0.541,0.792,0.51,22.422,3.052,1.53,-0.071
E08000033,Calderdale,E01010875,Calderdale 019A,252500,53.22,70.96,45.18,58.19,74.13,66.71,67.89,65.46,81.16,68.39,71.72,86.03,74.89,73.6,62.01,79.57,62.23,65.84,79.39,64.67,70.52,84.87,90.17,81.77,84.96,93.49,93.06,90.18,60.83,75.59,55.45,62.99,77.48,66.92,69.83,5.064,0.054,0.044,3.763,-0.604,-0.448,10.051,24.319,0.082,0.053,-1.357,0.163,30.153,-1.766,0.343,-0.051
E08000033,Calderdale,E01010876,Calderdale 019B,190000,54.79,59.18,60.33,66.79,81.04,67.28,69.2,65.57,74.54,72.72,74.06,88.24,74.95,73.56,63.86,77.5,68.69,69.75,83.22,66.45,72.71,85.34,87.58,84.37,85.61,94.6,93.5,90.66,62.37,68.17,65.6,68.81,82.62,68.02,71.5,9.559,0.091,0.072,8.237,-0.093,-0.225,8.272,30.658,0.197,0.067,-1.013,0.211,28.465,-2.201,0.613,-0.152
E08000033,Calderdale,E01010877,Calderdale 019C,135000,54.1,51.34,57.47,62.23,74.1,65.1,63.76,65.49,68.08,71.47,71.04,83.57,74.46,71.33,62.33,71.63,66.98,67.08,79.56,64.58,69.69,85.12,84.96,84.75,84.74,92.37,93.35,89.5,61.23,61.2,63.41,65.29,77.43,66.11,67.57,26.566,0.241,0.17,20.774,0.62,0.435,12.438,49.17,0.353,0.151,0.294,0.241,32.459,-1.334,0.972,0.487
E08000033,Calderdale,E01010878,Calderdale 015A,102475,55.4,47.96,68.32,71.69,89.5,66.99,69.93,65.74,67.56,75.37,75.77,92.76,75.05,73.76,64.9,74.09,73.09,73.61,89.25,67.36,74.84,86.0,85.51,86.49,87.19,96.49,94.18,91.68,63.2,60.46,71.51,72.95,89.68,68.32,72.92,28.462,0.235,0.155,24.929,0.462,0.755,9.806,62.541,0.366,0.186,0.536,0.251,27.107,-1.132,1.173,0.925
E08000033,Calderdale,E01010879,Calderdale 015B,185000,49.63,43.17,43.33,53.49,64.72,60.03,55.48,65.06,60.49,64.47,68.71,82.09,74.46,69.37,59.66,58.15,56.88,60.81,71.63,62.24,63.03,86.52,78.68,78.36,83.98,91.18,94.73,88.5,58.46,50.74,51.63,58.26,69.16,62.7,60.63,15.45,0.152,0.116,8.389,-0.06,0.23,16.069,33.722,0.21,0.108,-0.504,0.183,39.203,-1.979,0.35,0.907
E08000033,Calderdale,E01010880,Calderdale 019D,148700,52.77,64.3,49.44,60.28,72.68,67.04,66.19,65.23,76.59,67.41,71.39,82.72,74.8,72.26,62.89,76.61,63.56,66.02,77.56,65.3,69.95,84.78,85.51,79.56,83.06,90.97,92.93,88.4,61.26,70.58,57.96,63.96,75.75,67.36,68.75,52.651,0.463,0.321,50.525,1.905,1.322,17.555,16.157,0.569,0.431,1.194,0.376,31.317,0.644,-0.112,0.128
E08000033,Calderdale,E01010881,Calderdale 004A,216500,34.3,44.78,29.08,47.48,45.14,50.4,45.31,45.2,55.78,43.65,65.62,64.45,56.52,54.6,48.51,55.09,43.26,55.75,59.6,51.92,53.89,75.45,72.89,65.21,79.24,78.53,85.27,78.86,45.1,50.03,37.4,52.94,53.44,51.99,50.61,18.239,0.212,0.114,8.817,-0.046,-0.17,25.554,37.124,0.339,0.151,-0.216,0.157,49.038,-0.875,0.851,-0.428
E08000033,Calderdale,E01010882,Calderdale 004B,230000,34.92,42.02,28.91,51.41,47.52,49.76,45.98,44.63,54.58,42.26,69.4,65.64,55.49,54.86,50.31,57.76,43.56,59.38,61.58,52.36,56.01,75.11,68.84,62.42,83.36,81.93,84.89,80.05,46.31,49.66,37.44,56.71,55.56,51.82,52.01,15.436,0.141,0.114,2.0,-0.11,-0.727,21.772,46.927,0.161,0.141,-1.321,0.128,48.055,-2.362,1.02,0.021
E08000033,Calderdale,E01010883,Calderdale 004C,350000,15.39,8.79,3.37,12.11,7.04,32.16,12.36,39.67,32.8,22.78,37.45,34.17,50.92,38.68,32.47,29.08,20.07,28.38,24.43,37.96,29.37,71.95,46.35,45.45,61.73,60.6,82.11,64.89,29.82,18.79,13.09,22.05,17.14,36.66,23.37,16.875,0.076,0.069,1.189,-0.328,-0.259,41.707,55.337,0.109,0.057,-1.356,0.1,76.659,-1.425,1.293,-0.588
E08000033,Calderdale,E01010884,Calderdale 022A,242500,33.65,43.29,36.77,55.28,57.47,52.95,50.45,41.27,52.96,42.9,65.2,66.33,53.84,52.47,52.32,54.51,49.2,58.32,64.22,54.94,57.01,75.59,66.21,64.13,82.33,85.15,85.67,80.79,46.85,48.85,43.88,57.54,61.39,54.34,54.12,23.433,0.216,0.164,11.706,0.56,0.01,25.293,36.841,0.309,0.197,-0.285,0.204,45.958,-0.268,0.788,-0.081
E08000033,Calderdale,E01010885,Calderdale 022B,160000,29.28,43.78,13.35,43.35,34.89,48.72,39.76,45.56,59.81,38.46,66.38,64.47,58.03,55.49,58.08,57.47,47.35,56.95,59.65,58.35,58.1,78.53,72.71,67.05,84.67,88.41,88.4,84.08,50.17,50.74,32.64,51.8,48.86,54.35,50.66,16.37,0.112,0.088,5.465,-0.1,-0.142,31.744,46.08,0.198,0.098,-0.565,0.144,49.888,0.906,1.002,-0.003
E08000033,Calderdale,E01010886,Calderdale 022C,185000,23.31,23.18,3.6,34.91,20.81,43.09,26.69,45.91,46.43,26.65,53.86,48.03,58.0,48.91,50.09,44.6,36.71,45.44,44.57,51.88,46.93,78.62,64.98,61.23,78.47,80.21,88.47,79.27,43.76,33.71,22.29,41.54,34.13,48.75,39.08,23.697,0.191,0.122,9.492,0.6,0.158,37.253,39.702,0.26,0.169,-0.739,0.213,61.226,0.693,0.923,-0.493
E08000033,Calderdale,E01010887,Calderdale 004D,295000,19.4,21.9,9.4,26.8,20.88,36.07,23.85,41.12,41.75,29.84,51.2,44.98,52.61,44.79,34.09,37.31,23.76,36.12,33.01,38.93,34.86,72.36,54.83,50.1,67.75,66.16,82.19,69.04,31.96,29.67,17.93,33.25,28.21,39.04,31.31,16.325,0.095,0.065,2.804,-0.757,-0.583,38.2,61.884,0.186,0.066,-1.062,0.133,68.381,-0.273,1.467,-0.61
E08000033,Calderdale,E01010888,Calderdale 004E,175000,38.24,49.2,44.69,63.1,70.23,54.51,58.35,45.31,57.0,49.11,72.47,74.18,56.4,57.59,56.35,64.3,57.05,68.34,78.82,58.61,65.77,75.76,74.11,70.19,84.1,85.5,85.56,82.42,51.02,56.35,51.75,66.4,74.86,56.99,62.26,19.879,0.165,0.122,4.875,0.32,-0.273,15.17,62.343,0.265,0.141,-0.435,0.102,37.692,-1.862,1.388,-0.057
E08000033,Calderdale,E01010889,Calderdale 025A,180000,54.37,56.59,71.76,66.45,83.91,64.2,69.35,64.88,72.31,78.57,71.42,85.16,72.62,71.9,62.81,73.64,79.73,72.29,84.46,64.53,72.72,84.58,78.88,90.75,87.89,94.83,93.11,90.41,61.51,65.04,76.68,69.7,84.38,65.52,71.43,52.861,0.477,0.32,52.674,1.623,1.412,11.006,30.281,0.747,0.376,1.383,0.362,28.478,-0.923,0.183,0.934
E08000033,Calderdale,E01010890,Calderdale 025B,125000,53.28,47.93,67.5,59.58,77.47,62.94,63.42,64.2,65.65,73.45,66.14,78.37,71.87,68.58,61.85,67.95,75.77,66.77,79.15,63.52,69.02,84.69,78.19,88.97,85.89,93.52,93.31,89.48,60.56,57.71,72.53,63.62,78.48,64.41,66.86,26.133,0.293,0.153,30.469,0.617,0.11,16.462,35.991,0.507,0.211,0.89,0.251,33.177,-0.034,0.566,0.6
E08000033,Calderdale,E01010891,Calderdale 024A,135000,48.32,63.02,57.03,46.89,59.02,66.09,58.98,66.63,72.01,74.33,69.35,78.74,75.22,71.42,59.86,70.33,66.02,59.49,67.8,61.42,64.24,84.91,83.04,84.59,81.35,88.76,93.37,87.46,58.51,66.99,62.8,54.81,64.51,65.15,62.82,36.754,0.362,0.239,38.291,1.035,1.212,16.252,13.965,0.544,0.296,0.827,0.336,37.23,-1.201,-0.251,0.155
E08000033,Calderdale,E01010892,Calderdale 024B,250000,51.84,47.77,59.3,52.77,66.37,63.02,58.35,64.61,67.81,72.19,66.03,76.29,72.52,68.74,60.33,64.04,67.82,59.95,69.69,61.58,63.97,84.79,80.84,88.06,85.52,93.14,93.42,89.56,59.32,56.07,64.68,57.32,68.63,63.59,62.21,9.939,0.135,0.074,10.598,-0.424,-0.252,17.577,17.818,0.216,0.072,-0.647,0.221,37.76,-0.831,0.065,-0.102
E08000033,Calderdale,E01010893,Calderdale 025C,146000,54.55,65.19,70.55,68.53,87.31,65.29,73.15,64.6,76.29,79.34,73.37,90.08,72.45,73.44,61.96,75.41,78.81,72.5,85.92,63.84,73.07,84.94,81.06,91.19,89.18,97.34,93.44,91.79,60.97,70.52,75.7,70.86,86.89,65.68,73.25,23.763,0.209,0.142,25.142,0.289,0.653,5.978,47.106,0.239,0.175,0.553,0.251,26.66,-3.171,1.055,-0.145
E08000033,Calderdale,E01010894,Calderdale 025D,132500,54.11,54.37,72.13,68.99,89.47,64.84,70.91,65.0,73.69,79.95,73.83,91.85,72.94,73.68,62.2,72.43,78.86,72.21,86.74,64.05,72.82,85.22,79.57,90.96,88.99,97.12,93.76,91.62,61.08,63.43,76.43,70.95,88.36,65.62,72.25,43.638,0.435,0.251,42.094,0.893,0.88,13.614,58.439,0.628,0.239,1.096,0.327,27.746,0.094,1.218,0.319
E08000033,Calderdale,E01010895,Calderdale 024C,210000,49.42,66.72,64.63,52.39,64.9,66.23,63.18,66.0,70.31,76.09,69.51,79.61,74.56,71.05,60.51,71.54,69.04,61.12,71.31,62.14,65.97,84.98,84.26,86.31,81.64,90.13,93.37,88.15,59.09,69.35,67.77,58.0,68.96,65.49,65.37,25.222,0.23,0.192,23.464,0.74,0.832,15.106,9.008,0.29,0.194,-0.039,0.305,34.667,-0.872,-0.37,-0.266
E08000033,Calderdale,E01010896,Calderdale 026A,257500,31.97,22.57,12.84,40.01,34.73,51.62,34.06,61.09,53.35,46.18,60.77,58.76,70.27,60.85,48.48,48.47,38.41,46.24,41.1,51.55,46.37,84.56,70.97,70.43,79.4,83.89,93.26,83.56,46.8,35.41,27.9,44.67,39.18,53.51,42.69,8.951,0.072,0.055,2.02,-0.576,-0.807,25.79,36.934,0.109,0.071,-1.355,0.13,57.318,-3.261,0.776,-0.018
E08000033,Calderdale,E01010897,Calderdale 026B,210000,38.63,31.23,23.51,43.8,39.86,54.04,40.2,60.82,59.49,56.77,61.33,66.1,69.01,62.92,53.0,55.35,46.83,50.86,50.03,53.98,52.42,83.8,74.68,78.99,83.36,86.97,92.46,85.86,51.14,43.23,37.41,48.62,46.34,55.65,48.46,12.106,0.1,0.078,6.149,-0.419,0.175,25.417,30.317,0.162,0.067,-1.294,0.194,51.327,-1.512,0.699,-0.769
E08000033,Calderdale,E01010898,Calderdale 026C,141500,51.79,65.78,63.9,58.14,79.45,63.81,68.3,63.73,74.95,77.18,69.08,85.85,71.45,71.36,61.33,74.9,77.22,69.34,83.41,63.14,71.54,84.42,81.69,90.86,88.85,95.9,92.89,91.16,59.82,70.54,71.89,64.49,81.88,64.6,70.35,25.802,0.222,0.134,16.488,0.805,0.673,12.568,53.004,0.41,0.172,0.153,0.211,29.541,-0.578,1.092,0.36
E08000033,Calderdale,E01010899,Calderdale 026D,190000,46.33,46.62,42.22,49.98,62.54,59.54,54.58,62.42,66.47,67.27,65.23,76.89,70.09,67.25,57.86,64.23,60.98,59.81,69.57,59.03,62.72,83.12,75.41,82.61,84.03,90.38,91.68,87.0,56.2,55.48,53.46,55.98,66.89,60.61,59.93,13.542,0.167,0.106,6.679,-0.037,-0.337,19.93,22.629,0.242,0.125,-0.732,0.177,39.985,-0.586,0.449,-0.981
E08000033,Calderdale,E01010900,Calderdale 026E,272500,46.34,45.0,44.91,49.46,61.9,59.24,53.94,61.96,64.75,67.24,61.54,75.66,69.57,65.97,57.39,62.79,60.0,57.86,68.5,58.28,61.65,83.27,72.97,83.84,83.49,90.76,91.88,86.86,55.83,53.92,54.09,54.52,66.0,60.08,59.02,4.887,0.047,0.044,3.321,-0.766,-0.53,17.319,19.789,0.091,0.033,-1.44,0.158,40.883,-1.996,0.263,-0.482
E08000033,Calderdale,E01010901,Calderdale 025E,220000,52.14,49.85,52.98,57.1,68.84,65.41,60.46,64.13,64.47,64.37,62.38,71.32,72.44,66.53,60.1,66.83,68.15,63.47,71.97,61.53,65.5,85.63,74.73,83.11,83.41,89.53,94.05,87.44,59.17,58.18,61.85,60.64,70.64,64.66,63.68,8.691,0.098,0.084,6.351,-0.718,-0.11,15.968,20.935,0.173,0.062,-0.927,0.184,36.256,-1.001,0.058,0.29
E08000033,Calderdale,E01010902,Calderdale 026F,188000,42.06,41.42,34.32,51.0,52.46,56.87,49.18,61.85,68.35,63.76,64.86,74.68,70.17,66.78,53.8,59.79,51.12,52.8,54.26,54.5,55.0,84.72,77.25,83.07,84.9,89.96,93.21,87.83,52.57,50.94,44.63,52.95,54.56,57.28,53.71,28.694,0.312,0.163,26.651,0.858,0.449,23.189,28.725,0.476,0.228,0.646,0.252,45.963,-1.025,0.516,-0.054
E08000033,Calderdale,E01010903,Calderdale 025F,256000,48.03,55.63,49.67,50.53,64.08,60.44,58.19,62.83,71.97,68.75,64.77,77.24,70.89,68.26,57.43,66.82,63.16,58.5,67.63,58.55,62.37,85.34,79.69,87.34,86.69,92.95,93.78,89.77,56.36,61.6,57.9,55.54,66.62,60.86,61.28,15.885,0.146,0.1,10.529,0.043,0.149,16.544,41.176,0.197,0.157,-0.373,0.199,38.579,-1.513,0.91,-0.144
E08000033,Calderdale,E01010904,Calderdale 011A,222500,49.46,70.3,36.52,51.33,62.2,64.93,61.89,65.11,81.19,60.93,68.66,78.23,74.57,71.52,60.14,77.49,56.05,62.1,71.81,62.95,66.71,84.49,89.0,77.75,83.42,90.09,92.68,88.4,58.73,74.36,48.13,57.96,67.93,65.28,65.28,6.788,0.09,0.073,6.257,-0.494,-0.538,13.412,14.498,0.154,0.043,-0.939,0.183,34.695,-1.605,0.002,-0.431
E08000033,Calderdale,E01010905,Calderdale 015C,233750,44.58,60.79,40.47,51.06,56.16,65.08,56.99,65.45,73.95,59.58,65.79,72.14,75.6,69.3,61.04,70.27,58.49,61.64,68.51,63.78,65.02,85.14,82.79,78.34,84.08,87.75,93.18,87.44,58.28,65.89,51.08,57.39,63.25,65.82,62.26,6.093,0.064,0.053,2.937,-0.971,-0.096,13.46,27.519,0.083,0.053,-1.5,0.153,37.719,-2.926,0.352,0.307
E08000033,Calderdale,E01010906,Calderdale 011B,354000,42.64,57.6,47.76,56.96,62.64,63.15,58.92,65.35,74.92,61.69,70.16,75.0,75.23,70.56,58.93,70.61,58.04,63.16,71.89,61.9,65.36,84.84,82.35,78.32,84.85,87.47,92.94,87.38,56.47,64.41,54.06,61.02,68.0,64.03,63.31,5.563,0.063,0.046,1.985,-0.882,-0.507,11.616,32.006,0.092,0.056,-1.49,0.134,36.752,-4.04,0.536,0.277
E08000033,Calderdale,E01010907,Calderdale 011C,220000,41.91,36.85,43.3,55.82,66.39,61.2,53.75,65.52,68.5,59.58,69.34,77.78,75.43,70.07,59.32,65.56,57.4,63.95,75.84,62.48,65.78,84.39,79.36,76.72,85.96,90.89,92.59,88.09,56.59,51.02,51.72,60.85,71.81,63.42,61.42,10.596,0.127,0.076,6.265,-0.378,-0.288,15.371,33.033,0.299,0.046,-0.547,0.156,38.583,-2.106,0.556,0.331
E08000033,Calderdale,E01010908,Calderdale 015D,159950,46.67,66.6,42.49,54.49,66.87,65.51,62.76,65.35,76.07,61.51,67.34,79.18,75.35,70.96,62.99,73.88,64.16,65.43,77.79,65.59,69.54,85.52,83.91,80.4,85.9,90.85,93.6,89.1,59.97,70.6,55.08,60.86,73.07,66.84,67.06,12.182,0.166,0.087,10.146,-0.23,-0.14,12.268,26.525,0.248,0.139,-0.696,0.219,32.944,-1.549,0.348,0.209
E08000033,Calderdale,E01010909,Calderdale 011D,212500,44.32,48.82,45.96,56.45,67.79,62.09,58.04,65.55,74.51,61.98,71.06,80.26,75.21,71.6,60.75,71.75,62.0,67.18,78.92,63.5,68.8,84.57,84.09,78.34,86.25,90.48,92.76,88.67,58.04,60.27,55.43,62.85,74.11,64.29,64.84,13.839,0.163,0.11,7.26,-0.104,0.034,13.855,28.302,0.185,0.136,-0.512,0.168,35.157,-1.558,0.34,0.414
E08000033,Calderdale,E01010910,Calderdale 015E,263500,48.21,73.31,40.77,54.62,64.85,66.02,64.19,64.96,80.02,61.2,67.13,75.0,74.79,70.55,62.24,77.42,62.33,64.58,75.38,64.8,69.03,84.88,86.75,77.54,83.82,88.6,92.96,87.93,59.79,75.84,53.34,60.48,70.75,66.66,67.33,36.744,0.388,0.255,35.878,1.046,0.952,13.385,12.793,0.485,0.313,0.584,0.347,32.761,-1.013,-0.109,-0.351
E08000033,Calderdale,E01010911,Calderdale 001A,145000,36.06,51.74,35.9,34.35,43.92,60.09,46.02,61.26,71.89,55.59,59.21,68.68,73.06,65.26,51.74,66.22,50.36,47.63,53.73,55.85,54.59,78.58,81.86,72.64,77.83,82.07,87.39,81.85,49.82,59.3,44.6,42.79,50.15,59.62,52.11,14.708,0.163,0.093,7.248,-0.125,0.409,24.307,21.503,0.342,0.043,-0.893,0.194,47.678,-1.008,0.261,-0.176
E08000033,Calderdale,E01010912,Calderdale 001B,150000,41.29,74.26,52.93,41.41,68.26,64.39,62.44,61.31,79.71,62.36,64.29,80.36,72.68,69.16,54.86,76.1,61.27,55.66,69.5,58.49,63.1,78.65,88.8,76.32,80.15,87.55,87.48,84.89,52.99,75.76,58.05,50.17,69.59,62.79,63.43,37.823,0.39,0.238,31.389,1.115,1.499,18.2,7.136,0.548,0.256,0.419,0.329,36.573,-0.297,-0.299,-1.043
E08000033,Calderdale,E01010913,Calderdale 001C,187500,40.12,67.25,40.79,35.66,55.4,62.28,54.83,60.97,75.62,55.53,59.26,73.2,72.2,66.31,54.63,74.14,57.63,53.96,65.5,58.3,61.26,78.34,84.73,71.94,77.02,83.59,87.15,82.3,52.54,71.03,50.62,46.47,61.45,61.7,59.2,9.983,0.079,0.098,11.086,0.058,-0.003,15.301,6.176,0.107,0.049,-0.727,0.231,40.835,-3.366,-0.36,-1.101
E08000033,Calderdale,E01010914,Calderdale 002A,157000,40.59,67.09,56.97,43.35,70.78,64.95,61.73,61.25,76.07,64.92,64.95,81.16,72.55,68.9,54.59,74.38,62.96,55.75,70.05,58.14,62.92,78.59,83.3,76.79,79.66,87.04,87.46,84.07,52.65,71.07,60.79,51.1,71.04,62.87,63.03,32.175,0.36,0.221,29.711,0.736,1.217,14.319,5.973,0.53,0.222,0.539,0.299,37.075,-2.071,-0.568,-0.368
E08000033,Calderdale,E01010915,Calderdale 001D,156000,44.08,68.1,42.72,40.54,66.88,64.52,60.2,61.94,74.58,56.0,63.83,78.71,72.66,68.28,54.36,72.41,55.62,53.82,66.82,58.65,61.15,79.27,86.06,76.29,81.8,89.32,88.03,85.68,53.38,70.67,50.38,48.86,67.54,62.92,61.45,17.107,0.167,0.123,13.907,0.215,0.375,19.49,19.484,0.191,0.149,-0.625,0.256,38.644,-0.387,0.218,-0.358
E08000033,Calderdale,E01010916,Calderdale 005A,123000,43.76,61.14,56.85,49.87,78.05,67.38,64.14,61.85,76.19,65.48,69.73,86.61,72.82,70.87,56.35,73.99,64.8,60.89,75.9,59.38,65.85,78.93,83.8,77.63,82.51,89.53,87.79,85.62,54.58,67.78,61.75,56.81,77.52,64.58,65.68,46.842,0.437,0.293,39.539,1.148,1.867,19.019,20.529,0.567,0.297,0.786,0.351,34.361,0.473,0.128,0.073
E08000033,Calderdale,E01010917,Calderdale 007A,180000,34.06,50.07,30.35,43.93,55.26,50.92,49.16,48.12,59.3,43.83,58.64,66.12,58.79,55.73,57.23,70.56,50.93,62.3,70.43,59.71,63.87,77.96,82.76,67.96,78.81,82.66,87.66,82.0,51.05,59.61,42.09,54.09,63.51,56.06,57.45,14.947,0.122,0.079,5.833,-0.578,-0.065,20.103,58.493,0.188,0.065,-0.602,0.155,41.885,-1.059,1.247,0.195
E08000033,Calderdale,E01010918,Calderdale 007B,203500,29.26,28.53,21.74,38.03,38.93,44.64,35.78,46.26,47.27,36.18,54.21,54.54,56.84,50.35,49.56,50.72,38.78,50.76,53.01,52.3,50.89,77.77,75.61,64.31,76.68,78.75,87.65,79.43,44.8,39.18,31.56,45.53,46.85,49.56,44.89,15.24,0.104,0.088,6.167,-0.51,-0.005,28.122,48.878,0.141,0.072,-0.452,0.143,54.503,-1.101,1.129,-0.388
E08000033,Calderdale,E01010919,Calderdale 007C,182500,35.08,49.42,32.41,48.7,59.46,52.4,51.48,47.67,59.58,45.04,62.28,68.61,58.52,56.56,57.78,69.05,51.55,63.93,71.91,60.04,64.47,78.01,85.28,69.58,81.06,83.9,87.8,83.23,51.57,58.64,43.35,57.23,66.27,56.87,58.75,31.703,0.336,0.21,22.784,0.815,0.842,19.005,29.777,0.515,0.238,0.625,0.213,40.565,-1.093,0.464,0.244
E08000033,Calderdale,E01010920,Calderdale 007D,250000,21.53,21.85,14.51,20.01,14.9,45.49,22.36,53.24,45.91,36.65,42.18,42.29,64.09,49.98,43.52,42.0,26.23,31.74,25.83,47.84,36.85,77.49,70.95,60.77,69.45,70.03,87.05,74.52,40.18,31.87,21.71,27.48,21.78,48.46,32.17,15.722,0.078,0.068,4.161,-0.414,-0.152,35.152,55.543,0.105,0.076,-0.912,0.15,67.854,-1.28,1.289,-0.494
E08000033,Calderdale,E01010921,Calderdale 007E,182500,27.13,40.3,38.36,25.48,38.44,49.52,37.45,51.87,54.67,49.07,44.3,56.34,62.54,53.28,50.23,62.3,44.86,46.29,50.23,53.49,51.96,78.88,79.94,70.99,75.25,79.34,88.38,80.41,45.54,50.7,42.45,37.16,45.32,52.82,46.36,30.446,0.274,0.206,20.981,0.549,0.963,27.95,28.089,0.417,0.192,0.353,0.235,53.64,-0.976,0.612,-0.615
E08000033,Calderdale,E01010922,Calderdale 020A,170000,33.56,43.81,30.22,34.61,49.15,55.68,44.43,55.4,60.73,50.05,56.2,67.24,65.43,59.64,54.17,68.37,49.08,56.15,62.43,57.5,59.32,80.42,84.35,73.26,81.84,86.63,89.73,85.06,50.0,55.46,41.26,46.85,56.8,57.75,53.5,17.338,0.15,0.093,7.755,-0.215,0.394,22.775,48.688,0.268,0.074,-0.803,0.196,46.586,-1.376,1.045,0.114
E08000033,Calderdale,E01010923,Calderdale 004F,212455,38.09,51.21,42.11,61.75,68.0,53.92,57.8,45.6,57.96,47.36,72.4,72.55,56.74,57.57,59.61,67.24,57.03,70.09,78.72,61.42,67.74,75.77,74.17,67.69,84.33,85.14,85.61,82.26,53.12,58.72,50.56,66.67,73.72,58.06,63.07,24.338,0.192,0.146,4.379,0.465,0.87,13.567,58.904,0.293,0.186,-0.556,0.115,36.846,-2.403,1.202,0.457
E08000033,Calderdale,E01010924,Calderdale 002B,:,38.48,49.7,38.41,45.74,66.8,64.39,55.2,59.84,67.29,51.22,61.19,76.44,70.73,65.31,54.58,63.25,52.5,55.26,66.77,57.57,59.68,78.52,83.48,74.4,82.24,88.55,87.53,84.96,51.98,56.72,46.67,51.61,67.37,62.2,58.44,72.416,0.628,0.434,63.169,2.038,1.893,29.781,10.24,0.803,0.435,1.474,0.417,41.811,1.892,-0.308,-0.215
E08000033,Calderdale,E01010925,Calderdale 002C,118000,32.92,44.28,33.26,39.05,53.45,60.79,47.22,59.25,64.78,50.36,58.76,71.16,70.69,63.43,53.77,59.87,50.69,51.77,60.53,56.84,56.61,78.27,80.08,71.48,79.37,84.43,87.33,82.55,50.14,52.29,43.45,46.81,57.97,60.21,53.5,52.23,0.472,0.314,57.777,1.115,1.327,33.709,13.586,0.642,0.256,1.371,0.398,46.732,1.995,-0.018,-0.537
E08000033,Calderdale,E01010926,Calderdale 002D,90000,30.97,43.81,27.11,38.31,47.5,59.26,44.52,58.9,62.58,44.84,57.64,66.97,70.33,61.99,53.85,57.87,46.63,51.28,57.14,56.36,55.16,78.19,75.09,67.99,77.37,80.62,87.4,80.31,49.71,51.07,38.41,46.17,53.39,59.25,51.55,75.489,0.697,0.402,65.694,1.774,2.231,38.939,6.621,0.88,0.409,1.767,0.39,48.608,2.995,-0.418,-0.609
E08000033,Calderdale,E01010927,Calderdale 009A,215000,42.48,31.27,32.3,31.62,38.14,65.39,39.62,62.08,62.6,56.13,63.86,65.46,72.48,64.52,54.15,56.36,47.11,50.06,53.17,56.79,53.86,79.21,74.45,75.1,79.75,84.36,88.27,82.54,52.91,43.84,41.32,43.16,47.12,62.44,49.11,12.715,0.138,0.085,10.101,-0.207,0.352,24.559,10.265,0.226,0.06,-0.242,0.179,50.969,-1.831,-0.248,-0.37
E08000033,Calderdale,E01010928,Calderdale 009B,135000,50.92,56.8,55.6,46.98,66.44,70.92,60.34,63.93,80.36,71.19,78.55,83.36,74.12,73.45,56.43,71.6,59.78,60.01,70.93,59.14,63.86,79.62,80.08,79.89,82.4,89.6,88.6,85.6,56.52,64.71,58.72,55.81,69.64,66.2,63.33,51.568,0.531,0.308,47.507,1.154,1.654,20.756,15.571,0.786,0.247,1.005,0.38,36.826,0.435,0.057,-0.435
E08000033,Calderdale,E01010929,Calderdale 010A,118000,58.08,62.65,57.84,64.16,77.67,74.45,69.79,64.7,81.23,71.25,83.84,86.29,74.57,75.28,59.3,75.71,65.8,68.86,80.91,61.87,69.81,80.5,85.36,83.44,88.12,94.13,89.35,89.18,60.06,69.58,62.92,67.98,79.85,69.13,70.35,45.418,0.519,0.242,47.693,0.528,1.094,17.039,49.891,0.657,0.286,0.882,0.396,29.663,0.791,1.121,-0.161
E08000033,Calderdale,E01010930,Calderdale 010B,110000,54.97,66.51,63.29,58.96,78.39,73.78,69.82,64.54,84.93,75.28,83.6,88.73,74.74,76.16,58.19,77.06,66.56,66.73,79.55,60.87,68.96,80.42,86.46,84.15,87.14,94.02,89.34,89.07,58.64,72.38,65.83,64.68,79.61,68.36,70.0,46.108,0.488,0.259,38.905,0.927,1.453,16.919,43.142,0.721,0.261,0.803,0.344,30.327,0.645,0.91,0.11
E08000033,Calderdale,E01010931,Calderdale 003A,179000,43.53,45.01,32.67,48.23,65.76,66.71,54.79,67.86,67.08,57.79,66.49,81.29,79.01,71.33,59.93,65.2,51.08,57.8,69.29,63.49,63.12,83.0,80.62,78.36,83.96,93.2,91.34,88.07,57.66,55.08,43.68,54.34,68.41,66.71,60.55,12.823,0.154,0.103,12.657,0.015,-0.423,20.128,11.102,0.205,0.184,0.013,0.182,39.478,-0.386,-0.093,-0.824
E08000033,Calderdale,E01010932,Calderdale 003B,186750,48.56,53.07,47.37,49.38,73.27,72.07,61.25,68.38,70.76,65.14,66.6,82.34,79.76,72.45,61.68,71.79,60.28,61.42,76.3,65.37,67.62,83.27,80.29,81.1,83.34,94.07,91.56,88.38,59.98,62.32,55.22,56.62,75.36,70.1,65.57,12.27,0.088,0.083,15.881,-0.301,0.492,17.615,23.748,0.157,0.045,-0.291,0.253,34.391,0.055,0.362,-0.189
E08000033,Calderdale,E01010933,Calderdale 003C,172000,41.72,39.57,27.46,47.1,61.78,64.45,51.24,67.05,63.3,52.64,64.18,76.69,78.07,69.16,59.47,62.96,49.49,58.15,68.85,63.08,62.45,82.89,78.06,76.96,83.74,92.07,91.21,87.31,56.86,51.06,40.39,53.84,66.17,65.41,58.61,11.985,0.104,0.07,10.67,-0.499,0.181,21.193,34.872,0.168,0.083,-0.172,0.179,41.429,-0.529,0.664,0.189
E08000033,Calderdale,E01010934,Calderdale 008A,213000,55.2,43.47,38.3,56.5,67.0,64.22,57.8,65.01,60.84,59.74,73.97,79.08,74.12,69.63,62.34,65.84,60.3,68.1,74.45,65.05,67.37,82.1,77.18,76.54,86.48,90.8,90.55,87.16,61.41,54.21,51.13,63.55,71.45,65.9,63.84,22.1,0.209,0.139,13.538,0.325,0.771,20.06,34.095,0.444,0.095,-0.315,0.228,36.089,0.396,0.56,0.427
E08000033,Calderdale,E01010935,Calderdale 003D,222500,40.56,38.75,29.0,49.96,52.08,59.95,48.08,66.12,63.27,50.29,66.11,72.45,76.5,68.17,60.61,63.12,52.47,62.63,68.1,63.54,63.49,82.68,78.3,73.79,85.78,90.37,90.97,87.05,57.19,50.7,42.57,57.43,61.23,63.44,57.81,8.023,0.079,0.058,4.951,-0.382,-0.198,17.154,27.592,0.122,0.049,-0.818,0.158,42.288,-2.77,0.521,-0.228
E08000033,Calderdale,E01010936,Calderdale 003E,288250,38.24,35.79,27.17,44.27,48.54,59.09,44.72,65.39,60.22,47.34,61.14,67.87,76.0,65.79,58.82,59.44,48.08,56.31,61.99,62.02,59.49,81.89,73.61,70.95,80.84,86.47,90.14,83.93,55.43,47.41,39.31,51.48,56.34,62.29,54.19,8.045,0.083,0.06,6.05,-0.708,-0.197,21.374,23.519,0.115,0.082,-0.73,0.168,45.925,-1.832,0.399,-0.379
E08000033,Calderdale,E01010937,Calderdale 003F,160000,42.53,29.11,23.08,40.1,46.79,58.19,41.98,64.98,56.45,46.61,58.56,67.11,74.58,64.41,62.01,65.43,57.24,65.85,71.18,64.82,65.88,82.57,76.08,73.76,85.17,89.4,90.94,86.37,58.37,46.26,42.46,54.17,60.13,63.07,56.32,11.255,0.102,0.074,8.919,-0.732,-0.327,21.653,38.79,0.164,0.06,-0.597,0.197,43.649,-0.987,0.692,0.506
E08000033,Calderdale,E01010938,Calderdale 006A,129000,53.94,50.41,37.85,49.84,65.48,70.65,58.52,63.83,68.21,58.99,74.99,77.95,73.36,70.02,61.02,70.98,63.97,67.32,78.01,63.96,68.66,80.27,76.87,76.67,83.54,89.02,89.04,85.38,60.12,60.44,52.89,60.36,72.5,68.27,64.83,65.814,0.606,0.368,63.343,1.541,1.947,25.648,17.442,0.776,0.482,1.296,0.445,35.293,2.107,0.027,-0.054
E08000033,Calderdale,E01010939,Calderdale 005B,145000,48.53,33.57,35.81,37.28,52.1,69.31,46.79,61.96,57.47,50.98,60.49,65.81,71.97,63.15,57.62,61.38,54.27,57.31,65.62,60.35,60.62,79.77,76.1,76.25,82.75,87.94,88.69,84.64,56.47,46.93,46.49,48.91,59.66,65.85,55.4,12.704,0.105,0.083,10.065,0.014,0.304,21.087,22.661,0.169,0.069,-0.875,0.226,45.064,-1.661,0.395,-0.53
E08000033,Calderdale,E01010940,Calderdale 006B,116000,48.56,53.28,45.94,45.34,71.93,67.34,59.62,63.12,70.99,61.65,70.46,82.53,73.07,70.13,57.89,69.79,61.47,59.68,74.93,61.15,65.2,80.33,83.77,81.18,86.04,93.37,89.09,88.16,56.81,61.59,55.12,54.32,74.08,65.42,63.47,32.93,0.333,0.209,19.889,0.633,0.953,17.516,47.118,0.513,0.203,-0.245,0.29,36.615,-0.545,1.037,-0.049
E08000033,Calderdale,E01010941,Calderdale 005C,145000,45.31,60.35,54.94,50.6,78.42,68.6,64.44,62.32,76.06,65.77,70.65,86.23,73.03,71.17,57.11,74.75,64.48,61.99,76.56,59.93,66.58,79.09,83.84,77.62,82.68,89.65,87.96,85.75,55.47,67.69,60.77,57.74,77.99,65.42,66.21,50.666,0.511,0.301,44.808,1.387,1.512,21.406,15.679,0.781,0.337,0.804,0.385,33.765,1.285,-0.17,0.198
E08000033,Calderdale,E01010942,Calderdale 005D,112500,46.46,52.37,51.29,45.28,76.65,67.42,60.7,62.78,72.35,64.89,70.78,86.79,72.88,70.95,57.49,71.69,66.15,60.78,78.07,60.62,66.5,79.67,81.57,80.17,83.53,91.74,88.49,86.63,56.04,62.0,60.06,54.86,77.99,65.19,64.65,40.986,0.369,0.255,33.779,0.971,1.795,19.948,24.931,0.461,0.285,0.555,0.333,35.386,0.529,0.273,0.222
E08000033,Calderdale,E01010943,Calderdale 006C,110000,49.86,45.84,43.74,43.1,69.94,68.69,56.86,63.22,66.88,59.97,69.86,78.61,72.88,68.83,58.9,67.68,63.55,60.61,76.4,61.68,65.8,80.37,80.27,80.5,84.82,92.1,89.14,87.14,57.77,56.56,55.23,53.76,73.73,66.27,62.58,60.516,0.591,0.343,57.041,1.441,1.656,26.59,13.949,0.706,0.499,1.161,0.421,37.474,1.915,-0.046,-0.352
E08000033,Calderdale,E01010944,Calderdale 005E,136250,50.23,47.3,45.65,45.21,71.79,70.03,58.45,63.44,69.94,62.68,72.88,82.45,73.5,70.56,59.04,69.22,64.98,62.64,77.67,62.04,66.82,79.86,80.27,79.47,84.01,90.89,88.71,86.39,57.97,58.15,56.92,55.9,75.38,67.1,63.89,58.804,0.548,0.332,61.716,1.521,1.615,24.092,14.505,0.734,0.343,1.168,0.452,36.149,1.522,-0.139,-0.015
E08000033,Calderdale,E01010945,Calderdale 024D,200000,51.74,68.23,71.44,59.54,71.79,66.44,67.52,65.47,70.34,77.41,70.52,82.11,74.17,71.38,61.58,71.79,72.26,63.79,75.94,63.31,68.15,85.2,85.55,87.88,82.68,92.01,93.55,89.21,60.22,70.26,72.48,62.47,74.5,66.1,68.27,14.746,0.155,0.103,14.407,-0.324,0.53,11.679,28.197,0.244,0.082,-0.21,0.228,31.716,-1.457,0.396,0.263
E08000033,Calderdale,E01010946,Calderdale 023A,300000,52.34,56.99,58.8,54.58,70.91,67.13,62.99,66.97,72.44,71.2,72.8,87.92,75.98,73.71,65.26,70.74,68.81,66.95,78.31,67.39,70.4,85.74,86.82,84.97,84.8,94.66,94.12,90.62,62.92,64.02,64.95,62.06,75.59,68.48,67.82,2.589,0.016,0.036,1.978,-0.874,-1.524,8.323,18.158,0.026,0.019,-2.057,0.142,32.16,-4.001,-0.27,0.627
E08000033,Calderdale,E01010947,Calderdale 023B,258497.5,51.46,52.97,49.86,53.16,70.94,63.29,60.77,64.9,65.34,65.1,66.67,81.22,73.52,69.42,63.87,64.75,61.43,62.11,74.86,65.67,66.91,85.15,83.63,80.23,81.57,92.75,93.42,88.57,61.55,58.97,56.91,58.6,73.53,65.72,64.77,5.981,0.072,0.067,2.043,-0.135,-1.096,12.657,16.934,0.106,0.048,-1.287,0.127,35.218,-2.194,0.04,-0.157
E08000033,Calderdale,E01010948,Calderdale 024E,208995,49.23,63.16,62.74,50.65,59.47,67.89,60.37,67.43,75.12,78.59,72.58,77.98,76.29,72.76,60.77,70.91,70.25,62.87,68.84,62.96,65.71,85.78,86.36,88.83,85.72,91.64,94.32,90.12,59.41,67.47,67.7,58.34,65.2,66.78,64.25,15.126,0.173,0.121,11.488,0.171,-0.098,11.988,23.895,0.218,0.179,-0.407,0.214,35.783,-2.914,0.144,0.409
E08000033,Calderdale,E01010949,Calderdale 019E,145000,56.18,56.07,74.47,74.62,92.0,67.64,73.81,65.86,68.79,78.88,76.37,94.26,74.99,74.38,66.01,76.36,77.26,76.44,92.37,68.46,77.04,86.0,86.62,87.74,87.31,97.07,94.2,92.05,64.1,65.75,76.53,75.65,92.44,69.13,75.67,29.701,0.25,0.158,22.877,0.373,0.96,4.863,68.105,0.4,0.176,0.402,0.249,24.322,-3.269,1.234,1.179
E08000033,Calderdale,E01010950,Calderdale 023C,185000,54.37,65.35,70.2,67.0,86.0,66.7,72.64,65.39,68.79,74.8,72.74,90.11,74.27,72.77,64.95,73.36,72.42,69.59,85.96,66.75,73.19,85.71,87.49,88.27,85.93,96.3,93.98,91.56,62.95,69.33,71.94,68.72,86.32,67.84,73.06,32.917,0.302,0.208,34.491,1.031,0.902,9.442,33.466,0.382,0.264,0.755,0.313,26.933,-1.254,0.555,0.379
E08000033,Calderdale,E01010951,Calderdale 023D,165000,53.88,68.09,75.73,65.98,82.3,67.42,72.33,65.82,69.4,78.14,73.12,88.26,74.68,72.89,64.35,73.66,75.35,68.68,83.18,66.17,72.27,85.74,87.4,89.79,85.87,95.54,94.06,91.4,62.52,70.93,76.02,67.86,83.16,67.93,72.46,19.761,0.173,0.13,16.35,0.535,0.56,8.767,32.909,0.236,0.11,-0.14,0.243,27.557,-1.692,0.624,0.095
E08000033,Calderdale,E01010952,Calderdale 027A,195000,29.57,40.35,29.46,29.44,34.23,46.25,36.55,51.4,54.25,44.02,45.14,54.82,61.05,52.68,45.13,49.75,43.48,39.43,46.75,48.72,45.89,82.64,73.86,70.09,72.95,80.41,91.73,80.81,42.75,45.34,37.7,35.56,41.6,48.96,42.78,15.635,0.12,0.085,7.175,-0.506,-0.149,27.224,51.356,0.154,0.116,-0.663,0.18,57.327,-2.243,1.104,0.134
E08000033,Calderdale,E01010953,Calderdale 027B,305000,25.55,19.72,8.45,25.59,12.49,41.72,21.98,55.72,41.47,36.61,43.69,41.29,64.56,50.58,44.24,44.39,34.95,37.41,33.86,47.73,40.72,82.68,67.64,67.26,73.71,74.45,91.6,78.44,41.89,31.54,23.79,32.79,24.68,46.73,34.09,9.634,0.082,0.047,1.757,-0.523,-1.015,30.822,35.548,0.138,0.073,-1.446,0.127,66.076,-3.128,0.776,-0.206
E08000033,Calderdale,E01010954,Calderdale 027C,232000,30.52,30.9,23.84,29.18,32.75,45.65,33.37,49.42,47.97,38.01,42.11,49.07,59.26,49.25,43.29,45.17,39.74,38.79,45.41,48.09,43.93,82.93,63.57,62.67,67.36,73.72,91.97,76.3,41.51,38.09,33.05,34.9,39.98,48.25,40.21,7.203,0.072,0.04,1.996,-1.063,-0.67,29.469,23.021,0.12,0.035,-1.286,0.126,59.777,-1.786,0.381,-0.386
E08000033,Calderdale,E01010955,Calderdale 027D,220000,22.78,24.31,8.05,18.57,14.56,36.89,21.65,47.46,47.81,30.84,38.33,40.21,57.44,46.02,33.04,34.14,21.96,26.18,25.25,38.64,30.39,83.3,58.26,55.37,63.25,66.62,92.29,72.55,32.93,29.9,16.41,23.83,21.23,39.68,28.19,15.09,0.111,0.056,6.697,-0.429,-0.095,35.144,47.026,0.199,0.073,-0.56,0.165,71.803,-2.805,1.064,-0.21
E08000033,Calderdale,E01010956,Calderdale 020B,285000,26.83,37.98,9.54,28.14,27.38,47.98,32.66,53.43,64.85,45.77,53.58,64.27,63.49,58.17,46.09,56.6,32.39,39.58,43.26,49.16,46.08,80.47,82.02,66.51,74.47,81.37,89.89,81.38,43.04,47.58,23.22,35.72,37.24,50.17,41.76,18.906,0.159,0.1,8.571,-0.621,0.237,28.174,54.962,0.262,0.098,-0.198,0.15,58.161,-2.013,1.243,-0.25
E08000033,Calderdale,E01010957,Calderdale 027E,205750,31.84,38.46,27.09,31.82,33.71,50.13,36.95,55.02,58.73,50.74,51.26,62.91,64.44,57.61,49.54,53.69,42.51,42.86,46.39,51.98,48.58,81.69,76.99,72.03,74.55,80.17,90.79,81.18,46.59,46.27,36.4,38.74,41.59,52.55,44.74,14.369,0.075,0.078,6.075,-0.247,-0.154,26.104,52.092,0.119,0.065,-0.547,0.153,55.282,-2.268,1.161,-0.103
E08000033,Calderdale,E01010958,Calderdale 020C,132500,35.44,64.27,30.96,46.31,61.39,56.81,56.09,56.19,76.06,59.49,64.85,84.25,66.19,66.48,52.13,72.98,46.65,52.99,66.49,54.59,59.67,80.73,89.77,71.44,78.56,86.75,90.1,84.98,49.22,68.99,40.62,51.02,65.19,56.97,58.89,51.513,0.446,0.332,49.517,1.496,1.464,18.696,20.897,0.499,0.339,1.412,0.334,41.015,-1.378,0.281,-0.353
E08000033,Calderdale,E01010959,Calderdale 020D,205400,38.58,65.51,48.22,52.86,74.25,59.24,62.8,56.76,74.39,63.05,65.43,87.16,66.37,67.15,54.87,74.88,55.36,57.69,75.02,57.07,64.27,81.17,90.22,76.65,80.64,89.69,90.38,86.73,51.76,70.37,52.87,56.2,75.4,59.25,64.02,31.042,0.329,0.214,27.926,1.041,0.591,14.577,19.834,0.413,0.248,0.546,0.281,35.921,-1.488,0.242,-0.385
E08000033,Calderdale,E01010960,Calderdale 012A,76000,62.3,67.47,61.3,75.91,85.51,74.85,76.28,65.66,83.26,76.72,89.81,92.72,75.09,78.12,62.3,77.23,72.52,76.53,88.12,64.79,74.5,81.33,84.83,84.78,90.71,95.38,89.97,90.38,63.06,72.87,68.23,77.29,87.31,70.71,75.63,67.371,0.682,0.295,64.323,1.615,1.132,16.745,74.773,0.819,0.555,1.182,0.47,24.318,1.423,1.684,0.364
E08000033,Calderdale,E01010961,Calderdale 006D,97500,56.8,52.68,37.67,56.62,64.53,69.77,60.36,62.84,63.49,50.39,67.99,69.39,72.14,66.15,61.19,69.66,61.22,68.05,76.2,64.02,68.04,80.22,77.01,75.55,83.58,88.47,88.97,85.17,60.73,60.82,51.02,63.12,70.73,67.79,64.94,45.565,0.368,0.236,33.444,0.97,1.842,20.943,64.602,0.62,0.14,0.812,0.295,34.997,0.9,1.462,-0.099
E08000033,Calderdale,E01010964,Calderdale 012B,74000,61.14,71.19,62.63,75.42,83.62,75.9,76.64,65.42,86.82,76.78,90.05,90.9,75.16,78.25,60.52,79.51,70.72,73.88,86.96,63.11,73.43,80.96,85.85,85.0,90.85,94.76,89.68,90.23,61.63,75.99,67.84,75.79,85.79,70.42,75.23,78.601,0.78,0.418,69.597,2.013,1.266,16.115,62.178,0.776,0.976,1.031,0.548,24.718,1.212,1.256,0.536
E08000033,Calderdale,E01010965,Calderdale 012C,:,63.5,67.55,67.83,82.12,89.66,74.94,79.09,65.76,81.72,79.34,90.4,92.68,74.94,78.08,64.26,78.53,78.74,82.02,91.11,66.99,77.36,81.67,81.75,87.25,91.94,94.49,90.35,90.31,64.6,73.38,74.48,82.71,90.68,71.78,78.24,68.764,0.636,0.378,53.376,2.218,1.476,19.589,39.878,0.671,0.84,0.371,0.491,21.778,2.401,0.76,0.389
E08000033,Calderdale,E01010966,Calderdale 012D,65000,62.92,70.06,65.98,80.36,86.45,75.47,78.4,65.74,84.92,79.22,90.98,91.38,75.11,78.4,62.97,79.86,75.61,79.56,89.0,65.44,76.02,81.53,83.58,87.41,92.28,94.28,90.28,90.48,63.64,75.44,72.0,80.78,88.11,71.31,77.29,57.928,0.556,0.298,60.737,1.247,1.015,17.32,65.107,0.559,0.77,0.548,0.537,22.682,1.734,1.38,0.3
E08000033,Calderdale,E01010967,Calderdale 008D,125000,57.87,55.12,53.17,69.17,78.76,68.92,68.17,64.83,71.72,68.55,83.71,88.14,74.16,74.24,62.95,72.43,67.45,75.14,83.22,65.95,72.34,82.01,84.87,82.61,91.97,96.46,90.6,91.1,62.38,63.72,61.71,73.22,81.59,68.47,70.95,52.724,0.443,0.32,31.727,1.814,1.706,21.294,33.517,0.535,0.323,0.412,0.332,29.206,2.027,0.557,0.379
E08000033,Calderdale,E01010968,Calderdale 021A,222500,61.12,68.01,70.95,72.75,76.83,72.03,73.21,65.63,83.56,80.79,87.45,85.32,74.05,76.53,65.07,78.06,80.03,77.59,82.84,67.04,74.79,82.5,84.99,91.92,92.63,94.39,91.36,91.31,64.57,73.52,76.58,76.26,80.39,70.39,74.42,17.583,0.142,0.135,4.306,0.196,-0.082,7.938,51.783,0.156,0.083,-0.623,0.125,25.537,-1.649,1.055,0.405
E08000033,Calderdale,E01010969,Calderdale 016A,135000,62.02,77.35,71.14,77.15,81.36,73.6,78.16,65.7,86.74,81.38,89.89,87.94,74.4,77.86,64.27,80.62,79.52,78.19,83.75,66.33,75.22,81.99,85.14,90.48,91.92,94.65,90.86,91.01,64.27,79.69,76.41,78.65,83.02,70.81,76.74,14.551,0.177,0.105,9.5,0.072,-0.027,6.885,31.859,0.262,0.093,-0.525,0.199,23.175,-1.71,0.716,-0.49
E08000033,Calderdale,E01010970,Calderdale 016B,130250,60.26,84.02,68.12,77.27,80.75,74.51,79.53,65.49,91.56,80.32,89.01,87.39,74.61,78.19,62.12,82.56,75.27,75.76,83.58,64.32,74.14,82.11,88.67,90.45,92.31,95.02,90.99,91.61,62.47,84.28,72.78,77.44,82.63,70.3,76.74,21.177,0.193,0.134,10.189,0.019,0.321,3.852,60.651,0.328,0.122,-0.547,0.21,23.196,-3.915,1.329,0.048
E08000033,Calderdale,E01010971,Calderdale 021B,245000,54.42,65.61,69.09,58.46,67.9,67.84,65.9,64.56,81.52,79.19,77.82,80.22,72.66,73.24,61.87,74.27,78.54,68.94,75.32,63.39,69.55,82.63,83.67,93.7,88.43,91.23,91.38,89.46,60.88,70.54,74.92,65.1,72.34,66.66,68.51,11.449,0.11,0.085,3.059,-0.575,0.221,10.458,41.748,0.142,0.046,-0.909,0.126,31.474,-1.986,0.8,0.434
E08000033,Calderdale,E01010972,Calderdale 021C,236000,58.26,68.48,72.98,65.65,71.27,70.06,69.89,65.32,83.47,81.29,82.77,82.42,73.56,75.11,64.51,77.2,81.75,76.0,81.25,66.42,73.84,82.95,84.75,93.34,91.05,92.8,91.75,90.71,63.53,73.4,78.39,72.05,76.95,69.16,72.49,15.667,0.131,0.081,6.791,0.042,0.233,9.25,55.398,0.223,0.085,-0.787,0.182,27.489,-1.449,1.219,-0.045
E08000033,Calderdale,E01010973,Calderdale 021D,241310,49.71,62.94,44.88,49.22,52.52,65.57,57.1,62.37,68.44,58.94,62.79,60.02,70.16,64.2,58.2,68.72,63.52,58.78,61.48,59.76,61.52,82.64,81.71,86.53,84.91,86.75,91.45,86.85,57.16,66.06,55.67,54.96,57.48,63.72,60.07,10.749,0.16,0.08,5.797,-0.217,-0.223,14.931,21.592,0.244,0.129,-0.662,0.159,39.784,-2.982,0.076,0.321
E08000033,Calderdale,E01010974,Calderdale 016C,128750,62.22,81.79,69.94,82.59,87.11,75.19,82.19,65.68,89.46,81.05,91.05,90.13,74.77,78.8,63.15,84.27,77.95,80.12,89.08,65.65,77.03,81.92,87.87,90.54,93.35,96.24,90.78,92.04,63.59,83.73,75.03,82.03,88.39,71.25,79.37,43.632,0.395,0.239,34.71,0.823,1.33,7.318,73.877,0.469,0.387,0.394,0.357,20.55,-1.15,1.517,0.711
E08000033,Calderdale,E01010975,Calderdale 017A,196250,51.15,65.53,47.33,60.81,71.8,70.51,66.42,62.98,83.65,68.78,78.02,85.7,72.26,73.56,60.1,78.91,64.34,70.28,79.63,62.61,70.49,81.53,88.1,83.35,89.06,92.05,90.52,89.44,58.79,72.59,57.53,66.79,76.54,67.48,69.23,14.833,0.174,0.121,11.959,0.185,-0.33,9.792,24.698,0.23,0.149,-0.661,0.237,30.811,-2.115,0.308,0.1
E08000033,Calderdale,E01010976,Calderdale 017B,195000,48.0,70.0,50.29,60.21,74.75,69.0,67.91,61.61,80.83,65.58,76.04,84.82,71.02,71.94,59.15,78.65,61.92,68.67,78.84,61.65,69.53,81.23,87.55,79.77,87.17,90.93,90.28,88.37,57.28,74.68,57.38,65.59,77.43,66.24,69.19,10.608,0.118,0.081,9.64,-0.434,-0.017,9.749,30.537,0.172,0.085,-0.426,0.193,30.788,-2.13,0.569,-0.005
E08000033,Calderdale,E01010977,Calderdale 016D,170000,51.0,60.92,47.62,57.59,65.57,69.02,62.58,62.14,76.93,64.22,69.79,74.97,70.94,69.0,58.41,73.07,60.91,64.12,72.25,60.82,65.87,81.78,86.47,84.29,87.52,90.17,90.73,88.52,57.55,67.31,55.63,61.74,69.49,65.86,64.92,7.461,0.097,0.065,6.504,-0.495,-0.894,12.268,28.16,0.171,0.048,-0.652,0.169,35.071,-2.359,0.508,-0.092
E08000033,Calderdale,E01010978,Calderdale 017C,154000,41.56,67.3,51.68,58.78,80.03,63.11,67.02,58.46,72.33,64.31,69.65,88.72,67.97,68.72,58.54,77.11,62.07,67.53,81.65,61.04,69.57,81.29,86.3,80.25,85.08,92.25,90.42,88.23,55.01,72.15,58.01,63.92,81.4,63.01,68.6,23.495,0.23,0.133,20.204,0.276,0.495,10.02,51.613,0.323,0.146,0.493,0.204,31.34,-2.185,1.145,-0.072
E08000033,Calderdale,E01010979,Calderdale 017D,83250,43.63,66.43,63.66,65.93,90.28,64.14,71.98,58.8,73.59,69.82,71.02,94.45,68.08,70.3,60.79,78.34,68.89,70.65,88.06,62.69,72.98,82.07,89.13,86.52,86.99,95.24,91.17,90.39,56.96,72.28,67.04,68.64,89.51,64.26,72.49,38.469,0.338,0.242,29.453,1.293,1.297,9.185,36.763,0.575,0.298,0.752,0.265,27.442,-1.465,0.537,0.747
E08000033,Calderdale,E01010980,Calderdale 017E,140000,44.58,77.94,58.07,66.22,87.44,65.95,74.4,59.84,77.91,67.1,74.91,92.18,69.29,71.66,60.48,81.58,66.22,72.62,86.72,62.88,73.31,81.59,91.11,81.29,88.88,93.9,90.68,90.19,57.13,79.94,63.1,70.03,87.45,65.28,73.74,32.291,0.27,0.178,25.042,0.7,0.787,9.499,67.989,0.387,0.253,0.678,0.229,26.268,-1.096,1.471,0.274
E08000033,Calderdale,E01010981,Calderdale 017F,128000,47.32,71.79,54.35,62.86,80.63,67.42,70.51,60.99,78.13,67.72,72.25,87.7,69.98,71.11,60.1,79.3,65.37,69.84,82.94,62.31,71.34,82.09,90.79,85.29,89.71,93.9,91.09,90.7,57.65,75.76,61.06,67.02,82.26,65.74,71.11,28.954,0.253,0.187,29.792,0.451,0.512,10.352,52.4,0.393,0.168,0.935,0.235,28.893,-1.29,1.074,0.385
E08000033,Calderdale,E01010982,Calderdale 013A,150000,38.18,62.92,48.4,78.31,85.8,58.72,69.99,42.87,72.42,53.35,85.92,91.93,56.81,63.8,60.22,67.66,57.24,71.06,83.14,61.12,69.25,76.84,77.52,68.03,90.12,94.9,86.81,87.13,53.14,65.81,53.6,75.34,84.9,60.12,69.23,25.462,0.22,0.135,12.8,0.103,0.431,22.314,66.783,0.379,0.112,-0.268,0.216,31.053,2.008,1.482,0.095
E08000033,Calderdale,E01010983,Calderdale 013B,157000,38.97,62.1,56.21,83.93,94.04,59.33,73.71,43.61,71.45,57.54,87.46,95.83,57.42,65.01,65.46,70.19,65.98,77.14,90.61,65.58,74.82,77.59,78.17,72.53,92.82,97.38,87.53,88.98,56.79,66.41,61.82,80.87,92.55,62.53,73.72,36.295,0.331,0.199,20.651,0.514,1.229,13.486,73.158,0.455,0.237,0.284,0.241,26.573,0.221,1.577,0.434
E08000033,Calderdale,E01010984,Calderdale 022D,131000,37.81,49.73,53.64,75.9,85.39,57.65,65.93,42.84,66.28,56.66,83.07,91.31,56.34,62.41,59.69,61.51,60.87,68.87,82.17,60.43,67.54,76.79,71.6,70.42,89.02,93.69,86.67,86.0,52.72,55.93,57.93,73.0,84.2,59.27,66.6,28.463,0.26,0.148,23.653,0.482,0.595,13.695,62.754,0.427,0.154,0.575,0.231,33.7,-1.162,1.498,-0.635
E08000033,Calderdale,E01010985,Calderdale 013C,170000,30.87,37.36,31.72,47.76,54.45,49.33,45.63,43.66,59.14,45.32,68.47,73.61,56.52,56.37,52.48,50.83,45.5,53.18,60.28,54.97,54.5,76.86,67.29,64.53,81.22,85.87,86.88,81.33,46.66,44.49,39.8,52.02,58.42,52.93,51.2,27.934,0.238,0.16,18.269,0.188,0.315,32.007,54.023,0.348,0.217,0.367,0.201,49.011,1.142,1.1,0.439
E08000033,Calderdale,E01010986,Calderdale 013D,110000,21.51,20.49,2.0,31.12,36.16,40.93,29.29,43.57,44.51,21.32,48.74,57.5,56.48,48.13,43.83,49.98,28.75,45.3,45.28,48.46,45.49,76.51,69.39,57.5,80.69,84.86,86.29,80.64,39.02,34.49,17.12,39.44,41.86,46.04,39.3,41.23,0.339,0.217,24.322,0.86,0.912,43.549,52.912,0.468,0.24,0.66,0.224,60.463,2.507,1.188,-0.17
E08000033,Calderdale,E01010987,Calderdale 013E,175000,35.45,54.01,33.18,63.11,69.16,55.58,58.6,42.62,67.72,45.97,78.24,81.31,56.02,59.88,54.37,62.4,47.01,63.05,71.28,56.91,61.58,76.55,75.92,64.83,87.73,92.19,86.54,85.39,48.75,58.63,41.28,64.25,70.94,56.65,60.36,26.662,0.216,0.154,9.621,0.659,0.519,25.952,52.602,0.317,0.166,-0.401,0.19,39.751,1.293,1.059,0.473
E08000033,Calderdale,E01010988,Calderdale 013F,167500,34.14,52.76,31.98,58.62,66.4,54.55,56.3,42.36,69.17,46.74,78.69,82.96,55.86,60.3,51.17,58.62,43.25,57.53,66.91,53.98,57.6,75.23,70.33,60.08,81.45,86.15,85.34,81.0,46.37,56.44,38.76,59.63,67.58,54.79,57.4,34.496,0.339,0.221,24.114,0.694,0.682,30.429,36.345,0.477,0.278,0.406,0.262,42.743,1.861,0.837,-0.469
E08000033,Calderdale,E01010989,Calderdale 018A,121000,60.97,46.86,63.48,69.68,78.63,69.84,66.94,65.69,71.77,76.8,84.86,85.36,73.87,74.45,65.1,69.02,74.26,73.91,81.02,66.81,72.0,82.47,78.3,90.03,91.31,94.16,91.22,90.14,64.56,57.93,70.11,72.93,80.29,69.27,70.29,30.615,0.251,0.211,14.9,0.814,0.676,10.595,56.216,0.293,0.221,-0.102,0.223,29.627,-1.371,1.076,0.746
E08000033,Calderdale,E01010990,Calderdale 018B,145000,44.43,31.18,26.56,36.05,43.21,58.6,41.2,65.95,64.19,58.11,64.77,68.86,73.87,67.29,56.22,55.03,47.4,48.97,54.9,57.32,54.59,83.21,78.8,79.49,82.74,85.63,91.57,85.54,55.22,43.31,39.08,44.61,50.43,59.7,50.34,21.563,0.247,0.148,24.131,0.299,-0.05,22.312,19.332,0.419,0.184,0.511,0.247,49.738,-2.734,0.19,-0.285
E08000033,Calderdale,E01010991,Calderdale 018C,156000,47.36,24.53,28.1,34.47,43.55,58.19,39.64,65.82,61.1,59.12,68.92,72.42,74.23,68.12,57.95,53.45,49.16,52.49,58.21,59.55,56.49,81.64,71.79,76.73,81.32,85.39,90.18,83.76,56.97,38.98,40.72,45.97,52.42,60.58,50.78,18.74,0.167,0.114,20.019,0.233,0.034,22.373,33.322,0.321,0.114,0.379,0.22,49.212,-2.479,0.707,-0.191
E08000033,Calderdale,E01010992,Calderdale 018D,128000,54.91,53.81,58.51,47.16,63.08,65.51,58.65,64.93,73.65,73.02,72.61,76.26,72.58,70.73,61.84,68.4,69.19,61.78,69.04,63.28,65.48,82.82,77.4,87.86,86.23,90.03,91.47,87.75,61.02,61.41,65.11,56.3,66.83,65.53,63.28,21.759,0.226,0.122,24.253,0.435,0.449,13.056,35.815,0.372,0.195,0.381,0.267,36.789,-2.709,0.809,-0.349
E08000033,Calderdale,E01010993,Calderdale 018E,130000,50.65,58.9,52.64,38.45,57.13,63.38,55.64,64.73,73.81,69.73,65.78,70.07,72.18,68.46,61.87,72.4,70.72,62.14,69.62,63.45,66.43,82.7,77.37,85.85,81.98,86.64,91.4,85.7,60.05,65.8,63.28,52.19,64.14,64.61,62.39,37.608,0.367,0.191,44.73,0.867,1.399,18.577,33.922,0.493,0.293,1.237,0.325,37.574,-0.425,0.55,0.436
E08000033,Calderdale,E01010994,Calderdale 008E,108500,,,,,,,,,,,,,,,,,,,,,,,,,,,,,,,,,,,,,,,,,,,,,,,,,,,
E08000033,Calderdale,E01010995,Calderdale 012E,115000,63.09,73.38,68.39,82.82,87.55,75.56,80.19,65.81,85.24,80.89,91.88,92.26,75.05,78.78,64.19,82.68,78.34,81.66,90.34,66.65,77.74,81.77,85.27,89.02,93.57,95.42,90.53,91.44,64.47,78.41,74.57,82.95,89.32,71.91,78.94,55.628,0.492,0.31,48.305,1.553,0.663,16.595,75.25,0.505,0.655,0.144,0.47,20.995,1.686,1.569,0.675
E08000033,Calderdale,E01010996,Calderdale 014A,82500,62.4,78.34,66.25,82.29,87.54,76.12,81.31,65.76,89.89,79.97,92.23,91.92,75.23,79.4,62.73,84.44,75.5,79.79,89.87,65.32,76.96,81.84,88.49,88.51,93.63,95.88,90.65,91.93,63.37,82.01,72.09,81.83,89.07,71.56,79.03,50.78,0.49,0.27,58.22,0.762,0.814,15.165,73.601,0.593,0.476,0.507,0.519,20.885,1.311,1.752,0.078
E08000033,Calderdale,E01010997,Calderdale 009C,213500,46.34,57.39,37.43,43.78,57.18,68.62,55.57,62.88,81.05,64.96,76.49,79.73,73.33,71.98,54.78,71.77,51.52,55.85,64.04,57.78,60.56,79.9,81.66,76.97,82.33,87.85,89.02,85.21,54.29,65.13,46.22,52.22,61.84,64.44,59.58,11.085,0.132,0.087,9.507,-0.547,-0.49,17.258,29.916,0.237,0.058,-0.58,0.203,40.54,-1.882,0.563,-0.061
E08000033,Calderdale,E01010998,Calderdale 010C,120000,55.85,72.86,64.09,64.97,78.46,74.91,72.91,64.75,88.9,76.85,85.32,87.03,74.94,76.83,58.03,80.95,68.12,67.74,80.55,61.2,70.06,80.54,87.56,84.99,88.03,93.67,89.51,89.36,58.76,77.59,67.07,67.9,80.06,69.06,71.86,37.528,0.477,0.207,33.06,0.369,1.178,14.214,39.326,0.718,0.258,0.447,0.34,28.143,0.21,0.868,-0.173
E08000033,Calderdale,E01010999,Calderdale 009D,156000,50.62,62.58,54.31,51.28,69.35,71.86,63.54,64.13,86.28,73.23,81.29,85.7,74.55,75.24,56.42,76.51,61.42,61.43,73.57,59.55,65.67,80.18,85.52,82.32,85.38,92.4,89.24,87.96,56.47,70.16,59.12,58.57,72.4,66.86,65.7,19.548,0.289,0.128,19.375,-0.123,0.056,15.7,26.791,0.517,0.122,-0.061,0.268,34.226,-0.546,0.471,-0.148
E08000033,Calderdale,E01011000,Calderdale 010D,88000,58.64,77.07,64.74,71.37,79.66,75.95,76.07,65.24,90.29,78.34,88.62,88.08,75.18,77.98,59.23,82.2,70.46,70.95,82.23,62.06,71.73,80.76,86.57,85.79,89.75,93.68,89.67,89.74,60.21,80.4,68.66,72.49,81.5,69.95,74.09,48.711,0.524,0.238,60.635,0.409,0.778,13.889,70.035,0.659,0.277,0.929,0.48,25.903,0.433,1.498,0.408
E08000033,Calderdale,E01011001,Calderdale 014B,90000,61.01,73.79,62.09,77.02,84.31,75.9,77.8,65.48,88.61,78.15,90.68,90.34,75.09,78.55,60.79,81.11,71.38,74.89,86.85,63.35,73.96,81.44,88.17,87.15,92.83,95.21,90.23,91.31,61.78,78.13,68.01,77.03,86.01,70.52,75.98,54.469,0.61,0.266,63.156,0.765,0.398,15.484,66.975,0.697,0.6,0.649,0.548,23.939,1.12,1.44,0.26
E08000033,Calderdale,E01011002,Calderdale 014C,100000,58.91,80.65,62.75,73.97,82.44,75.92,78.28,65.46,92.5,79.28,89.82,90.28,75.26,78.96,60.37,83.93,71.16,73.9,85.38,63.15,73.75,81.41,89.97,87.24,91.57,94.6,90.29,91.06,61.04,83.14,68.22,75.15,84.43,70.45,76.1,42.036,0.449,0.226,38.636,0.616,0.679,11.57,72.733,0.602,0.201,0.378,0.386,23.84,-0.014,1.547,0.502
E08000033,Calderdale,E01011003,Calderdale 014D,82500,60.89,81.87,67.05,81.04,89.38,76.36,82.43,65.59,91.06,80.97,91.16,93.05,75.14,79.5,61.87,85.42,74.65,78.67,90.88,64.56,76.85,81.67,89.18,88.55,92.69,96.02,90.52,91.79,62.46,84.35,72.01,80.66,90.45,71.3,79.42,63.474,0.588,0.318,62.213,1.213,1.513,13.304,74.626,0.733,0.465,1.028,0.478,20.509,0.814,1.614,0.491
E08000033,Calderdale,E01032923,Calderdale 008F,110000,60.63,52.88,62.0,78.81,87.46,69.22,72.64,65.15,68.07,73.56,86.31,91.11,74.1,74.87,64.06,72.45,71.72,78.85,87.86,66.84,74.68,82.14,81.76,83.82,92.08,96.5,90.7,90.91,63.75,62.36,67.98,79.41,87.98,69.02,74.01,44.884,0.415,0.26,41.14,1.288,0.582,18.09,57.566,0.573,0.39,1.063,0.325,26.027,1.596,1.211,0.268
E08000034,Kirklees,E01011004,Kirklees 040A,140000,46.2,55.11,53.65,61.48,80.42,69.45,65.74,62.78,65.98,65.78,74.52,88.97,73.98,71.16,56.96,64.47,62.3,66.94,78.86,60.62,66.14,81.41,78.05,76.32,84.05,92.75,90.61,87.15,55.64,60.01,59.04,65.16,80.18,66.21,66.49,50.782,0.477,0.337,45.305,1.459,1.363,18.744,12.785,0.653,0.335,0.931,0.374,33.411,0.595,-0.079,-0.45
E08000034,Kirklees,E01011005,Kirklees 044A,198750,44.56,41.29,51.16,56.29,77.22,67.46,59.6,61.78,58.2,63.04,68.52,85.3,73.04,67.97,56.63,62.39,60.67,64.09,77.05,60.42,64.71,81.62,76.2,77.09,83.67,93.42,90.86,87.19,54.93,51.45,56.99,61.07,77.66,65.12,63.04,11.242,0.112,0.1,10.729,-0.064,0.13,12.843,13.634,0.229,0.057,-0.415,0.205,36.911,-2.93,-0.284,0.178
E08000034,Kirklees,E01011006,Kirklees 040B,233340,51.61,52.5,58.77,60.54,76.21,73.44,65.01,64.25,69.4,68.58,76.23,85.6,75.3,72.16,60.01,66.82,66.43,67.65,78.57,62.7,67.84,81.61,77.34,77.98,83.19,91.38,90.81,86.64,59.01,59.83,63.56,65.24,77.98,69.11,67.17,18.865,0.198,0.113,24.597,0.235,0.441,11.777,27.326,0.281,0.151,0.574,0.242,32.817,-1.746,0.392,0.175
E08000034,Kirklees,E01011007,Kirklees 042A,148500,60.3,49.37,60.52,68.38,84.7,77.41,69.78,65.81,69.47,72.34,79.37,89.64,76.61,74.21,65.01,70.72,71.73,74.4,86.44,66.33,73.57,82.33,79.66,82.82,87.16,95.21,91.57,89.36,64.37,59.85,67.31,72.19,85.95,72.73,72.23,17.492,0.179,0.114,7.421,-0.074,0.657,8.335,42.003,0.388,0.144,-0.558,0.175,27.754,-1.963,0.786,0.511
E08000034,Kirklees,E01011008,Kirklees 040C,135000,56.97,55.13,66.08,69.03,86.13,76.64,71.55,65.36,74.06,73.86,81.79,92.11,76.49,75.45,63.36,71.57,72.96,74.16,86.53,65.2,73.15,82.13,79.24,81.52,86.22,94.68,91.3,88.81,62.51,63.48,70.42,72.53,86.76,71.84,72.82,28.127,0.274,0.138,24.583,0.562,0.724,9.092,58.294,0.469,0.135,0.563,0.243,27.094,-1.433,1.2,0.402
E08000034,Kirklees,E01011009,Kirklees 044B,245000,46.48,58.82,56.28,58.38,71.66,68.76,63.66,63.24,68.11,62.68,75.01,83.68,74.38,70.85,54.65,63.4,58.81,62.95,72.22,58.82,62.67,81.43,80.26,78.19,84.94,93.02,90.79,87.77,54.29,61.61,58.18,61.91,72.65,65.08,63.82,18.34,0.183,0.137,9.983,0.271,0.568,15.347,25.378,0.311,0.09,-0.343,0.189,36.097,-1.215,0.497,-0.501
E08000034,Kirklees,E01011010,Kirklees 044C,158000,50.32,61.76,61.74,62.71,77.97,72.14,68.21,64.42,73.19,68.93,79.8,89.63,75.66,74.03,57.04,67.05,64.27,67.29,77.91,60.68,66.5,81.66,80.21,79.46,85.62,94.43,90.94,88.46,56.84,64.98,63.7,66.28,78.64,67.61,67.9,44.091,0.458,0.235,54.372,0.951,1.462,17.584,26.691,0.649,0.266,1.639,0.329,32.054,0.517,0.521,-0.381
E08000034,Kirklees,E01011011,Kirklees 044D,257500,48.52,48.12,52.88,50.98,62.78,69.66,57.06,63.53,67.78,64.09,72.65,79.93,74.57,69.98,55.67,63.1,56.96,59.36,65.89,59.15,60.71,80.85,75.4,76.14,80.79,88.8,90.26,84.84,55.44,55.85,55.77,56.77,65.29,65.66,60.09,7.069,0.059,0.061,4.446,-0.74,-0.121,17.422,25.54,0.169,0.034,-0.714,0.139,39.81,-1.539,0.309,0.203
E08000034,Kirklees,E01011012,Kirklees 040D,160000,47.83,44.72,60.31,58.65,82.6,70.91,63.73,63.47,63.11,69.09,73.73,88.89,74.51,71.04,60.31,66.62,69.2,69.44,83.38,63.28,69.55,82.1,77.06,80.4,84.69,94.18,91.26,88.04,58.25,55.32,65.74,65.11,83.43,68.16,67.46,23.241,0.263,0.146,27.548,0.582,0.424,12.77,21.746,0.392,0.193,0.735,0.247,32.397,-1.175,0.177,0.091
E08000034,Kirklees,E01011013,Kirklees 007A,237500,49.05,40.11,37.05,49.43,60.33,66.24,52.96,68.06,66.17,61.88,68.98,74.57,77.04,70.47,65.08,66.49,55.42,60.73,67.36,64.64,65.13,85.57,77.09,79.88,84.15,89.29,93.25,87.49,62.23,53.0,48.05,56.49,64.67,66.87,60.8,14.685,0.179,0.107,15.83,-0.198,-0.569,24.763,15.907,0.353,0.096,-0.222,0.246,39.151,1.093,-0.176,0.235
E08000034,Kirklees,E01011014,Kirklees 007B,109500,55.32,48.5,64.64,67.91,83.61,71.0,67.93,67.7,66.48,74.67,77.98,85.64,76.72,73.8,67.78,70.16,71.31,70.2,85.55,67.79,73.55,84.35,75.35,84.27,84.66,90.11,92.01,87.44,65.3,59.0,68.94,69.81,84.82,70.49,71.44,37.416,0.419,0.205,40.054,0.709,0.642,23.106,41.397,0.635,0.287,0.479,0.386,28.597,2.563,0.847,0.201
E08000034,Kirklees,E01011015,Kirklees 010A,:,57.14,64.08,76.65,80.25,88.12,74.8,76.82,68.26,82.44,84.69,89.04,91.51,77.76,79.22,66.39,80.46,81.63,79.56,90.51,66.63,77.88,84.69,87.62,95.22,93.22,95.84,92.28,92.9,64.9,72.43,80.04,80.59,89.62,71.77,77.69,45.105,0.471,0.252,54.755,1.008,0.762,22.534,36.304,0.587,0.493,0.358,0.506,22.292,3.084,0.678,0.297
E08000034,Kirklees,E01011016,Kirklees 013A,116000,57.34,58.51,69.65,76.41,84.83,73.44,73.26,67.97,77.48,80.76,86.39,91.43,77.29,77.87,68.35,76.28,75.41,75.67,87.8,68.46,76.39,84.8,87.27,92.46,92.58,96.05,92.42,92.69,66.16,67.45,73.53,76.82,86.78,71.97,75.38,38.819,0.417,0.189,41.936,0.711,0.48,21.103,60.337,0.555,0.487,0.06,0.431,24.589,2.531,1.152,0.82
E08000034,Kirklees,E01011017,Kirklees 013B,85000,57.77,67.06,83.17,80.64,86.33,76.21,77.66,68.59,86.5,88.88,91.87,92.72,78.42,80.7,66.63,81.11,84.52,80.3,87.84,66.93,77.64,84.51,90.19,96.98,93.75,96.45,92.09,93.48,65.24,74.49,84.55,81.34,87.54,72.61,78.02,40.262,0.48,0.214,55.066,0.683,0.058,14.69,47.211,0.582,0.562,0.24,0.521,21.949,1.091,0.969,0.293
E08000034,Kirklees,E01011018,Kirklees 013C,165000,56.93,64.32,76.07,76.81,82.27,74.56,74.46,67.63,82.51,84.69,89.37,91.01,77.47,78.9,66.45,79.87,81.43,78.79,86.95,66.66,76.77,84.18,86.94,94.14,91.69,94.86,91.8,91.98,64.8,72.31,79.68,78.75,85.18,71.66,76.14,34.439,0.421,0.176,42.284,0.548,0.623,18.617,38.814,0.559,0.503,0.273,0.418,23.845,1.975,0.83,-0.037
E08000034,Kirklees,E01011019,Kirklees 013D,133250,57.39,57.55,63.43,74.5,84.94,72.91,72.39,67.17,74.65,76.32,84.93,91.35,76.52,76.74,67.23,74.95,71.93,74.58,87.65,67.07,75.37,84.34,86.51,90.75,91.46,95.86,91.95,92.07,65.34,66.23,68.82,75.34,86.76,71.02,74.41,26.48,0.308,0.119,30.475,0.153,0.013,15.221,59.756,0.509,0.316,-0.253,0.376,25.538,0.855,1.21,0.503
E08000034,Kirklees,E01011020,Kirklees 013E,:,57.43,62.74,68.04,77.3,84.77,73.57,74.5,66.52,75.64,76.17,85.32,89.67,76.1,76.33,66.62,78.45,76.23,77.78,88.84,66.67,76.7,84.03,86.43,91.63,91.48,95.38,91.67,91.86,64.87,70.5,73.11,78.15,87.19,71.09,75.92,40.822,0.508,0.222,47.803,0.717,0.467,27.407,23.0,0.619,0.529,0.246,0.457,24.019,4.019,0.434,-0.698
E08000034,Kirklees,E01011021,Kirklees 014A,181500,55.16,59.06,57.24,63.0,72.8,71.93,66.47,68.01,75.9,75.18,82.51,85.48,77.45,75.99,66.37,73.77,65.17,68.47,76.46,66.2,70.78,84.78,82.93,85.23,88.09,91.44,92.48,89.57,64.41,66.58,62.47,67.19,75.38,70.24,69.59,12.955,0.176,0.078,14.042,-0.232,-0.441,20.019,25.454,0.387,0.065,-0.459,0.247,30.357,1.504,0.242,0.351
E08000034,Kirklees,E01011022,Kirklees 014B,197500,55.89,59.81,60.1,67.97,76.11,72.56,68.83,67.45,76.41,75.67,83.58,87.43,77.03,76.28,67.18,74.62,67.62,70.39,78.43,67.13,72.14,84.44,83.51,86.65,89.09,92.95,92.14,90.24,65.01,67.36,65.04,70.36,77.96,70.93,71.27,16.141,0.176,0.087,22.714,-0.433,0.326,21.712,27.938,0.318,0.065,0.018,0.294,28.634,2.215,0.444,0.091
E08000034,Kirklees,E01011023,Kirklees 007C,170000,55.07,61.98,66.69,73.56,89.78,70.91,74.44,68.59,80.73,79.52,84.08,94.69,77.6,78.75,65.15,79.18,75.06,73.81,91.34,65.49,76.25,85.1,85.71,90.38,89.65,97.05,92.62,92.18,63.69,70.69,72.02,74.5,90.95,69.45,75.85,28.707,0.301,0.155,29.007,0.286,0.662,15.62,51.686,0.425,0.173,-0.056,0.353,24.172,1.14,0.957,0.794
E08000034,Kirklees,E01011024,Kirklees 007D,161497.5,54.08,45.69,60.45,64.66,80.41,69.24,65.11,67.87,66.62,72.55,77.07,85.08,76.61,73.61,65.47,68.08,67.5,66.69,82.29,65.23,70.75,84.42,75.33,84.48,84.9,92.14,92.03,88.11,63.57,56.64,65.01,66.61,81.71,68.48,68.85,36.825,0.473,0.196,43.73,0.661,0.754,22.195,19.733,0.701,0.302,0.799,0.379,31.133,1.96,0.253,-0.447
E08000034,Kirklees,E01011025,Kirklees 016A,140000,53.78,68.7,74.18,68.56,79.73,75.91,73.04,67.47,85.26,82.94,87.02,87.94,78.13,78.35,62.6,79.89,77.84,71.7,79.66,64.01,72.28,83.94,86.81,93.29,90.39,94.59,91.82,91.52,61.6,74.76,76.87,71.52,80.23,71.09,73.19,44.885,0.501,0.241,53.922,0.709,1.46,17.649,26.818,0.694,0.249,1.172,0.401,26.584,1.405,0.32,0.313
E08000034,Kirklees,E01011026,Kirklees 016B,145000,56.53,74.37,81.43,71.94,85.89,76.81,77.76,68.32,88.52,87.81,89.45,92.12,78.59,80.37,66.07,83.26,84.74,76.31,84.46,66.39,76.3,84.45,90.54,97.43,92.89,97.66,92.21,93.71,64.56,79.35,83.88,75.44,85.61,72.65,77.34,24.228,0.297,0.145,33.36,0.287,0.215,16.559,26.786,0.451,0.248,0.434,0.344,22.511,1.542,0.312,0.33
E08000034,Kirklees,E01011027,Kirklees 006A,157500,51.93,59.61,51.79,64.08,71.21,71.31,65.61,68.88,79.72,70.02,78.5,83.64,78.36,75.95,62.72,76.51,63.58,69.51,80.46,64.39,71.09,85.33,85.97,85.33,88.51,93.77,93.08,90.86,61.47,68.25,59.08,67.86,76.59,69.18,69.41,24.232,0.28,0.154,26.503,0.396,0.557,16.259,23.658,0.383,0.124,0.343,0.294,30.584,0.401,0.142,0.39
E08000034,Kirklees,E01011028,Kirklees 006B,143000,53.94,71.02,59.02,68.08,81.84,72.41,73.24,68.57,84.17,72.98,80.2,88.19,77.9,77.45,62.54,82.17,68.67,71.23,85.34,63.68,73.63,85.35,90.07,88.96,89.46,95.84,93.01,92.28,61.76,76.89,65.04,70.56,84.04,69.32,73.9,32.942,0.315,0.184,31.718,0.595,1.291,18.053,39.31,0.49,0.335,0.283,0.346,26.011,1.585,0.732,0.423
E08000034,Kirklees,E01011029,Kirklees 010B,:,55.29,67.03,70.42,75.56,89.63,72.54,76.47,68.46,82.51,79.14,83.57,91.83,77.63,78.39,64.46,81.56,77.13,75.73,90.86,65.12,76.66,85.1,88.32,91.13,89.93,95.74,92.64,92.17,63.27,74.45,74.73,76.26,90.49,70.03,76.85,65.201,0.58,0.354,65.442,1.535,1.929,23.137,33.202,0.651,0.506,1.321,0.457,23.029,3.179,0.109,1.361
E08000034,Kirklees,E01011030,Kirklees 006C,133750,52.63,65.55,51.13,63.87,73.53,71.61,67.96,68.22,80.8,68.4,77.01,82.56,77.56,75.29,61.53,78.76,63.72,69.12,80.04,63.19,70.85,85.0,86.3,85.88,87.5,93.5,92.72,90.51,60.77,72.38,58.81,67.46,77.36,68.69,70.17,45.607,0.52,0.232,59.678,1.013,0.998,23.101,16.112,0.698,0.416,1.293,0.421,29.795,2.399,0.021,-0.224
E08000034,Kirklees,E01011031,Kirklees 006D,195000,53.25,63.56,52.87,62.9,72.51,74.7,67.44,68.86,83.32,74.05,82.35,83.67,78.8,77.16,61.3,77.19,65.46,68.31,77.01,63.49,69.71,84.86,86.18,86.9,88.11,93.14,92.69,90.54,60.85,70.8,60.7,67.06,75.44,70.35,69.51,16.933,0.18,0.105,27.467,-0.091,0.474,17.068,14.046,0.281,0.079,0.536,0.278,30.412,0.672,-0.324,0.292
E08000034,Kirklees,E01011032,Kirklees 010C,137500,56.0,70.12,73.51,75.02,85.07,75.14,76.36,68.47,86.03,82.07,85.2,90.23,78.11,78.97,63.56,81.74,78.49,75.18,86.93,64.59,75.35,84.79,89.05,93.77,91.16,95.54,92.39,92.48,62.86,76.33,76.89,75.88,86.39,71.0,76.17,42.47,0.492,0.205,59.924,0.76,0.99,21.309,25.707,0.698,0.462,1.679,0.364,23.779,2.664,0.178,0.52
E08000034,Kirklees,E01011033,Kirklees 012A,150000,55.77,74.74,65.54,70.69,75.76,76.64,73.88,68.92,90.57,81.97,88.83,87.49,79.13,80.01,62.32,81.85,74.06,73.77,80.35,64.11,72.89,84.6,91.18,92.41,91.42,94.98,92.39,92.49,62.08,79.05,71.08,73.6,78.77,71.55,73.98,27.625,0.364,0.161,29.9,0.347,0.391,17.134,31.243,0.549,0.146,0.315,0.328,26.008,1.342,0.592,0.007
E08000034,Kirklees,E01011034,Kirklees 010D,107500,57.23,68.76,79.33,77.95,87.25,76.69,77.73,68.84,87.3,85.85,89.75,91.06,78.73,80.29,64.42,81.92,82.41,77.78,87.46,65.31,76.39,84.58,88.32,95.11,92.75,95.46,92.17,92.72,63.74,75.77,81.65,78.78,87.68,72.11,77.37,41.333,0.467,0.221,56.049,0.794,0.614,20.055,35.58,0.584,0.49,0.75,0.466,22.459,2.456,0.74,-0.024
E08000034,Kirklees,E01011035,Kirklees 012B,120000,57.09,71.25,81.57,75.09,88.33,77.1,78.32,68.66,88.78,87.96,90.48,92.94,78.76,80.87,64.99,82.88,83.75,77.32,86.0,65.72,76.37,84.3,89.39,95.64,91.95,96.75,91.97,92.97,64.04,77.56,83.41,77.37,87.52,72.49,77.64,35.719,0.437,0.182,54.351,0.769,0.586,16.579,21.809,0.601,0.35,0.79,0.45,22.182,1.575,0.184,0.079
E08000034,Kirklees,E01011036,Kirklees 012C,115000,56.2,76.48,73.23,74.34,84.62,77.33,78.07,69.01,91.16,83.88,90.47,90.78,79.3,80.98,63.2,83.55,78.83,76.08,84.83,64.77,75.18,84.39,90.2,92.35,91.12,95.35,92.19,92.36,62.75,80.72,77.03,76.44,85.16,72.19,76.92,46.163,0.518,0.242,60.31,1.032,0.907,20.336,22.602,0.561,0.58,0.917,0.479,22.956,2.48,0.183,0.176
E08000034,Kirklees,E01011037,Kirklees 012D,177000,55.06,77.32,75.64,74.23,85.77,77.28,78.55,68.76,91.44,85.22,91.19,92.6,79.22,81.34,62.89,83.3,79.39,75.82,84.73,64.8,75.0,84.35,90.85,94.22,92.15,96.37,92.2,93.03,62.26,81.07,78.41,76.32,85.72,72.18,77.05,30.976,0.364,0.173,38.367,0.268,1.103,14.337,29.174,0.486,0.247,0.615,0.362,22.81,0.906,0.439,0.248
E08000034,Kirklees,E01011038,Kirklees 029A,110000,58.44,49.59,67.68,69.09,77.6,74.01,67.53,66.63,66.99,76.06,77.23,82.55,76.1,72.74,65.04,72.23,74.44,74.29,84.49,66.84,73.47,83.62,78.09,85.7,84.47,91.59,92.3,88.07,64.09,60.48,71.99,72.27,81.43,71.38,71.16,54.447,0.584,0.295,51.077,1.166,1.066,31.079,29.371,0.772,0.466,0.27,0.482,28.867,4.321,0.159,0.897
E08000034,Kirklees,E01011039,Kirklees 027A,158000,56.55,50.75,68.05,67.75,76.69,74.01,67.09,67.28,73.02,78.48,78.22,85.46,76.84,74.59,64.58,71.95,74.4,72.46,81.64,66.56,72.25,84.47,81.08,87.01,86.39,92.8,93.16,89.52,63.47,61.29,72.21,70.87,79.73,71.31,70.49,26.729,0.35,0.18,27.958,0.235,0.537,17.128,19.419,0.602,0.171,0.087,0.334,29.508,0.839,0.215,-0.36
E08000034,Kirklees,E01011040,Kirklees 031A,110000,59.54,55.77,78.15,74.92,86.4,76.16,73.65,67.38,76.01,86.52,84.05,92.79,77.27,77.36,64.4,73.37,79.98,75.88,87.94,66.21,74.75,84.84,82.72,92.41,89.52,96.37,93.55,91.81,64.03,64.69,79.86,76.1,87.63,72.16,74.65,44.209,0.452,0.2,35.675,0.926,0.778,28.076,69.053,0.59,0.345,0.514,0.353,25.307,4.052,1.394,0.65
E08000034,Kirklees,E01011041,Kirklees 029B,150000,57.2,56.22,66.63,67.74,79.97,73.82,69.54,67.08,72.46,77.44,77.82,85.06,76.56,74.25,65.07,74.4,74.27,74.1,84.16,67.12,73.75,84.23,83.95,87.98,87.3,95.3,92.92,90.71,63.9,65.18,71.5,71.64,82.45,71.46,72.23,41.286,0.393,0.195,45.653,0.589,1.224,22.581,59.457,0.673,0.221,0.462,0.423,27.717,2.549,1.171,0.653
E08000034,Kirklees,E01011042,Kirklees 027B,183000,56.21,44.97,75.48,60.21,70.4,74.15,62.58,66.45,67.79,84.51,76.11,83.74,75.99,72.92,61.62,63.91,74.99,64.41,72.94,63.4,66.29,84.23,72.86,89.11,83.42,91.34,92.94,87.61,61.38,54.54,75.95,63.5,72.45,69.82,65.45,17.255,0.216,0.114,8.184,0.233,-0.219,29.475,13.125,0.376,0.12,-0.635,0.191,34.482,3.212,-0.005,-0.739
E08000034,Kirklees,E01011043,Kirklees 031B,130000,61.69,60.03,78.99,77.67,90.34,77.47,76.93,67.28,76.91,85.37,84.38,93.59,77.25,77.6,65.92,75.18,80.98,77.31,90.37,67.09,76.47,84.35,82.89,91.45,88.79,96.66,93.16,91.55,65.48,67.75,80.72,78.01,90.66,73.17,76.88,40.065,0.428,0.23,35.765,0.474,0.784,25.706,51.624,0.561,0.446,0.35,0.37,23.082,3.759,1.055,0.388
E08000034,Kirklees,E01011044,Kirklees 031C,168000,59.62,55.62,79.93,71.64,84.7,76.24,72.61,67.04,74.22,85.9,82.18,91.15,76.85,76.34,63.9,72.0,79.76,73.04,84.7,65.47,73.03,84.49,78.36,91.34,86.98,95.02,93.25,90.24,63.68,63.94,80.48,73.14,85.15,71.81,73.25,27.83,0.327,0.149,30.174,0.495,0.444,21.8,34.339,0.424,0.234,0.384,0.322,26.7,2.474,0.796,-0.545
E08000034,Kirklees,E01011045,Kirklees 031D,95500,62.02,58.0,77.48,78.91,91.54,77.15,76.92,67.52,76.8,85.38,84.94,95.0,77.47,78.03,67.04,76.54,81.66,79.63,92.2,68.5,78.01,84.48,86.02,91.59,90.22,97.15,93.27,92.38,66.3,67.26,80.44,79.73,92.19,73.7,77.71,58.909,0.548,0.3,61.344,1.414,0.832,26.173,59.035,0.617,0.519,0.766,0.512,22.26,3.902,1.127,0.805
E08000034,Kirklees,E01011046,Kirklees 022A,409995,50.88,52.22,49.43,50.2,64.31,69.72,58.67,68.03,72.84,69.53,71.17,77.89,77.24,72.41,62.2,68.27,61.47,62.37,68.13,64.46,65.23,84.9,79.87,81.05,82.1,87.86,93.55,86.87,60.79,60.48,56.92,57.79,67.01,68.39,63.29,6.614,0.091,0.058,2.726,-0.244,-0.315,14.651,14.757,0.19,0.051,-1.481,0.149,36.642,-1.718,-0.878,0.863
E08000034,Kirklees,E01011047,Kirklees 027C,260000,51.91,42.35,49.94,56.13,62.52,70.9,56.84,67.12,68.44,69.99,72.09,76.49,76.4,71.26,60.76,64.01,61.04,62.23,66.89,63.15,63.61,83.96,75.67,79.54,81.37,85.98,92.64,85.32,59.96,53.24,56.92,60.35,65.51,68.25,61.62,8.502,0.083,0.076,5.577,-0.526,-0.358,25.2,12.154,0.167,0.035,-0.814,0.167,38.375,1.367,-0.233,-0.106
E08000034,Kirklees,E01011048,Kirklees 002A,158500,52.08,66.16,64.7,69.76,75.46,70.48,70.1,69.65,80.5,74.17,79.01,85.05,79.01,76.84,65.14,78.46,69.34,73.88,85.37,66.25,74.46,86.15,86.54,85.85,89.46,91.56,93.85,90.79,63.16,72.56,67.89,72.5,81.03,69.73,73.04,31.537,0.306,0.19,22.987,1.103,0.938,9.136,37.781,0.529,0.265,0.018,0.296,26.975,-1.394,0.609,0.661
E08000034,Kirklees,E01011049,Kirklees 002B,185000,51.17,59.94,60.0,64.18,64.97,68.21,63.76,69.68,77.9,71.25,75.78,78.47,78.87,74.84,62.69,74.23,63.42,67.73,74.64,63.97,68.9,86.16,86.17,83.81,87.35,88.81,93.82,89.39,61.4,67.35,62.57,66.82,70.6,67.61,67.44,20.857,0.23,0.142,19.146,0.085,0.893,13.893,20.908,0.383,0.108,0.06,0.253,32.593,-0.778,0.051,0.301
E08000034,Kirklees,E01011050,Kirklees 002C,230000,53.73,71.58,55.44,65.52,66.86,68.65,67.91,70.25,85.04,70.64,78.55,81.71,79.26,77.06,64.91,77.79,63.61,70.49,78.04,65.84,71.64,86.32,87.18,80.7,87.87,89.87,93.89,89.81,63.47,75.36,60.69,68.97,73.32,68.72,70.7,7.955,0.09,0.085,9.149,-0.306,-0.213,8.834,11.118,0.117,0.053,-0.834,0.214,29.644,-2.259,-0.318,-0.069
E08000034,Kirklees,E01011051,Kirklees 001A,193225,43.91,32.56,27.66,48.12,59.69,65.12,49.3,69.61,61.37,53.92,67.11,71.35,79.11,69.73,64.39,64.44,53.51,62.43,68.24,65.95,65.11,86.52,77.16,76.98,84.61,87.8,94.41,87.38,60.86,47.91,42.68,56.61,64.66,67.15,59.27,8.018,0.097,0.056,5.484,-0.554,0.182,15.393,21.93,0.149,0.073,-0.948,0.173,40.6,-3.108,-0.221,0.896
E08000034,Kirklees,E01011052,Kirklees 002D,171250,53.02,62.12,41.2,60.21,58.03,67.26,60.98,70.34,83.06,63.72,77.38,77.07,79.01,75.74,62.85,75.5,56.65,67.05,69.89,63.34,67.54,86.22,86.64,79.37,87.39,89.51,93.79,89.44,62.0,69.31,50.56,64.89,65.03,66.89,65.69,27.511,0.299,0.171,25.377,0.503,1.2,17.198,15.527,0.508,0.201,0.427,0.272,34.4,-0.075,-0.127,0.085
E08000034,Kirklees,E01011053,Kirklees 002E,182500,53.02,73.25,60.02,68.94,72.72,69.94,70.94,69.7,84.89,71.55,78.42,83.48,78.86,77.04,65.11,79.64,67.19,73.25,83.58,66.19,74.01,86.22,88.88,83.49,89.44,92.43,93.84,91.19,63.36,77.02,64.62,71.79,78.82,69.44,73.15,11.272,0.138,0.082,14.694,-0.394,-0.019,8.292,25.86,0.233,0.051,-0.204,0.231,26.851,-1.762,0.046,0.8
E08000034,Kirklees,E01011054,Kirklees 006E,301250,51.67,71.61,50.32,62.96,66.34,68.67,66.82,69.25,85.01,66.68,77.22,81.6,78.18,76.21,61.93,78.66,60.34,66.76,75.64,63.1,69.33,85.6,88.99,81.65,87.54,91.58,93.22,90.23,60.96,75.75,56.58,65.93,71.88,67.35,68.99,6.796,0.072,0.065,6.48,-0.576,0.164,11.786,14.295,0.123,0.037,-1.175,0.195,30.998,-1.212,-0.159,0.008
E08000034,Kirklees,E01011055,Kirklees 001B,224000,47.08,59.53,31.91,58.85,73.12,64.88,63.05,71.22,79.95,56.0,75.44,83.72,80.56,76.5,64.37,71.33,52.09,67.06,73.14,65.66,68.15,85.86,81.11,72.36,83.55,88.79,93.68,87.38,61.78,66.0,43.83,64.16,73.77,67.02,66.89,11.545,0.114,0.082,7.42,-0.324,0.043,12.151,37.118,0.22,0.059,-0.949,0.198,33.048,-1.638,0.412,1.081
E08000034,Kirklees,E01011056,Kirklees 001C,220000,45.4,54.03,31.56,56.92,71.83,65.0,60.61,70.61,73.11,54.34,71.46,81.19,80.03,74.17,65.23,70.38,54.23,66.48,72.71,66.38,68.19,86.14,80.13,74.21,84.33,89.58,94.03,87.88,61.87,62.35,44.77,62.74,72.85,67.36,65.75,6.497,0.067,0.06,7.937,-0.524,-0.229,11.087,20.18,0.081,0.071,-0.938,0.205,34.142,-2.682,0.038,0.249
E08000034,Kirklees,E01011057,Kirklees 001D,184975,43.97,42.63,26.05,51.19,63.1,63.82,53.38,70.07,67.01,51.49,69.35,75.14,79.47,71.67,63.77,64.64,51.21,62.4,67.34,65.22,64.57,86.09,75.86,71.56,81.56,86.07,93.97,85.66,60.53,53.58,40.67,58.09,65.93,66.24,60.77,10.984,0.116,0.085,4.534,-0.287,0.093,16.727,27.742,0.156,0.127,-1.081,0.166,39.267,-1.667,0.131,0.808
E08000034,Kirklees,E01011058,Kirklees 001E,227000,44.22,36.15,28.49,49.41,64.66,64.89,52.02,70.38,63.7,54.76,67.9,76.71,79.72,71.46,65.94,65.98,55.5,65.08,71.93,67.26,67.38,86.87,79.87,77.69,85.26,89.44,94.72,88.44,62.03,50.58,44.15,58.53,69.02,67.7,61.68,14.483,0.176,0.106,11.085,0.256,-0.214,15.487,19.932,0.269,0.135,-0.652,0.227,38.352,-1.937,0.046,0.207
E08000034,Kirklees,E01011059,Kirklees 002F,101000,52.52,63.1,50.78,58.47,56.21,66.76,60.65,70.44,76.9,67.77,74.22,74.29,79.3,74.07,62.73,71.99,57.05,63.46,66.97,63.1,65.6,86.45,83.57,79.87,85.16,85.75,94.03,87.65,61.83,68.0,55.05,62.13,62.6,66.57,64.41,51.739,0.53,0.281,62.316,1.139,1.77,20.231,4.245,0.706,0.406,1.655,0.384,35.678,0.547,-0.567,-0.782
E08000034,Kirklees,E01011060,Kirklees 005A,169000,48.89,58.57,57.25,69.42,75.48,66.99,66.88,66.78,68.9,68.54,82.46,83.36,77.11,74.01,61.23,71.71,64.66,72.55,80.9,64.06,70.43,86.5,79.74,80.21,89.49,94.85,94.52,90.94,59.54,65.07,61.96,71.96,78.71,66.95,69.42,30.781,0.264,0.216,18.03,0.961,1.256,19.392,19.149,0.213,0.213,-0.344,0.279,30.519,1.313,0.032,0.147
E08000034,Kirklees,E01011061,Kirklees 005B,115000,49.89,55.16,65.56,75.12,80.05,67.85,68.91,66.99,70.0,72.75,85.61,87.08,77.29,75.45,63.64,72.3,72.13,78.38,86.9,66.59,74.2,86.99,81.48,85.18,92.64,96.9,95.03,92.82,61.34,63.59,69.71,77.53,83.97,68.54,72.31,49.259,0.418,0.26,38.905,1.531,1.789,19.359,46.612,0.607,0.363,0.865,0.336,27.67,1.728,0.686,1.247
E08000034,Kirklees,E01011062,Kirklees 003A,175000,48.01,47.15,34.03,48.74,63.74,63.53,55.19,67.28,64.42,58.54,71.79,76.96,77.35,70.71,61.78,66.55,58.19,65.89,72.82,64.84,66.46,87.11,79.01,77.46,86.34,92.52,95.15,89.58,59.77,56.63,48.11,58.94,69.06,65.75,62.41,11.136,0.115,0.074,9.087,-0.683,0.166,23.312,24.459,0.2,0.077,-0.759,0.21,37.482,1.028,0.157,0.437
E08000034,Kirklees,E01011063,Kirklees 005C,140000,49.32,55.7,67.42,75.54,81.93,68.67,69.77,66.16,70.97,73.21,85.24,87.45,76.77,75.18,64.46,74.23,74.85,78.79,87.38,67.06,75.11,85.87,80.7,86.3,92.3,95.92,93.8,92.02,61.62,64.76,71.99,77.89,85.07,69.1,73.11,22.72,0.216,0.123,19.676,0.593,0.913,10.714,34.977,0.29,0.224,0.117,0.251,26.784,-0.717,0.475,0.742
E08000034,Kirklees,E01011064,Kirklees 003B,295000,43.49,43.69,22.79,46.6,67.51,64.89,54.06,66.97,67.12,56.98,72.95,81.21,77.63,71.82,58.2,63.82,51.64,61.17,69.97,62.07,62.96,86.3,77.46,76.31,85.88,92.06,94.3,88.84,56.42,53.8,39.7,55.79,69.54,65.11,60.22,31.395,0.294,0.203,32.879,0.943,0.817,20.733,19.586,0.441,0.16,0.532,0.328,39.695,-0.225,0.039,0.181
E08000034,Kirklees,E01011065,Kirklees 005D,141475,48.52,62.65,60.01,70.45,79.97,67.97,69.67,66.28,70.44,70.29,81.95,85.43,76.88,74.26,61.27,73.78,68.11,73.75,83.97,64.57,71.94,85.89,79.87,81.23,89.25,94.5,93.89,90.63,59.41,68.19,65.07,72.96,82.37,67.62,71.34,21.429,0.213,0.137,20.557,0.181,0.718,12.28,34.319,0.343,0.135,-0.045,0.278,28.651,-0.504,0.653,0.167
E08000034,Kirklees,E01011066,Kirklees 005E,220000,47.88,53.05,61.21,69.32,75.77,67.9,65.59,66.07,70.5,70.73,82.9,84.66,76.8,74.2,60.82,69.66,67.32,71.88,80.29,64.02,69.8,85.34,79.53,82.34,89.36,93.51,93.3,90.18,58.95,61.39,65.17,71.63,78.6,67.32,68.59,7.972,0.099,0.075,9.582,-0.442,-0.334,14.074,14.086,0.183,0.046,-0.517,0.199,31.337,-0.438,-0.074,-0.239
E08000034,Kirklees,E01011067,Kirklees 008A,275500,45.75,49.73,43.37,58.22,70.99,66.35,60.11,66.13,65.51,63.61,75.96,79.81,76.81,71.52,59.38,69.0,61.65,67.8,76.53,63.07,67.36,85.42,80.13,79.03,87.82,91.6,93.53,89.24,57.56,59.1,54.18,64.29,74.32,66.17,64.91,11.437,0.144,0.086,7.399,-0.25,-0.001,17.34,20.957,0.26,0.091,-0.532,0.172,35.001,-0.172,-0.064,0.546
E08000034,Kirklees,E01011068,Kirklees 003C,183750,46.83,23.45,28.14,46.58,44.01,61.84,41.99,66.79,53.63,52.75,69.84,62.59,76.23,66.14,58.24,53.31,47.41,59.45,57.08,60.65,57.39,86.79,72.6,73.96,84.38,86.51,94.83,86.44,57.17,37.96,39.56,54.7,51.57,62.93,52.03,11.139,0.108,0.078,10.849,-0.504,-1.036,27.288,26.667,0.233,0.073,-0.367,0.202,47.956,-0.028,0.144,0.689
E08000034,Kirklees,E01011069,Kirklees 003D,233000,44.38,49.66,35.73,50.2,69.22,66.0,57.58,67.26,69.69,61.79,73.21,81.65,77.95,72.53,58.96,67.21,54.28,61.28,72.23,62.69,64.51,86.7,80.25,80.36,87.18,93.83,94.7,90.27,57.15,58.51,46.86,57.41,71.46,65.93,62.49,10.768,0.125,0.084,10.295,-0.153,-0.148,17.822,15.852,0.188,0.129,-0.743,0.223,37.431,-0.643,0.04,-0.326
E08000034,Kirklees,E01011070,Kirklees 052A,261001,35.49,31.03,29.76,41.55,34.6,47.03,37.25,54.03,44.46,47.6,60.65,59.49,64.64,56.15,48.91,44.44,38.54,48.18,45.94,51.1,47.32,80.77,64.32,65.09,76.1,78.93,90.06,79.19,46.87,37.66,35.3,46.28,41.59,50.73,44.08,15.53,0.096,0.078,5.63,-0.344,-0.434,33.242,50.939,0.154,0.088,-0.619,0.153,55.865,0.387,1.165,-0.311
E08000034,Kirklees,E01011071,Kirklees 049A,148000,38.91,34.74,20.42,49.42,57.01,59.81,47.77,58.4,52.26,50.59,67.08,75.43,69.57,63.29,51.91,50.2,45.9,58.6,64.15,56.53,56.2,79.89,77.74,68.0,79.99,86.58,89.47,83.55,50.17,42.48,35.35,55.29,61.6,59.52,53.49,12.672,0.106,0.077,12.386,-0.503,0.151,27.72,25.121,0.19,0.058,0.038,0.174,46.523,0.369,0.419,-0.198
E08000034,Kirklees,E01011072,Kirklees 049B,213500,41.54,36.08,32.63,57.19,66.46,61.49,53.36,58.48,51.55,55.13,69.79,80.47,69.56,64.56,54.73,54.24,52.94,64.93,72.72,58.57,61.34,80.62,79.28,72.65,83.87,91.12,90.08,86.34,52.57,44.87,44.56,61.96,70.41,61.24,58.51,14.818,0.138,0.091,9.837,0.043,0.267,22.357,29.093,0.192,0.129,-0.229,0.174,41.319,-0.099,0.5,0.057
E08000034,Kirklees,E01011073,Kirklees 049C,185000,43.3,38.69,52.95,67.07,68.28,57.99,57.06,56.08,46.82,58.1,71.29,78.91,67.07,62.67,59.44,56.84,60.36,70.21,76.72,61.0,65.54,81.02,72.86,74.39,84.89,90.57,90.43,85.95,55.64,47.11,57.41,68.94,73.15,60.58,62.03,26.806,0.243,0.169,20.978,0.493,0.55,23.727,40.085,0.365,0.175,0.47,0.217,37.887,1.063,0.878,-0.121
E08000034,Kirklees,E01011074,Kirklees 052B,260000,28.32,41.98,20.7,58.1,62.72,48.04,50.25,47.18,38.27,32.78,68.28,71.31,58.84,54.67,57.27,54.03,44.64,62.36,64.77,57.75,59.27,80.13,60.83,61.22,84.28,87.04,89.66,82.58,49.66,47.18,34.14,60.98,64.28,53.83,55.4,17.607,0.137,0.124,13.639,-0.048,0.072,22.733,38.787,0.21,0.106,-0.061,0.203,44.015,-0.681,0.836,-0.069
E08000034,Kirklees,E01011075,Kirklees 052C,168000,28.62,40.53,20.32,57.18,60.6,47.83,49.07,46.87,37.9,31.47,67.78,69.35,58.38,54.02,58.69,52.83,43.18,61.27,61.76,58.08,58.54,79.94,59.15,59.59,83.55,85.59,89.48,81.68,50.6,45.89,33.14,60.0,61.71,53.85,54.49,24.389,0.175,0.128,17.389,0.224,0.659,25.761,53.249,0.3,0.14,0.37,0.19,44.902,0.125,1.209,-0.28
E08000034,Kirklees,E01011076,Kirklees 052D,220000,33.07,37.95,25.65,50.35,52.28,49.98,45.75,51.05,41.14,42.48,66.01,69.53,62.42,56.6,54.73,52.22,45.83,59.54,63.17,56.61,57.3,80.46,66.65,67.38,83.59,88.13,89.97,83.77,49.64,44.45,37.27,56.07,58.69,54.48,52.72,23.646,0.204,0.148,16.996,0.253,0.219,28.828,40.841,0.3,0.103,0.148,0.218,46.865,0.624,0.863,0.052
E08000034,Kirklees,E01011077,Kirklees 045A,126000,43.78,42.19,41.05,53.56,70.87,66.98,56.9,61.36,60.46,65.31,71.39,85.31,72.43,68.54,55.26,58.29,54.32,62.64,72.86,59.02,61.95,81.06,82.95,76.61,84.07,92.19,90.53,87.43,53.81,50.29,49.3,59.4,72.7,64.21,60.56,21.266,0.195,0.113,24.516,0.302,0.178,17.191,44.814,0.325,0.141,0.608,0.235,39.339,-1.48,0.813,0.689
E08000034,Kirklees,E01011078,Kirklees 049D,176250,43.23,35.99,52.91,66.57,64.98,57.46,55.2,55.56,46.36,57.45,71.44,76.13,66.48,61.88,59.03,54.74,58.25,68.52,72.87,60.24,63.68,81.6,71.37,73.46,84.64,88.26,90.82,85.19,55.29,44.77,56.24,67.91,69.6,59.93,60.25,18.674,0.187,0.102,7.916,0.097,-0.044,24.662,46.481,0.276,0.13,-0.543,0.18,39.627,0.956,1.05,-0.203
E08000034,Kirklees,E01011079,Kirklees 047A,228100,54.95,56.4,62.76,69.36,81.22,75.58,69.98,64.96,79.44,75.43,83.39,90.18,76.06,75.93,61.73,70.16,68.14,73.12,84.15,64.23,71.39,81.39,80.2,80.37,86.08,92.67,90.79,88.01,60.96,63.83,66.46,72.28,83.27,70.87,71.31,41.903,0.448,0.257,36.859,0.936,1.02,14.259,41.332,0.595,0.321,0.648,0.347,28.648,0.143,0.829,0.271
E08000034,Kirklees,E01011080,Kirklees 043A,91020,59.29,56.13,65.82,77.14,85.64,78.38,73.64,65.5,76.72,76.51,85.05,91.79,76.5,76.39,64.75,74.07,74.28,79.27,90.18,66.83,75.91,82.12,81.52,84.18,88.79,94.4,91.46,89.68,63.94,65.22,71.12,78.8,88.36,73.41,75.17,48.863,0.496,0.256,52.137,0.614,0.906,18.544,69.88,0.68,0.353,0.685,0.445,24.84,1.848,1.506,0.362
E08000034,Kirklees,E01011081,Kirklees 043B,115000,58.0,60.18,64.83,73.96,81.36,76.93,72.51,64.86,77.01,74.29,82.76,89.31,75.82,75.27,62.91,73.85,73.24,75.81,86.31,65.29,73.62,81.69,83.37,83.68,88.74,94.13,91.06,89.61,62.39,67.26,70.05,75.55,84.37,71.97,73.44,50.228,0.503,0.291,43.384,1.209,0.982,15.477,54.439,0.556,0.39,0.49,0.407,26.582,0.803,1.118,0.394
E08000034,Kirklees,E01011082,Kirklees 043C,94250,61.09,56.41,64.24,79.87,88.06,78.65,75.13,65.88,75.03,75.98,85.54,93.02,76.69,76.61,65.87,75.75,75.4,80.86,91.13,67.72,77.14,82.46,79.77,84.58,89.98,95.75,91.72,90.27,65.11,66.0,71.02,80.79,89.99,73.95,76.43,50.736,0.509,0.25,57.737,1.14,0.422,23.418,63.385,0.582,0.704,0.581,0.504,23.541,3.201,1.443,-0.217
E08000034,Kirklees,E01011083,Kirklees 047B,225000,50.67,64.37,52.73,59.51,75.82,72.97,67.48,64.49,82.15,71.24,80.5,88.84,75.66,75.3,58.8,68.86,58.78,65.75,76.37,61.99,66.6,80.99,80.33,77.01,84.06,91.61,90.42,86.97,58.06,67.6,56.94,64.19,76.86,68.6,67.76,18.369,0.257,0.13,20.868,-0.065,-0.053,14.949,20.915,0.513,0.137,-0.076,0.284,32.217,-0.332,0.214,-0.12
E08000034,Kirklees,E01011084,Kirklees 047C,120000,53.24,61.31,55.9,64.95,69.44,73.79,66.31,63.86,78.29,68.73,78.25,80.63,74.77,72.66,60.17,69.98,63.54,68.36,76.39,63.12,67.9,80.91,82.54,78.79,85.44,90.72,90.33,87.3,59.42,66.27,60.78,67.65,73.6,69.43,67.76,53.989,0.631,0.297,54.273,1.209,0.926,17.499,25.889,0.74,0.619,0.831,0.444,32.287,0.451,0.289,0.285
E08000034,Kirklees,E01011085,Kirklees 047D,191250,48.67,67.2,45.59,53.98,62.54,70.61,62.5,63.67,81.84,66.41,76.73,80.55,74.78,72.77,58.73,69.26,57.47,63.88,70.53,61.83,64.81,80.57,82.56,76.95,83.42,89.55,90.03,86.32,57.45,69.25,52.99,60.6,67.55,67.37,64.63,27.455,0.338,0.201,26.721,0.518,0.306,15.578,19.435,0.466,0.203,0.185,0.314,35.351,-0.878,0.184,-0.241
E08000034,Kirklees,E01011086,Kirklees 050A,201000,42.39,51.73,34.75,45.18,49.87,65.05,51.09,61.93,73.28,58.92,69.19,70.72,72.86,67.71,55.49,61.76,51.42,57.93,61.26,59.39,58.84,79.7,78.8,73.6,80.08,85.51,89.31,83.57,53.73,57.46,44.79,53.29,56.71,63.53,56.55,8.98,0.084,0.063,4.661,-0.195,-0.102,19.403,25.314,0.17,0.046,-1.018,0.165,43.472,-1.951,0.376,-0.023
E08000034,Kirklees,E01011087,Kirklees 050B,210000,37.47,51.34,39.38,52.11,61.47,61.71,54.82,60.24,69.45,56.8,68.8,73.12,71.05,66.58,55.38,61.71,57.0,63.52,71.14,59.54,62.41,79.1,77.54,73.04,80.64,86.72,88.8,83.69,52.33,57.03,49.71,59.0,67.01,61.92,59.81,29.868,0.282,0.225,16.273,0.928,0.722,20.433,23.391,0.356,0.205,-0.143,0.243,40.202,-0.466,0.414,-0.48
E08000034,Kirklees,E01011088,Kirklees 050C,265000,39.28,55.14,37.23,54.94,56.74,62.58,55.21,60.16,73.49,55.21,71.23,69.83,71.1,66.91,55.5,64.74,53.11,61.88,65.64,59.27,61.13,79.21,80.42,73.98,82.11,87.37,88.93,84.59,52.79,60.54,46.64,59.6,61.95,62.19,59.33,3.161,0.045,0.052,5.742,-0.756,-1.551,15.808,4.01,0.096,0.031,-1.166,0.186,40.642,-2.805,-0.557,-0.92
E08000034,Kirklees,E01011089,Kirklees 032A,175000,38.77,28.58,41.03,55.86,65.17,62.72,50.81,63.33,53.87,59.92,69.42,82.83,74.25,67.86,53.09,49.52,46.71,56.18,59.57,56.21,54.9,83.61,72.57,71.5,82.94,89.8,92.45,85.96,51.58,39.04,45.0,57.06,63.34,61.09,54.39,22.125,0.237,0.14,23.327,0.401,0.264,23.098,21.721,0.382,0.145,0.469,0.244,45.602,-0.967,0.358,-0.538
E08000034,Kirklees,E01011090,Kirklees 037A,167500,48.26,49.5,49.66,58.94,71.35,70.95,61.37,63.56,64.1,61.87,72.02,80.88,74.37,69.49,57.7,65.48,59.2,64.64,71.87,61.06,64.32,82.27,75.39,76.27,84.3,90.68,91.23,86.59,56.68,57.39,55.51,62.75,72.19,67.13,63.66,29.306,0.29,0.186,35.912,0.681,0.941,14.46,20.972,0.41,0.225,0.909,0.302,36.237,-1.651,0.229,-0.155
E08000034,Kirklees,E01011091,Kirklees 032B,179000,38.36,26.55,34.45,49.73,55.86,60.74,45.87,62.98,51.12,54.9,65.59,75.49,73.64,65.37,52.1,46.43,41.01,51.48,52.58,55.18,51.27,83.49,71.21,68.28,79.65,85.47,92.3,83.64,50.8,36.51,38.91,51.81,55.27,59.65,50.32,8.139,0.082,0.059,9.064,-0.885,-0.35,23.628,21.19,0.155,0.04,-0.416,0.184,49.666,-1.913,0.246,-0.176
E08000034,Kirklees,E01011092,Kirklees 032C,255001.5,38.42,23.35,39.13,49.67,58.57,62.0,46.13,62.07,49.2,55.94,64.19,75.31,73.08,64.42,52.28,46.61,46.86,52.82,57.27,55.81,53.03,82.68,68.78,70.45,80.88,87.62,91.59,84.11,50.81,34.8,44.11,52.33,58.84,60.48,51.27,6.418,0.05,0.045,5.581,-0.491,-0.45,21.497,19.522,0.077,0.037,-0.625,0.153,48.727,-2.829,0.14,-0.085
E08000034,Kirklees,E01011093,Kirklees 035A,122500,53.39,58.0,44.75,63.4,68.11,72.37,64.17,64.91,73.78,63.51,79.84,82.74,75.44,73.09,59.67,71.49,56.31,68.26,71.91,62.34,66.5,82.29,81.29,74.38,85.36,89.17,91.19,86.9,59.28,64.94,51.9,67.05,70.85,68.47,66.21,59.536,0.586,0.364,53.634,1.427,1.586,19.169,17.192,0.726,0.398,1.256,0.388,33.785,0.64,0.011,-0.045
E08000034,Kirklees,E01011094,Kirklees 035B,97000,50.02,56.38,48.3,63.39,69.44,71.89,63.75,64.08,69.16,61.46,77.15,79.95,74.81,71.11,58.48,69.93,58.93,68.35,73.04,61.61,66.22,82.1,78.84,74.89,85.53,89.43,91.06,86.72,57.65,63.18,54.76,66.88,71.88,67.85,65.74,58.09,0.562,0.363,50.755,1.713,1.31,20.805,10.49,0.7,0.456,1.132,0.385,34.235,1.018,-0.185,-0.526
E08000034,Kirklees,E01011095,Kirklees 037B,170000,45.89,43.76,54.67,55.42,75.74,69.15,60.17,63.0,61.58,65.94,71.36,85.73,73.99,69.63,57.98,63.93,64.36,64.63,76.7,61.33,65.59,82.02,74.33,77.57,83.51,91.48,91.06,86.53,56.26,53.59,60.59,61.18,76.84,66.4,63.86,19.953,0.186,0.14,27.431,0.42,0.324,13.524,18.701,0.303,0.123,0.318,0.305,36.053,-2.065,0.103,-0.089
E08000034,Kirklees,E01011096,Kirklees 035C,164500,57.18,59.38,60.42,68.76,84.88,75.74,71.99,65.06,74.74,69.52,80.76,89.06,75.97,74.62,62.26,73.6,68.06,73.81,84.85,64.36,72.42,81.91,81.03,77.99,85.68,92.63,90.99,88.02,61.81,66.62,65.19,72.17,85.2,71.0,72.54,17.832,0.205,0.128,25.554,-0.006,0.135,9.235,22.493,0.386,0.101,0.113,0.31,27.416,-1.436,0.17,0.2
E08000034,Kirklees,E01011097,Kirklees 037C,176000,54.67,57.78,62.29,68.07,82.82,75.21,70.49,64.74,71.69,68.9,79.47,87.93,75.69,73.64,62.46,73.18,70.25,74.09,85.06,64.55,72.61,82.37,80.65,80.53,87.74,94.93,91.44,89.38,61.33,65.44,67.15,71.91,84.32,70.82,71.97,25.96,0.277,0.194,26.601,0.343,0.785,9.95,21.74,0.392,0.166,0.269,0.303,27.941,-1.249,0.188,0.058
E08000034,Kirklees,E01011098,Kirklees 035D,120000,59.08,57.63,63.23,71.29,89.32,76.86,73.78,65.3,74.35,71.16,80.99,91.04,76.23,75.09,64.37,73.73,72.22,76.39,89.11,65.87,74.86,82.11,81.39,80.16,86.62,94.4,91.23,88.96,63.62,65.74,68.7,74.54,89.44,72.24,74.57,26.878,0.267,0.156,28.893,0.383,0.511,13.763,47.332,0.363,0.191,0.58,0.286,25.407,0.454,0.969,0.306
E08000034,Kirklees,E01011099,Kirklees 037D,178500,50.78,54.87,60.89,63.87,82.2,73.45,67.99,64.13,69.06,68.68,76.62,87.9,75.14,72.49,60.66,70.62,69.06,71.1,82.8,63.44,70.45,82.37,80.19,80.53,85.98,93.84,91.42,88.63,59.23,62.68,65.9,68.4,82.91,69.45,69.75,24.272,0.283,0.159,27.062,0.639,0.33,12.806,21.692,0.479,0.154,0.517,0.276,30.138,-0.613,0.067,0.352
E08000034,Kirklees,E01011100,Kirklees 022B,128500,49.22,46.96,40.65,50.97,64.93,64.14,56.39,65.42,63.06,56.92,66.68,75.37,74.76,68.35,61.57,65.59,58.14,65.81,73.1,63.83,66.2,85.39,79.3,79.3,83.97,90.19,93.89,87.97,59.64,56.05,50.87,59.47,69.66,65.35,62.56,35.211,0.334,0.241,27.77,0.998,0.905,25.498,19.086,0.474,0.239,0.178,0.324,37.457,1.637,-0.169,0.555
E08000034,Kirklees,E01011101,Kirklees 025A,116000,53.23,55.04,45.38,57.54,72.74,69.43,63.37,66.46,70.27,65.22,74.41,82.61,75.9,72.46,63.33,71.73,63.24,69.35,77.01,65.56,69.66,84.17,78.84,81.73,84.99,91.45,92.68,88.2,61.81,63.3,55.96,64.64,75.49,68.67,67.49,58.845,0.564,0.338,54.914,1.354,1.451,31.231,21.563,0.707,0.457,1.301,0.391,32.51,3.9,0.076,0.318
E08000034,Kirklees,E01011102,Kirklees 022C,275000,52.1,60.08,55.94,50.31,63.27,68.42,60.79,66.77,70.71,69.31,67.99,74.7,75.94,70.4,60.94,69.74,64.77,61.84,66.37,63.47,64.61,84.54,74.09,79.18,79.96,86.12,93.12,85.07,60.07,65.12,61.48,57.33,65.49,67.23,63.65,7.209,0.079,0.062,5.401,-0.397,-0.04,17.513,13.416,0.161,0.061,-0.948,0.172,36.293,-0.452,-0.491,0.457
E08000034,Kirklees,E01011103,Kirklees 025B,100000,50.21,40.94,32.18,50.65,66.72,64.99,55.13,65.11,58.42,50.67,66.46,74.21,74.41,67.22,63.87,65.83,56.55,68.09,77.58,65.87,68.55,84.8,75.8,75.98,83.13,89.78,93.26,86.92,61.3,52.75,46.15,60.44,72.66,66.66,63.19,42.332,0.443,0.286,38.189,0.983,0.224,27.263,31.398,0.648,0.295,0.685,0.352,36.773,2.229,0.319,0.77
E08000034,Kirklees,E01011104,Kirklees 025C,147000,51.33,51.27,43.47,52.24,67.16,66.8,59.13,65.39,64.89,58.28,67.69,75.38,74.7,68.77,62.18,68.66,59.79,66.03,73.23,64.47,67.09,84.38,76.83,77.5,82.08,88.78,92.89,86.44,60.5,59.72,53.03,60.2,70.73,66.85,64.16,41.862,0.396,0.278,33.651,1.114,1.042,28.686,18.751,0.555,0.268,0.453,0.344,35.747,2.783,-0.108,0.402
E08000034,Kirklees,E01011105,Kirklees 025D,180000,53.72,64.45,58.22,59.0,76.28,71.05,67.98,67.18,75.5,72.07,74.22,83.23,76.44,73.73,62.98,73.84,67.19,68.69,74.96,65.18,69.4,84.13,79.78,81.89,82.9,88.56,92.75,87.01,61.8,69.42,63.87,64.93,76.08,69.27,69.3,33.685,0.414,0.207,30.751,0.936,0.724,24.216,5.075,0.502,0.498,0.506,0.313,30.699,2.54,-0.765,-0.268
E08000034,Kirklees,E01011106,Kirklees 029C,110000,55.37,47.38,47.42,59.88,77.27,70.98,63.62,66.58,67.05,66.84,76.33,86.37,76.06,73.05,64.3,69.3,65.26,71.02,81.05,66.1,70.95,84.13,77.76,81.1,85.97,93.75,92.69,88.93,62.92,58.07,57.99,66.62,79.74,69.64,68.31,60.938,0.642,0.328,51.532,1.454,0.915,30.889,35.482,0.885,0.481,0.941,0.414,31.615,3.943,0.433,0.881
E08000034,Kirklees,E01011107,Kirklees 029D,88000,63.39,42.86,64.15,79.8,92.15,77.44,72.87,66.76,67.06,75.57,82.67,92.78,76.71,75.41,69.54,71.72,76.98,81.21,92.62,70.1,78.27,83.35,74.22,85.19,86.83,95.55,92.26,89.25,68.1,56.74,71.82,80.72,92.56,74.52,76.01,49.794,0.455,0.236,46.307,1.478,1.444,26.282,47.791,0.762,0.628,0.728,0.403,23.961,3.813,0.742,1.196
E08000034,Kirklees,E01011108,Kirklees 022D,170000,47.56,40.01,35.0,49.17,61.39,61.83,52.44,65.18,60.17,54.07,65.59,74.09,74.53,67.4,59.68,58.77,51.9,61.11,67.85,62.24,62.04,85.53,76.64,78.41,83.36,89.53,94.0,87.36,58.03,49.33,44.98,56.3,65.36,63.53,58.74,19.019,0.182,0.125,17.603,0.084,0.197,29.25,18.293,0.337,0.1,-0.088,0.252,41.286,1.857,-0.111,0.364
E08000034,Kirklees,E01011109,Kirklees 054A,325975,32.01,41.87,42.94,42.52,56.13,52.28,47.33,51.42,59.6,54.98,55.24,64.68,63.24,57.05,41.44,57.35,41.25,46.83,55.45,47.03,49.19,80.85,75.78,70.44,78.07,81.64,89.62,81.83,40.94,49.67,42.7,45.61,56.3,51.11,49.16,8.385,0.093,0.053,4.717,-0.692,-0.582,27.04,22.837,0.16,0.05,-0.95,0.162,50.771,-0.721,0.358,-0.318
E08000034,Kirklees,E01011110,Kirklees 057A,289950,34.66,41.61,36.44,36.79,52.97,50.57,45.21,50.73,58.28,50.52,53.21,63.44,61.45,55.79,41.46,57.32,42.91,46.14,58.15,46.26,49.76,80.92,68.43,71.47,76.44,78.85,89.34,79.91,41.44,49.45,40.63,42.65,56.17,49.82,48.51,12.148,0.112,0.075,4.436,-0.288,0.068,26.398,29.636,0.222,0.075,-1.241,0.17,51.432,-1.112,0.443,0.29
E08000034,Kirklees,E01011111,Kirklees 057B,230000,36.44,49.2,31.03,40.36,57.98,51.38,49.5,51.75,58.64,47.45,53.0,65.9,62.55,56.71,44.4,62.6,44.29,51.14,63.33,48.86,53.92,82.41,73.97,73.79,80.3,83.81,90.62,83.39,43.87,55.72,38.93,46.63,61.15,51.5,52.47,11.173,0.127,0.079,7.229,0.05,-0.217,24.551,9.471,0.188,0.083,-0.62,0.177,47.495,-0.869,-0.28,-0.417
E08000034,Kirklees,E01011112,Kirklees 057C,232500,36.16,51.72,29.3,40.0,57.04,51.22,49.71,51.87,59.34,46.65,52.88,65.16,62.66,56.71,44.43,62.06,43.95,51.49,62.73,48.65,53.7,81.93,71.82,72.6,78.24,81.7,90.16,81.88,43.83,56.84,37.98,46.64,60.39,51.34,52.44,13.621,0.142,0.09,7.037,-0.043,-0.321,31.222,15.528,0.184,0.131,-0.731,0.182,47.553,1.197,0.139,-0.953
E08000034,Kirklees,E01011113,Kirklees 054B,242000,34.56,53.93,56.84,48.26,64.97,55.82,55.52,50.95,70.66,63.82,61.87,72.06,63.01,60.75,44.32,66.36,51.1,54.05,66.37,49.67,56.08,80.43,76.9,73.76,79.98,82.18,89.2,82.53,43.28,60.44,54.31,52.15,66.13,53.95,56.32,7.706,0.089,0.069,4.596,-0.542,-0.641,23.712,14.39,0.179,0.058,-1.229,0.172,43.628,-0.245,-0.104,-0.114
E08000034,Kirklees,E01011114,Kirklees 054C,307500,36.02,59.18,57.95,50.01,67.55,56.41,58.32,51.36,73.39,63.43,62.46,72.28,62.97,61.42,44.88,69.63,53.54,56.03,70.37,50.43,58.28,80.82,77.82,73.67,79.89,82.41,89.43,82.79,44.03,64.74,56.09,53.93,69.31,54.57,58.65,21.463,0.217,0.166,17.457,0.497,0.03,25.684,10.867,0.263,0.192,-0.112,0.253,41.267,0.895,-0.364,-0.014
E08000034,Kirklees,E01011115,Kirklees 057D,310500,32.62,23.94,19.04,47.28,52.14,47.98,40.84,49.37,46.02,37.63,59.0,63.52,60.48,54.16,41.03,48.75,33.19,50.37,59.11,46.79,48.77,79.61,67.16,67.17,78.62,78.83,88.64,79.66,40.52,35.86,27.44,49.7,56.29,48.81,46.11,9.781,0.082,0.071,5.238,-0.51,-0.725,29.232,24.752,0.13,0.055,-1.156,0.179,53.647,-0.515,0.517,-0.846
E08000034,Kirklees,E01011116,Kirklees 057E,265000,34.77,29.06,29.74,50.28,63.9,51.59,47.35,50.13,55.4,49.66,60.87,71.38,61.08,57.62,42.21,53.61,40.78,53.03,68.51,48.17,53.16,80.29,68.37,73.19,80.81,83.24,89.03,82.04,41.86,41.13,36.57,52.44,66.69,51.16,51.28,8.372,0.098,0.081,4.386,-0.381,-0.828,26.344,5.342,0.126,0.096,-1.003,0.16,48.55,-0.482,-0.526,-0.593
E08000034,Kirklees,E01011117,Kirklees 057F,316275,31.63,42.05,18.91,49.38,40.64,48.64,42.62,50.85,58.16,46.74,64.21,58.37,62.62,56.8,39.57,51.41,31.49,49.7,47.91,45.42,45.65,79.7,72.55,70.39,81.27,80.47,88.96,81.5,39.57,47.15,26.8,50.68,45.24,48.65,45.4,8.393,0.076,0.061,2.313,-0.585,-0.779,27.829,24.924,0.126,0.047,-1.284,0.133,54.392,-1.203,0.235,0.309
E08000034,Kirklees,E01011118,Kirklees 056A,301000,31.64,31.52,29.67,42.66,45.33,52.47,40.81,52.54,56.45,49.78,55.17,59.36,64.96,56.3,45.4,60.29,44.35,50.69,53.55,50.98,51.46,79.65,71.8,70.28,77.35,80.3,88.95,80.51,43.54,45.33,38.47,47.57,50.23,53.19,47.67,9.523,0.08,0.07,3.366,-0.448,-0.278,23.017,30.674,0.116,0.059,-1.464,0.159,52.3,-3.38,0.632,-0.224
E08000034,Kirklees,E01011119,Kirklees 054D,269875,27.75,25.02,7.11,36.85,35.41,45.63,32.89,53.54,43.14,27.07,47.33,49.57,64.65,51.64,40.95,45.79,22.37,40.48,35.58,45.59,40.21,82.24,70.48,59.26,74.3,75.47,90.64,78.54,39.97,35.01,16.09,39.44,36.25,47.52,38.27,14.771,0.181,0.122,7.275,-0.03,-0.974,27.802,13.119,0.245,0.191,-0.376,0.154,61.691,-3.628,-0.123,-0.25
E08000034,Kirklees,E01011120,Kirklees 056B,290000,31.17,30.22,29.86,42.73,42.2,52.15,39.45,51.95,52.24,45.74,53.32,53.85,64.44,54.15,44.8,55.71,42.14,49.28,48.47,50.88,48.9,79.58,71.39,69.47,77.77,80.34,88.97,80.51,42.97,42.46,37.21,46.76,46.0,52.95,45.63,4.129,0.054,0.038,2.575,-0.788,-1.278,23.268,8.229,0.104,0.029,-1.483,0.146,54.499,-4.614,-0.229,-1.072
E08000034,Kirklees,E01011121,Kirklees 018A,190000,49.37,49.28,44.92,54.23,68.27,69.81,59.39,65.32,68.61,64.61,74.28,79.13,75.1,71.06,65.68,71.89,65.62,69.05,77.4,66.0,70.58,84.75,79.96,83.05,86.36,91.59,92.35,88.79,62.3,60.26,57.02,63.05,73.5,68.98,66.27,39.479,0.391,0.211,54.402,0.779,1.324,26.288,12.734,0.532,0.346,1.256,0.393,33.747,2.554,-0.228,-0.046
E08000034,Kirklees,E01011122,Kirklees 018B,125000,48.35,44.52,43.0,50.09,66.5,69.1,56.55,64.81,64.88,62.0,69.73,75.4,74.53,68.89,64.06,68.78,62.85,66.32,74.76,64.79,68.26,84.96,79.7,83.81,86.69,92.53,92.54,89.22,60.96,56.23,54.61,59.57,71.19,68.04,63.74,67.812,0.61,0.352,79.285,1.734,1.657,29.577,6.388,0.751,0.409,2.1,0.44,36.494,2.854,-0.692,-0.137
E08000034,Kirklees,E01011123,Kirklees 018C,194500,54.89,58.57,67.84,76.77,83.64,71.59,72.37,66.61,77.15,79.45,86.22,90.81,76.61,77.02,68.79,75.62,75.6,77.0,86.32,69.1,76.3,84.99,86.68,91.13,92.73,96.16,92.69,92.71,65.7,67.18,72.8,77.61,85.47,71.36,74.92,34.783,0.349,0.191,35.389,0.864,0.963,16.941,41.742,0.528,0.281,0.504,0.352,25.027,1.396,0.739,0.649
E08000034,Kirklees,E01011124,Kirklees 018D,170000,50.31,44.34,47.17,59.63,68.04,68.31,59.02,65.06,67.63,66.39,76.89,80.14,74.91,71.41,63.54,66.66,61.9,66.83,73.27,64.14,67.35,84.69,84.27,86.54,90.44,94.34,92.33,91.09,61.1,55.38,56.05,64.5,71.38,67.41,64.46,21.309,0.205,0.127,28.84,0.295,0.295,25.03,18.488,0.256,0.231,0.462,0.301,35.503,1.903,0.13,-0.203
E08000034,Kirklees,E01011125,Kirklees 018E,209950,51.32,52.59,53.18,60.91,70.52,69.95,62.77,66.12,72.21,70.44,78.55,81.89,75.89,73.21,66.34,73.21,68.12,70.06,78.08,67.12,71.52,84.97,82.71,85.55,88.36,92.04,92.57,89.85,63.27,62.75,62.14,66.77,74.99,69.63,68.28,26.526,0.293,0.178,22.483,0.419,0.86,23.23,13.841,0.413,0.211,0.221,0.269,31.699,2.122,-0.211,0.062
E08000034,Kirklees,E01011126,Kirklees 014C,189000,51.0,52.88,41.37,54.0,63.21,69.36,58.86,68.06,71.62,65.7,75.54,78.1,77.41,72.94,65.1,71.13,58.07,65.99,70.2,65.31,67.62,85.72,81.04,81.26,87.75,91.01,93.43,89.31,62.67,61.98,51.47,61.55,67.56,68.64,64.66,41.554,0.376,0.24,37.16,0.871,1.826,26.146,25.057,0.527,0.247,0.917,0.313,35.367,2.225,0.03,0.754
E08000034,Kirklees,E01011127,Kirklees 014D,190000,54.23,60.22,59.91,63.84,73.15,72.12,67.04,67.81,77.81,75.79,82.7,85.42,77.4,76.19,66.95,76.25,68.04,70.52,78.73,67.17,72.46,85.3,86.49,87.35,89.95,93.63,92.98,91.27,64.55,68.35,65.18,68.58,76.68,70.77,70.71,15.278,0.194,0.092,13.508,-0.071,-0.085,19.368,29.211,0.417,0.057,-0.762,0.26,29.232,1.501,0.25,0.707
E08000034,Kirklees,E01011128,Kirklees 017A,72000,58.08,71.91,73.53,80.57,88.04,74.91,78.98,66.68,82.42,81.14,87.98,91.94,76.72,78.27,69.99,82.68,80.14,80.35,89.7,70.12,79.5,84.22,90.51,95.09,93.23,97.3,91.98,93.48,67.19,77.49,77.76,81.04,89.2,73.37,79.33,35.821,0.468,0.17,35.896,0.723,0.518,22.45,38.525,0.63,0.471,0.019,0.396,20.611,3.193,0.657,0.596
E08000034,Kirklees,E01011129,Kirklees 018F,242500,53.74,57.34,63.61,68.22,74.06,71.21,67.3,66.51,75.38,75.43,81.28,83.83,76.25,74.69,66.23,74.04,70.57,70.55,78.15,66.5,71.77,84.61,82.08,86.56,87.48,91.67,92.26,89.41,63.79,65.77,68.13,70.37,76.72,69.95,70.34,21.526,0.229,0.144,21.605,0.572,0.207,23.143,11.961,0.381,0.126,-0.14,0.297,29.607,2.434,-0.298,0.001
E08000034,Kirklees,E01011130,Kirklees 017B,90000,58.2,68.61,75.05,84.81,94.34,73.71,80.67,65.99,77.04,80.55,86.65,93.73,75.91,77.23,73.54,81.58,83.24,84.56,94.57,74.0,82.73,83.98,84.93,92.47,92.37,96.9,91.83,92.39,69.4,75.0,80.06,84.83,94.57,74.57,81.61,68.783,0.598,0.352,60.552,1.696,2.099,27.181,44.747,0.735,0.444,1.022,0.465,18.323,4.319,0.536,1.486
E08000034,Kirklees,E01011132,Kirklees 020A,281500,45.41,59.72,45.72,58.84,69.25,67.7,62.58,63.02,71.8,61.59,72.23,79.59,73.94,70.08,60.81,70.85,57.91,66.44,75.9,62.27,67.53,83.51,82.5,79.37,85.63,89.71,92.12,87.88,57.97,65.46,53.11,63.61,73.22,66.18,65.87,1.935,0.036,0.042,2.326,-0.929,-1.161,9.769,6.816,0.056,0.019,-1.704,0.145,33.914,-3.678,-0.721,-0.053
E08000034,Kirklees,E01011133,Kirklees 023A,78250,47.0,63.58,55.88,64.5,78.67,67.93,68.08,63.35,74.42,66.16,76.47,84.5,74.11,72.16,61.42,71.77,63.37,70.08,84.27,62.63,70.8,83.08,82.84,81.67,86.83,91.29,91.67,88.59,58.76,68.02,60.58,68.17,81.9,66.46,69.94,47.179,0.525,0.238,60.427,1.012,0.634,26.814,30.508,0.645,0.458,0.637,0.521,30.258,3.245,0.537,0.099
E08000034,Kirklees,E01011134,Kirklees 023B,141500,47.84,61.22,55.86,64.31,74.88,68.99,66.52,63.89,76.2,68.4,77.51,82.55,74.6,72.57,62.45,72.92,64.8,71.06,83.79,63.04,71.43,82.74,78.95,80.3,85.12,89.72,91.26,87.16,59.68,67.37,61.43,68.64,79.86,67.18,69.68,60.858,0.624,0.264,69.831,1.317,1.5,29.264,33.863,0.763,0.733,1.073,0.542,30.305,3.796,0.645,0.138
E08000034,Kirklees,E01011136,Kirklees 016C,152500,55.03,80.68,74.12,69.5,81.64,76.07,77.18,67.29,90.38,84.26,87.59,88.8,78.02,79.22,65.06,84.85,79.18,73.54,80.89,65.63,74.65,84.19,93.0,95.8,92.55,96.3,92.08,93.35,63.44,83.44,77.61,72.88,81.74,71.91,76.15,47.732,0.477,0.271,52.131,1.083,1.895,14.964,18.287,0.566,0.399,0.929,0.419,23.587,1.009,-0.083,0.309
E08000034,Kirklees,E01011137,Kirklees 016D,130000,51.86,69.86,62.06,62.32,67.81,73.18,67.65,65.77,80.26,74.04,80.49,77.6,76.35,73.87,62.11,78.55,69.53,67.75,71.37,62.97,68.78,83.64,87.51,91.94,90.15,92.63,91.66,90.82,60.63,74.53,66.85,66.39,70.19,69.21,68.85,44.689,0.435,0.247,48.298,0.898,1.791,26.453,15.648,0.58,0.239,1.152,0.366,30.792,3.074,-0.136,0.119
E08000034,Kirklees,E01011138,Kirklees 019A,138000,56.05,72.93,66.62,77.49,81.65,72.97,76.04,65.95,82.92,78.12,86.18,87.42,76.22,76.89,69.0,82.07,75.82,77.42,82.91,69.1,76.66,83.67,87.16,91.3,91.82,94.87,91.63,91.76,66.01,77.78,72.35,78.12,82.7,71.97,76.56,61.288,0.626,0.305,66.338,1.079,2.001,25.037,21.562,0.758,0.639,1.078,0.507,23.341,3.596,0.021,0.429
E08000034,Kirklees,E01011139,Kirklees 019B,145000,51.99,62.43,49.87,65.54,72.22,71.42,66.87,65.17,78.71,69.03,80.79,83.18,75.63,74.2,64.23,76.93,64.63,70.71,77.05,64.81,71.02,83.66,85.17,89.0,90.98,94.07,91.81,91.05,61.93,69.85,58.78,69.26,75.3,69.2,69.74,33.137,0.362,0.175,60.358,0.332,0.426,18.087,29.76,0.505,0.261,1.102,0.452,29.983,1.037,0.377,0.473
E08000034,Kirklees,E01011140,Kirklees 019C,:,52.55,64.21,49.8,67.52,72.46,71.77,67.89,65.27,79.35,69.39,81.55,83.87,75.78,74.59,64.04,76.99,64.23,70.27,75.62,64.56,70.51,83.37,82.62,86.86,89.58,92.87,91.5,89.92,61.95,70.85,58.55,69.95,74.72,69.26,69.91,66.349,0.716,0.328,74.148,1.441,1.082,29.772,20.665,0.854,0.646,1.202,0.566,29.874,3.938,-0.002,0.388
E08000034,Kirklees,E01011141,Kirklees 019D,134500,54.71,63.08,54.71,71.89,80.59,70.63,71.15,65.06,76.18,70.47,81.41,86.58,75.24,74.46,67.27,77.3,68.9,73.94,83.32,67.14,74.46,83.51,82.83,87.38,90.25,94.43,91.69,90.62,64.47,70.22,63.22,73.63,82.38,69.9,73.27,39.916,0.446,0.184,47.538,0.757,0.56,23.489,51.946,0.569,0.365,0.313,0.45,26.634,2.902,0.941,0.868
E08000034,Kirklees,E01011142,Kirklees 020B,217500,46.62,66.62,47.46,60.16,66.7,70.32,64.44,64.25,77.53,64.28,75.27,78.45,75.22,71.87,59.45,75.27,58.34,67.12,74.24,61.35,67.48,83.39,85.48,79.13,86.37,89.87,92.06,88.35,57.54,71.28,54.18,64.74,71.18,67.05,66.73,12.338,0.116,0.088,11.162,-0.371,0.324,16.632,28.059,0.19,0.059,-0.297,0.198,32.895,0.076,0.492,-0.048
E08000034,Kirklees,E01011143,Kirklees 023C,145000,47.0,62.62,54.07,63.66,71.82,69.01,65.69,63.56,75.74,66.5,75.81,80.35,74.33,71.67,61.8,73.12,62.76,70.13,80.23,62.57,70.1,83.27,85.87,82.39,87.66,91.49,91.88,89.25,59.04,68.17,59.49,67.78,76.58,66.94,68.58,60.011,0.652,0.283,72.081,1.157,0.947,27.574,33.421,0.751,0.68,1.096,0.567,31.375,3.258,0.772,-0.577
E08000034,Kirklees,E01011144,Kirklees 023D,76750,49.3,55.87,58.63,66.52,79.74,68.9,67.22,64.07,73.42,70.52,79.11,86.73,74.63,73.25,64.96,74.84,68.91,74.1,87.74,65.41,74.35,83.77,83.06,87.28,90.42,95.25,92.22,91.05,61.65,65.24,64.91,71.21,84.23,68.25,71.54,61.86,0.596,0.286,69.451,1.264,1.119,25.893,58.331,0.677,0.751,0.92,0.581,28.841,3.221,1.046,1.061
E08000034,Kirklees,E01011145,Kirklees 041A,187500,44.59,53.84,57.07,62.84,70.11,69.43,62.5,62.0,65.99,71.21,72.82,80.06,73.09,69.1,54.31,64.14,60.24,64.95,68.92,58.58,62.2,82.95,78.99,82.11,82.7,90.11,91.97,86.99,53.47,59.2,59.6,64.65,70.11,65.17,62.98,16.29,0.193,0.113,11.122,0.077,-0.095,21.973,23.908,0.38,0.095,-0.217,0.19,37.048,0.732,0.436,-0.486
E08000034,Kirklees,E01011146,Kirklees 036A,193000,42.18,53.29,55.41,64.05,64.65,67.28,60.32,61.74,66.84,72.66,75.25,82.56,72.95,69.91,53.69,63.81,59.71,64.96,64.98,57.9,60.88,82.93,78.92,81.85,83.28,90.06,91.92,87.06,52.5,58.81,58.65,65.36,65.81,63.86,61.48,8.834,0.087,0.063,7.156,-0.467,-0.415,25.152,19.006,0.207,0.036,-0.359,0.149,38.458,1.341,0.245,-0.565
E08000034,Kirklees,E01011147,Kirklees 041B,150000,46.34,45.67,48.54,56.86,74.26,70.15,60.43,61.92,61.13,66.31,69.03,83.0,72.95,68.18,55.88,62.63,58.06,64.54,74.33,59.54,63.73,82.52,76.34,80.0,82.93,93.07,91.73,87.39,54.86,54.01,54.57,61.57,74.84,65.94,62.87,18.324,0.182,0.117,17.421,0.139,0.223,20.332,30.321,0.282,0.113,0.243,0.21,37.002,0.265,0.52,0.133
E08000034,Kirklees,E01011148,Kirklees 041C,:,47.18,51.07,51.4,58.29,73.94,71.18,62.39,62.64,67.16,69.02,72.25,84.06,73.72,70.12,55.86,64.3,58.27,64.55,73.3,59.62,63.75,83.01,77.89,80.53,82.67,92.52,92.09,87.52,55.13,57.88,56.02,62.44,74.24,66.51,63.83,57.137,0.502,0.37,53.789,1.458,1.442,28.955,8.66,0.637,0.344,1.37,0.372,36.076,2.786,-0.251,-0.722
E08000034,Kirklees,E01011149,Kirklees 045B,105000,51.72,60.51,65.93,61.83,87.17,74.64,71.07,63.7,70.22,76.57,74.54,90.32,74.64,72.62,59.98,70.87,69.67,71.83,86.83,63.1,71.42,82.88,81.26,85.01,85.9,95.32,92.09,89.58,58.94,65.8,68.69,67.72,87.29,69.8,71.5,38.979,0.316,0.227,29.281,0.804,1.044,20.168,65.743,0.435,0.239,0.486,0.302,28.438,1.833,1.274,0.803
E08000034,Kirklees,E01011150,Kirklees 038A,200000,51.12,62.71,58.76,59.84,75.7,73.87,67.46,63.83,71.99,73.4,73.18,82.86,74.72,71.42,58.16,69.82,63.39,66.37,77.12,61.27,66.97,84.0,85.12,84.72,85.59,93.72,92.99,89.8,57.66,66.6,62.1,64.08,76.88,68.59,67.63,21.187,0.21,0.122,18.2,0.376,0.462,15.882,39.549,0.362,0.124,0.281,0.213,32.283,-0.033,0.759,0.361
E08000034,Kirklees,E01011151,Kirklees 036B,260000,38.36,46.42,36.42,51.52,42.12,60.47,47.52,60.63,60.47,61.95,71.41,72.07,71.73,65.92,49.54,54.43,44.59,53.08,45.49,53.86,50.31,82.94,74.18,73.55,79.46,83.33,91.88,83.36,48.84,50.85,41.95,53.82,45.37,58.75,50.53,9.588,0.063,0.042,3.813,-0.887,-0.765,31.374,38.986,0.128,0.042,-0.968,0.148,49.454,0.875,0.866,-0.217
E08000034,Kirklees,E01011152,Kirklees 041D,137625,43.65,48.94,48.28,63.06,70.39,67.46,60.61,60.54,57.56,62.84,70.23,82.15,71.65,66.96,54.45,61.22,56.62,65.06,69.52,58.43,61.77,82.05,78.72,78.84,84.51,93.04,91.26,87.75,53.15,54.93,53.56,64.6,70.65,64.08,61.82,11.457,0.106,0.064,3.038,-0.343,-0.051,23.067,38.767,0.144,0.096,-1.053,0.138,38.143,0.823,0.868,-0.263
E08000034,Kirklees,E01011153,Kirklees 045C,138500,48.98,48.06,61.99,55.84,83.85,72.33,64.87,63.24,66.35,74.45,73.2,89.32,74.17,71.43,59.38,65.97,66.44,68.81,83.89,62.54,69.02,82.08,79.34,82.92,84.88,94.18,91.41,88.46,57.88,56.97,65.17,63.55,84.27,68.44,67.67,23.037,0.21,0.14,16.978,0.394,0.33,15.404,49.564,0.339,0.141,-0.052,0.241,32.212,-0.17,1.072,0.079
E08000034,Kirklees,E01011154,Kirklees 045D,133000,45.86,44.5,54.36,50.78,76.37,69.58,59.75,62.7,65.91,72.73,71.91,88.56,73.66,70.72,57.2,63.07,59.73,63.84,76.53,60.72,64.81,81.32,81.53,79.36,83.15,91.94,90.79,87.24,55.71,53.83,58.21,58.82,77.17,66.29,63.37,25.486,0.283,0.164,33.978,0.495,0.301,16.866,22.771,0.491,0.157,0.941,0.279,36.495,-0.731,0.394,-0.501
E08000034,Kirklees,E01011155,Kirklees 038B,167500,47.11,50.19,49.61,58.05,62.23,70.88,58.53,63.27,70.39,69.1,73.22,77.27,74.26,69.93,55.22,63.24,57.6,62.21,65.74,59.07,61.03,84.57,80.66,81.49,83.8,90.44,93.42,88.01,54.8,57.13,54.89,61.26,64.84,66.16,60.84,8.557,0.097,0.067,7.847,-0.457,-0.151,18.23,19.4,0.175,0.062,-0.38,0.163,39.169,-0.982,0.246,-0.486
E08000034,Kirklees,E01011156,Kirklees 015A,225000,49.21,60.57,49.14,69.4,73.11,70.6,66.83,66.65,79.6,66.84,85.0,84.45,77.43,75.99,58.78,74.97,61.08,68.55,76.32,62.58,68.19,84.28,84.43,79.93,88.58,91.28,92.49,89.42,58.02,68.09,56.47,70.19,75.4,67.93,68.38,18.513,0.181,0.149,10.91,0.476,0.203,11.86,26.727,0.214,0.173,-0.469,0.212,31.443,-1.308,0.059,0.853
E08000034,Kirklees,E01011157,Kirklees 011A,153000,53.86,79.62,72.32,78.0,81.07,76.46,78.07,68.16,89.61,81.51,89.83,87.06,78.45,79.56,62.27,83.06,77.05,76.29,83.91,64.42,74.51,84.36,91.44,91.64,92.49,94.73,92.25,92.57,61.51,82.08,75.59,78.07,82.92,71.56,76.46,33.399,0.378,0.199,53.308,0.431,0.717,12.66,23.406,0.501,0.309,0.979,0.42,23.435,0.358,0.155,0.335
E08000034,Kirklees,E01011158,Kirklees 015B,174500,50.21,66.72,65.84,81.01,82.5,72.05,74.32,66.22,78.91,74.0,87.61,87.87,76.86,76.76,61.03,76.74,72.01,75.48,84.61,63.91,72.89,83.96,84.59,86.27,90.58,94.09,92.14,90.88,59.63,72.03,69.81,78.8,83.95,69.17,73.89,24.284,0.234,0.124,27.523,0.287,1.159,12.988,34.314,0.368,0.119,0.488,0.285,25.889,0.163,0.478,0.674
E08000034,Kirklees,E01011159,Kirklees 015C,250000,44.83,53.39,21.12,44.82,55.79,65.97,53.12,66.02,74.34,50.29,72.48,73.3,76.72,70.81,55.41,69.42,42.04,57.48,63.57,59.19,60.25,84.48,82.52,72.03,84.55,87.8,92.79,87.03,54.8,61.67,33.56,53.17,60.66,64.17,58.34,10.148,0.088,0.079,5.853,-0.217,-0.458,21.033,28.756,0.106,0.079,-0.874,0.174,41.596,-0.619,0.379,0.369
E08000034,Kirklees,E01011160,Kirklees 015D,217000,48.16,61.69,50.71,68.46,71.44,69.48,66.26,65.41,78.54,64.23,81.25,81.38,76.2,74.04,56.77,71.06,59.86,66.3,74.08,60.55,65.78,83.79,84.21,79.73,87.63,90.31,92.07,88.74,56.33,66.94,56.4,68.39,73.38,66.37,66.75,6.348,0.082,0.055,11.099,-0.437,-0.5,13.273,12.621,0.128,0.043,-0.275,0.196,33.142,-1.168,-0.202,-0.111
E08000034,Kirklees,E01011161,Kirklees 011B,159995,52.21,70.4,69.41,76.75,79.68,74.86,74.43,66.83,82.78,77.2,87.38,85.45,77.35,77.22,61.12,78.42,73.78,74.08,81.61,63.56,72.26,83.85,86.14,89.35,90.66,92.62,91.81,90.72,60.22,74.89,72.42,76.26,81.06,70.34,73.64,16.715,0.228,0.097,22.212,0.072,0.096,11.742,23.475,0.451,0.116,0.362,0.247,26.17,-0.266,0.167,0.311
E08000034,Kirklees,E01011162,Kirklees 015E,167500,48.06,55.43,36.54,58.66,72.74,70.13,62.69,66.67,78.74,60.37,81.98,85.32,77.65,75.45,58.02,73.58,54.32,65.77,77.14,62.08,67.19,84.45,85.53,78.91,88.74,92.88,92.79,90.06,57.28,64.75,47.18,63.95,75.69,67.5,66.17,11.0,0.099,0.093,10.733,-0.251,0.057,15.09,22.477,0.171,0.058,-0.241,0.188,33.726,-0.63,0.205,0.1
E08000034,Kirklees,E01011163,Kirklees 011C,160000,52.6,67.35,58.64,69.07,76.56,74.87,70.93,68.84,84.34,76.26,85.94,86.1,78.93,78.32,61.64,78.01,68.55,71.53,79.97,64.14,71.38,84.63,84.72,86.31,88.52,92.73,92.5,90.25,60.92,73.2,64.93,71.58,78.87,70.74,71.87,51.65,0.489,0.323,54.657,1.488,1.523,14.175,7.487,0.663,0.329,1.249,0.396,28.077,0.208,-0.478,-0.283
E08000034,Kirklees,E01011164,Kirklees 011D,186000,52.12,64.32,57.73,71.29,80.48,74.16,71.49,68.83,82.25,74.54,86.59,88.49,79.03,78.51,62.65,77.76,69.36,73.43,83.08,64.97,72.83,85.1,86.17,85.21,89.79,93.94,92.96,91.14,61.46,71.39,64.92,73.52,82.31,70.81,72.87,19.007,0.24,0.113,24.309,0.277,0.444,11.603,17.468,0.43,0.165,0.283,0.279,27.017,-0.449,-0.208,0.455
E08000034,Kirklees,E01011165,Kirklees 011E,162500,53.09,76.32,67.79,75.28,76.36,75.36,74.89,68.27,86.95,78.78,86.48,83.54,78.32,78.07,61.66,80.85,74.16,74.03,80.73,64.11,72.66,84.27,88.89,89.56,89.72,92.86,92.15,91.02,60.97,79.26,71.98,75.53,79.03,70.9,74.11,27.422,0.371,0.151,42.46,0.399,0.315,16.89,14.787,0.472,0.355,0.595,0.392,25.817,1.299,0.063,-0.653
E08000034,Kirklees,E01011166,Kirklees 011F,121000,51.96,73.97,69.35,83.6,87.72,74.3,78.91,67.98,83.94,78.38,90.0,91.72,78.25,79.43,63.4,81.41,76.92,79.46,88.81,65.95,76.44,84.71,86.86,89.24,91.7,95.55,92.68,92.17,61.79,78.11,74.13,82.06,88.6,71.27,77.8,39.414,0.377,0.206,50.918,0.768,0.905,9.976,55.8,0.436,0.36,0.6,0.446,22.069,-0.339,1.112,0.563
E08000034,Kirklees,E01011167,Kirklees 011G,110000,52.7,81.7,73.69,85.95,85.86,75.43,81.26,67.99,88.66,82.58,92.68,92.61,78.43,80.74,63.69,84.5,79.78,81.55,89.34,66.02,77.63,84.66,92.14,92.95,94.53,96.56,92.63,93.8,62.14,83.73,77.69,84.31,88.08,71.83,79.46,46.819,0.443,0.255,62.511,0.808,0.882,13.197,55.778,0.526,0.307,1.05,0.477,20.341,0.798,1.076,0.711
E08000034,Kirklees,E01011168,Kirklees 055A,236750,36.16,31.06,53.73,64.57,75.3,57.3,55.61,53.22,45.24,57.62,69.91,84.59,65.07,61.72,51.53,53.28,58.35,64.41,73.1,56.41,60.25,78.89,67.91,75.96,82.47,89.19,88.75,83.89,48.58,41.49,56.65,64.9,74.78,57.95,58.61,6.567,0.091,0.072,5.007,-0.524,-0.862,16.149,14.566,0.119,0.081,-0.884,0.163,41.34,-2.96,0.028,-0.53
E08000034,Kirklees,E01011169,Kirklees 053A,291250,38.6,41.62,32.55,56.89,61.53,56.68,52.41,55.95,59.86,49.06,68.04,72.69,67.07,62.69,54.92,63.76,54.46,62.72,69.05,58.76,61.79,79.02,80.87,76.6,84.87,91.26,89.0,86.47,51.68,52.3,45.12,60.61,65.96,58.93,58.22,9.622,0.076,0.084,1.981,-0.114,-0.252,17.571,28.751,0.138,0.028,-1.573,0.136,41.696,-2.194,0.371,0.387
E08000034,Kirklees,E01011170,Kirklees 053B,356995,38.28,37.82,42.39,64.23,66.83,58.68,54.84,55.95,60.92,57.05,72.32,76.8,67.23,64.35,52.12,57.92,55.06,62.4,69.33,56.52,59.82,78.08,71.64,73.88,83.43,89.06,88.16,84.09,49.82,47.86,49.97,63.95,68.68,58.81,58.29,6.189,0.101,0.056,5.351,-0.877,-0.688,17.066,18.052,0.209,0.039,-0.508,0.133,41.489,-2.398,0.12,-0.238
E08000034,Kirklees,E01011171,Kirklees 053C,220000,,,,,,,,,,,,,,,,,,,,,,,,,,,,,,,,,,,,,,,,,,,,,,,,,,,
E08000034,Kirklees,E01011172,Kirklees 053D,200000,,,,,,,,,,,,,,,,,,,,,,,,,,,,,,,,,,,,,,,,,,,,,,,,,,,
E08000034,Kirklees,E01011173,Kirklees 053E,302500,37.64,33.82,41.29,62.88,66.44,57.66,53.17,55.82,59.96,55.7,72.17,77.14,67.09,64.16,51.34,55.68,52.42,60.56,67.39,55.49,58.23,77.94,70.95,72.8,83.23,88.69,88.02,83.77,49.15,44.75,48.03,62.46,67.55,57.85,56.78,4.6,0.065,0.066,3.594,-0.477,-1.366,17.473,4.551,0.094,0.062,-1.003,0.146,42.964,-2.949,-0.492,-1.025
E08000034,Kirklees,E01011174,Kirklees 055B,315000,35.68,24.63,43.76,57.27,66.64,54.87,49.27,53.46,40.27,53.01,66.44,77.51,64.94,59.34,51.03,50.08,53.54,60.89,67.26,56.03,57.31,78.65,66.73,73.66,82.42,88.64,88.55,83.4,48.19,36.48,49.6,59.76,67.6,56.65,54.36,4.784,0.053,0.052,1.942,-0.728,-0.629,17.733,16.433,0.092,0.038,-1.233,0.121,45.634,-5.141,0.103,-0.457
E08000034,Kirklees,E01011175,Kirklees 055C,179500,35.99,37.96,53.38,62.9,74.38,57.46,56.87,54.42,47.59,53.29,66.53,77.65,65.99,60.9,51.43,53.61,57.18,62.76,70.73,56.22,59.35,78.76,68.08,74.11,80.06,86.95,88.55,82.59,48.64,45.38,55.71,63.11,72.82,58.01,58.59,27.018,0.294,0.192,32.458,0.547,0.555,18.99,9.726,0.399,0.155,1.065,0.239,41.418,-1.38,-0.327,-0.251
E08000034,Kirklees,E01011176,Kirklees 053F,272500,36.47,40.5,24.39,51.64,55.32,54.99,48.53,54.6,62.3,53.13,68.86,73.99,66.18,62.76,52.79,61.64,49.71,59.76,62.09,56.72,58.21,78.95,82.29,75.66,85.08,90.7,88.93,86.43,49.65,50.93,39.2,56.96,59.74,57.13,54.8,12.284,0.141,0.086,9.297,-0.383,-0.199,25.46,19.261,0.255,0.074,-0.279,0.172,45.186,-0.035,0.242,-0.496
E08000034,Kirklees,E01011177,Kirklees 055D,245000,35.65,37.81,49.55,59.7,69.01,56.96,54.41,54.56,49.17,55.2,67.24,78.31,66.21,61.45,50.42,51.72,52.98,59.31,65.79,55.12,56.68,79.31,72.03,76.36,82.6,89.13,89.1,84.49,47.95,44.58,51.86,60.09,67.96,57.28,56.25,7.748,0.096,0.072,6.407,-0.538,-0.265,19.256,12.405,0.161,0.056,-0.463,0.149,43.744,-2.14,-0.159,-0.257
E08000034,Kirklees,E01011178,Kirklees 055E,234000,36.57,32.02,52.83,64.47,74.8,57.16,55.71,53.78,43.91,55.86,68.96,82.03,65.44,61.22,53.14,56.0,60.79,66.97,75.56,58.0,62.45,79.11,68.86,76.77,83.87,90.32,88.95,84.74,49.78,43.1,57.5,66.05,75.66,58.66,59.76,20.997,0.227,0.143,18.51,0.23,0.549,17.044,26.1,0.352,0.166,0.221,0.225,40.219,-1.869,0.484,-0.301
E08000034,Kirklees,E01011179,Kirklees 059A,252500,28.3,41.34,15.18,45.09,29.93,50.14,38.04,48.65,57.2,44.87,62.61,56.48,60.86,54.94,40.11,48.87,35.64,51.97,43.16,46.46,44.78,78.12,73.3,67.99,82.36,82.97,88.06,81.97,38.86,45.64,27.36,49.82,37.95,49.68,42.97,8.269,0.059,0.053,2.805,-0.827,-0.729,30.304,27.762,0.082,0.056,-1.257,0.143,57.069,-0.767,0.632,-0.903
E08000034,Kirklees,E01011180,Kirklees 058A,265000,35.77,33.79,36.61,53.6,56.8,52.48,47.63,49.34,51.7,65.52,70.37,77.56,61.23,59.59,41.63,50.19,46.2,56.12,63.55,48.2,51.84,77.89,65.13,72.23,82.22,88.41,88.04,82.82,41.6,41.95,43.03,56.13,61.32,51.59,50.87,8.233,0.085,0.068,4.457,-0.855,-0.474,27.641,16.204,0.12,0.059,-0.696,0.138,49.003,-0.139,0.081,-0.413
E08000034,Kirklees,E01011181,Kirklees 059B,200000,39.22,38.78,61.52,68.24,78.26,55.44,59.76,50.33,58.82,75.58,77.36,88.33,62.35,64.16,46.65,55.08,60.19,66.63,80.42,52.23,60.99,78.19,73.6,78.02,86.23,92.68,88.25,86.2,45.73,47.03,61.65,68.15,79.97,54.92,60.85,11.2,0.094,0.08,3.629,-0.652,0.193,16.655,40.951,0.121,0.069,-0.693,0.115,38.988,-1.598,0.87,0.032
E08000034,Kirklees,E01011182,Kirklees 058B,291000,27.0,33.76,11.41,38.77,38.07,44.64,36.34,47.13,49.06,48.96,61.9,66.34,58.56,54.53,35.01,43.65,29.37,45.48,43.93,41.99,40.91,77.59,65.58,67.7,81.69,86.22,87.71,81.78,35.09,38.99,22.52,43.85,42.48,44.88,40.24,12.723,0.103,0.068,1.468,-0.714,0.135,30.329,40.078,0.179,0.062,-1.451,0.118,59.671,-1.361,0.957,-0.728
E08000034,Kirklees,E01011183,Kirklees 059C,404500,29.78,33.55,18.98,42.16,33.09,47.01,36.36,47.99,53.36,52.53,65.24,63.0,59.78,55.65,36.4,42.82,34.5,47.43,44.82,43.37,42.04,77.04,64.83,64.62,77.96,79.48,87.15,78.58,36.72,38.76,28.66,46.52,40.52,46.71,40.93,7.98,0.079,0.053,4.328,-1.126,-0.535,28.388,23.89,0.116,0.053,-0.615,0.124,59.018,-2.124,0.437,-0.495
E08000034,Kirklees,E01011184,Kirklees 059D,203000,35.73,49.33,32.12,56.11,53.38,56.15,51.47,50.75,64.36,62.37,72.99,75.66,63.12,62.16,45.06,58.19,48.31,61.68,62.68,50.7,55.17,78.3,77.71,74.5,85.59,89.08,88.27,85.3,43.99,54.2,42.11,60.15,59.24,54.59,54.34,27.762,0.299,0.17,30.496,0.371,0.582,27.445,20.399,0.495,0.132,0.912,0.247,45.654,0.456,0.307,-0.566
E08000034,Kirklees,E01011185,Kirklees 059E,197000,32.06,43.81,25.82,51.86,49.14,54.27,47.0,50.35,60.38,51.58,66.24,66.61,62.61,58.64,45.91,58.26,47.05,60.11,58.9,51.33,54.24,78.51,75.2,71.91,83.57,86.31,88.39,83.72,43.65,51.12,38.33,57.02,54.99,53.99,51.79,13.835,0.126,0.109,7.345,-0.109,-0.329,25.972,24.062,0.208,0.061,-0.454,0.164,48.004,-0.485,0.281,0.094
E08000034,Kirklees,E01011186,Kirklees 058C,270000,36.85,33.52,52.9,53.6,59.89,54.99,49.55,52.35,55.95,70.12,71.87,75.77,64.21,61.79,46.61,52.43,57.15,59.22,64.06,52.05,55.09,78.02,73.72,77.97,83.35,89.6,88.13,84.64,45.46,42.99,56.1,57.77,62.87,54.78,53.5,6.552,0.072,0.055,3.851,-1.097,-0.427,22.988,20.273,0.141,0.046,-0.697,0.123,46.392,-1.228,0.161,-0.051
E08000034,Kirklees,E01011187,Kirklees 059F,375000,38.16,40.94,51.89,59.39,66.56,56.37,54.85,51.96,62.64,69.32,74.71,80.29,64.06,63.7,48.44,58.22,57.74,64.47,71.82,53.49,59.56,78.65,78.87,79.2,86.91,92.7,88.63,87.12,46.87,49.72,55.96,63.07,69.99,56.08,58.11,9.385,0.128,0.074,6.266,-0.689,-0.061,21.319,15.154,0.283,0.049,-0.482,0.149,41.818,-0.587,-0.137,0.064
E08000034,Kirklees,E01011188,Kirklees 058D,337000,38.49,34.39,60.86,63.91,72.17,54.79,55.8,50.91,55.48,76.14,76.16,84.83,62.87,63.25,45.36,52.7,58.87,62.78,73.74,51.11,57.76,78.09,70.06,78.82,84.99,92.09,88.21,85.4,44.82,43.54,60.67,64.3,73.7,54.14,57.51,12.684,0.144,0.101,4.513,-0.157,0.023,21.311,20.528,0.211,0.089,-0.912,0.156,42.281,-0.723,0.247,-0.284
E08000034,Kirklees,E01011189,Kirklees 059G,420000,33.01,39.6,31.94,50.76,49.18,53.85,46.01,51.65,59.8,57.74,68.04,68.9,63.87,60.03,47.27,57.38,49.02,59.86,59.2,52.03,54.68,78.89,77.12,75.2,85.36,88.5,88.75,85.24,44.93,48.51,42.25,56.56,55.27,54.22,51.73,6.221,0.054,0.034,2.794,-0.935,-0.513,25.528,21.973,0.089,0.023,-0.884,0.116,48.133,-0.668,0.11,0.285
E08000034,Kirklees,E01011190,Kirklees 051A,240000,36.02,35.25,28.32,41.59,52.79,57.29,44.9,56.91,52.92,47.28,56.89,68.4,68.6,59.79,49.97,59.31,45.42,51.22,58.19,54.61,54.29,80.41,77.53,71.8,78.93,87.7,89.81,83.96,48.07,46.69,38.37,47.5,56.36,57.39,51.07,6.584,0.048,0.057,2.867,-0.634,-0.671,19.841,28.178,0.06,0.047,-1.015,0.131,48.89,-5.18,0.408,0.225
E08000034,Kirklees,E01011191,Kirklees 046A,195000,34.75,32.1,38.28,33.95,57.35,56.84,44.2,59.21,53.25,56.18,56.18,76.67,70.87,62.46,51.3,55.51,52.01,49.48,61.17,56.12,54.92,81.37,74.41,72.1,77.69,89.11,90.62,84.11,48.96,43.42,46.53,43.29,60.32,58.08,51.33,8.956,0.116,0.076,10.434,-0.761,-0.272,20.934,11.477,0.204,0.06,-0.45,0.205,48.677,-3.278,-0.194,-0.31
E08000034,Kirklees,E01011192,Kirklees 046B,180500,30.77,25.75,24.48,35.61,48.4,51.05,38.41,58.7,46.26,42.9,52.46,65.74,70.22,58.6,48.03,49.62,43.12,46.83,52.93,53.23,49.84,81.5,70.2,66.22,75.25,84.44,90.66,81.52,45.9,37.2,35.32,42.42,51.62,54.03,46.06,23.458,0.228,0.166,19.57,0.236,0.238,25.964,29.356,0.295,0.17,0.078,0.255,53.91,-1.956,0.375,0.436
E08000034,Kirklees,E01011193,Kirklees 046C,316000,24.85,22.45,3.48,34.37,33.85,43.07,30.47,56.44,41.2,24.16,48.43,47.25,67.61,52.67,43.91,45.88,26.72,42.36,38.65,49.53,42.7,82.84,66.15,59.37,75.67,77.07,91.41,79.09,41.63,33.59,16.77,39.38,36.98,48.43,38.68,12.17,0.138,0.088,7.622,-0.524,-0.047,26.676,18.123,0.249,0.097,-0.396,0.162,61.135,-5.176,0.025,0.04
E08000034,Kirklees,E01011194,Kirklees 046D,230000,37.07,36.79,41.38,35.25,54.42,59.45,45.56,59.01,52.61,56.29,55.9,73.32,70.57,61.66,51.52,57.98,52.29,49.49,59.7,56.15,55.04,80.95,76.1,73.14,77.43,88.47,90.29,83.96,49.59,46.9,48.02,43.84,58.1,59.26,51.87,5.47,0.05,0.067,5.977,-0.589,-1.36,19.197,12.186,0.087,0.033,-0.793,0.172,48.034,-5.396,-0.09,-0.535
E08000034,Kirklees,E01011195,Kirklees 051B,320000,28.16,25.58,10.82,28.18,17.63,51.71,27.08,54.22,48.57,34.42,47.14,41.99,66.4,51.7,44.01,43.7,27.64,38.51,30.27,50.09,39.72,79.24,74.08,68.59,77.42,79.98,88.89,80.49,42.11,34.7,20.8,34.72,25.22,52.55,35.69,6.003,0.042,0.031,2.028,-1.151,-0.736,29.818,17.528,0.056,0.07,-1.202,0.122,64.291,-3.017,0.149,-0.433
E08000034,Kirklees,E01011196,Kirklees 051C,277500,34.19,40.0,35.93,49.42,60.58,53.96,49.59,55.21,54.29,48.67,59.77,71.69,67.14,60.12,47.04,61.16,47.91,52.97,62.63,52.3,55.01,79.78,75.42,69.59,77.22,85.26,89.14,82.33,45.54,50.04,43.04,51.96,62.26,54.67,53.35,5.472,0.079,0.062,2.943,-0.629,-0.497,18.275,8.467,0.137,0.044,-1.042,0.135,46.786,-6.279,-0.216,-1.057
E08000034,Kirklees,E01011197,Kirklees 051D,215000,31.36,35.24,33.54,43.63,49.97,51.09,43.32,54.2,51.53,46.82,56.28,65.8,66.33,57.67,46.58,59.32,47.77,50.26,57.73,51.85,52.85,80.22,74.69,69.56,75.43,82.66,89.42,81.23,44.47,46.61,41.86,47.86,54.73,53.08,49.52,18.386,0.198,0.109,18.013,0.222,-0.084,21.117,32.559,0.315,0.151,0.33,0.204,50.392,-4.383,0.681,-0.178
E08000034,Kirklees,E01011198,Kirklees 056C,301000,28.98,33.83,44.66,41.11,23.49,48.92,34.53,50.08,48.76,52.95,53.33,41.89,62.39,50.82,43.08,47.83,41.74,48.73,37.79,49.0,44.09,79.22,69.59,70.78,78.5,77.26,88.73,79.54,41.12,40.81,43.63,45.8,31.63,50.43,40.88,6.604,0.059,0.038,3.24,-0.993,-0.653,26.732,23.676,0.112,0.033,-1.318,0.154,59.052,-3.29,0.338,-0.111
E08000034,Kirklees,E01011199,Kirklees 056D,315000,31.03,42.47,49.98,47.36,30.29,51.06,40.72,51.07,54.95,58.46,59.31,47.95,63.49,54.25,45.74,53.41,45.74,53.79,43.17,51.3,48.34,79.65,73.36,75.04,81.78,79.89,89.13,81.77,43.42,48.05,48.28,51.44,37.69,52.57,45.85,9.036,0.111,0.076,4.197,-0.488,-0.463,24.404,14.453,0.172,0.068,-0.882,0.149,54.122,-3.019,-0.118,-0.07
E08000034,Kirklees,E01011200,Kirklees 032D,254000,40.77,24.37,43.33,44.41,66.26,63.31,48.37,60.69,47.88,57.59,60.08,78.09,71.87,63.35,54.05,51.82,53.8,54.4,65.77,58.05,57.31,81.5,71.67,72.79,78.7,88.66,90.71,83.99,52.27,37.5,49.72,50.53,66.71,62.02,54.31,9.793,0.109,0.073,4.768,-0.329,0.131,21.272,16.605,0.163,0.076,-0.81,0.154,45.301,-1.657,-0.009,-0.067
E08000034,Kirklees,E01011201,Kirklees 030A,160000,56.32,62.85,90.49,71.65,80.76,76.18,73.35,67.33,80.65,94.08,83.89,88.59,77.58,77.41,63.63,75.52,86.76,76.7,86.07,65.14,74.71,85.43,82.59,91.93,87.98,94.25,94.02,91.01,62.81,69.57,89.1,75.08,83.94,71.69,74.51,18.957,0.207,0.144,11.979,0.444,0.515,6.617,22.168,0.248,0.201,-0.4,0.219,25.408,-2.331,0.302,-0.217
E08000034,Kirklees,E01011202,Kirklees 036C,203000,48.34,63.2,66.72,55.53,69.13,69.8,64.36,66.03,82.38,83.42,77.62,82.48,76.32,74.77,59.38,68.15,70.46,65.93,69.34,61.42,65.31,86.11,82.76,81.1,85.51,92.8,94.75,89.78,58.13,66.7,69.7,62.34,70.01,66.94,65.8,18.996,0.235,0.142,14.682,0.454,0.066,11.984,20.28,0.36,0.182,-0.391,0.249,34.103,-2.116,0.167,-0.067
E08000034,Kirklees,E01011203,Kirklees 030B,251500,53.31,58.64,77.8,64.02,75.88,73.53,68.19,66.74,78.71,86.59,79.01,84.13,76.91,75.18,61.85,71.62,79.07,70.89,78.58,63.6,70.27,85.44,76.64,84.51,83.66,89.96,94.02,87.84,60.92,65.59,79.22,68.55,77.76,69.71,69.95,7.072,0.107,0.088,4.386,-0.373,-0.352,8.424,5.67,0.161,0.069,-1.313,0.171,29.921,-2.614,-0.533,-0.499
E08000034,Kirklees,E01011204,Kirklees 033A,264250,57.3,54.6,83.5,65.23,70.12,76.08,66.67,67.39,76.61,91.18,80.86,84.2,77.57,75.63,63.7,70.99,83.05,71.93,79.31,65.17,71.36,85.16,81.49,92.67,87.94,93.24,93.84,90.55,63.08,63.09,83.99,69.73,75.55,71.66,69.95,6.681,0.076,0.07,2.21,-0.197,-0.813,12.521,20.849,0.099,0.044,-1.592,0.141,30.004,-0.687,0.219,-0.142
E08000034,Kirklees,E01011205,Kirklees 036D,291250,39.79,43.13,35.5,43.46,51.95,61.41,48.36,63.75,67.67,63.06,68.78,70.87,73.89,67.87,53.94,56.38,51.16,54.36,53.59,56.95,54.75,86.21,79.51,76.73,83.27,90.6,94.82,88.13,52.42,50.35,45.13,50.76,53.8,60.81,53.34,11.641,0.124,0.067,5.76,-0.425,0.209,22.39,30.749,0.23,0.06,-0.794,0.169,46.671,-1.579,0.534,0.141
E08000034,Kirklees,E01011206,Kirklees 033B,140500,56.33,74.08,82.43,70.56,80.37,76.81,75.82,66.85,84.46,87.78,82.61,86.79,77.34,77.09,62.72,77.51,81.0,74.25,82.44,64.34,73.17,85.19,81.92,87.46,86.05,93.27,93.88,89.95,62.17,76.52,82.3,73.3,81.85,71.59,74.67,20.494,0.245,0.166,12.659,0.516,0.264,9.197,18.51,0.383,0.203,-0.271,0.214,25.285,-1.047,0.202,-0.479
E08000034,Kirklees,E01011207,Kirklees 038C,192000,53.96,69.57,72.64,63.79,75.3,74.78,70.94,66.22,81.45,83.1,78.76,82.62,76.64,74.96,61.28,74.92,75.74,70.09,76.72,63.19,69.89,85.0,78.28,82.76,82.86,90.0,93.65,87.62,60.63,72.89,75.08,68.04,76.49,70.06,70.84,8.041,0.118,0.075,7.345,-0.581,-0.125,8.329,16.895,0.225,0.071,-1.027,0.201,29.099,-2.378,0.089,-0.318
E08000034,Kirklees,E01011208,Kirklees 033C,166750,57.91,65.88,91.54,71.93,79.82,77.27,74.32,67.25,79.57,94.27,83.54,87.7,77.64,77.04,65.12,77.35,88.98,78.2,88.07,66.18,76.38,84.89,82.5,91.83,87.69,94.11,93.6,90.72,64.11,71.89,90.75,75.91,84.48,72.68,75.74,21.424,0.209,0.136,13.773,0.439,0.217,14.125,44.876,0.324,0.167,-0.288,0.229,24.124,0.708,0.977,-0.014
E08000034,Kirklees,E01011209,Kirklees 030C,252475,,,,,,,,,,,,,,,,,,,,,,,,,,,,,,,,,,,,,,,,,,,,,,,,,,,
E08000034,Kirklees,E01011210,Kirklees 027D,185000,54.16,45.0,72.88,59.52,66.95,73.11,60.94,67.23,70.31,83.23,74.91,78.28,76.99,72.59,62.57,68.0,76.8,68.68,75.35,64.37,68.7,85.73,77.53,89.21,85.76,91.01,94.33,89.03,61.64,56.44,75.75,65.21,71.84,69.88,66.02,8.612,0.109,0.074,3.861,-0.417,-0.251,16.945,21.391,0.143,0.071,-1.071,0.154,34.009,-0.068,-0.027,0.516
E08000034,Kirklees,E01011211,Kirklees 030D,240000,49.26,51.58,65.26,53.28,64.77,69.94,59.62,66.22,77.83,81.64,74.74,78.77,76.28,73.13,59.41,65.22,71.39,64.13,68.86,61.53,64.46,85.74,76.6,80.93,82.93,88.59,94.33,87.21,58.38,59.1,69.5,60.26,67.62,67.05,63.33,8.923,0.116,0.092,5.572,-0.334,-0.586,12.623,18.113,0.187,0.048,-0.693,0.159,36.545,-2.884,-0.191,0.494
E08000034,Kirklees,E01011212,Kirklees 026A,177500,44.55,64.57,47.78,61.8,81.33,67.48,67.94,62.9,71.75,61.27,71.91,87.14,73.89,71.2,62.54,74.22,62.13,69.37,83.58,64.37,71.36,84.34,81.81,79.32,85.2,91.45,92.91,88.5,58.87,69.45,56.25,66.3,82.87,67.06,70.1,31.1,0.322,0.226,29.232,1.027,0.387,11.694,22.957,0.485,0.288,0.736,0.265,29.751,-0.933,0.221,0.12
E08000034,Kirklees,E01011213,Kirklees 026B,287500,45.43,66.6,49.38,61.94,79.61,68.36,68.28,62.88,72.21,62.83,73.13,86.24,73.91,71.33,63.16,74.79,61.43,69.45,82.01,64.29,71.23,83.8,82.03,80.0,85.56,90.97,92.38,88.31,59.46,70.78,56.63,66.49,81.27,67.42,70.18,4.749,0.064,0.063,2.97,-0.762,-0.135,7.857,11.277,0.095,0.052,-1.228,0.145,29.683,-2.926,-0.354,0.019
E08000034,Kirklees,E01011214,Kirklees 026C,200000,38.95,45.2,33.99,54.18,67.48,60.97,55.22,61.92,62.22,53.75,66.65,81.42,72.9,67.47,60.8,58.04,50.96,61.7,69.08,61.69,62.58,83.67,75.15,73.95,82.48,88.62,92.4,85.91,56.37,51.85,44.03,58.83,69.08,62.74,60.14,11.169,0.126,0.083,7.931,-0.134,-0.324,18.549,24.386,0.216,0.108,-0.439,0.171,39.847,-1.056,0.355,-0.076
E08000034,Kirklees,E01011215,Kirklees 026D,218750,41.26,53.63,41.15,55.7,78.15,62.54,61.7,61.38,64.87,56.22,66.74,84.42,72.31,68.09,64.14,65.96,59.24,66.85,79.74,65.19,69.05,83.41,75.44,75.22,81.39,88.51,92.09,85.64,58.95,59.8,51.66,62.03,79.39,65.05,66.15,14.482,0.155,0.102,6.737,-0.13,0.643,14.905,25.673,0.213,0.142,-0.508,0.16,33.829,-0.719,0.171,0.533
E08000034,Kirklees,E01011216,Kirklees 021A,221500,43.95,42.02,25.61,51.68,59.39,64.14,52.21,64.83,66.06,50.38,70.35,77.37,75.2,69.35,60.65,69.62,51.81,64.23,70.96,63.22,65.52,85.1,81.94,75.65,85.99,89.83,93.66,88.3,57.8,55.34,40.76,59.28,66.19,65.1,60.62,7.866,0.086,0.065,5.828,-0.241,-0.201,17.865,15.554,0.166,0.054,-0.825,0.171,39.271,-1.165,-0.331,0.456
E08000034,Kirklees,E01011217,Kirklees 020C,241497.5,46.18,56.79,39.24,53.65,67.93,70.08,60.57,65.14,75.21,59.28,75.34,80.12,76.14,72.23,57.54,74.14,53.15,63.5,72.59,61.08,65.5,83.7,84.14,77.09,85.96,90.66,92.28,88.35,56.35,65.51,47.67,60.16,70.99,66.89,64.18,7.944,0.12,0.08,7.788,-0.255,-0.643,13.125,8.538,0.198,0.075,-0.872,0.199,35.68,-2.126,-0.375,-0.331
E08000034,Kirklees,E01011218,Kirklees 020D,195000,46.19,67.34,46.01,58.65,72.55,70.57,66.01,64.53,77.55,62.69,75.69,82.72,75.55,72.76,59.66,78.26,57.39,67.18,75.59,62.03,68.42,83.43,84.31,76.99,85.73,90.14,92.07,88.07,57.62,72.94,52.99,64.15,74.7,67.51,67.92,20.653,0.212,0.14,14.7,0.474,0.74,12.92,23.852,0.291,0.163,-0.029,0.213,31.761,-0.945,0.179,0.325
E08000034,Kirklees,E01011219,Kirklees 021B,207500,44.44,57.95,38.82,59.33,72.04,66.57,62.49,63.72,71.36,55.91,71.81,82.29,74.5,70.66,60.44,73.74,54.32,65.51,75.44,62.64,67.53,84.71,82.48,76.57,85.41,90.56,93.29,88.36,57.61,65.75,48.0,63.33,74.37,65.88,65.88,11.253,0.1,0.097,6.708,-0.202,0.312,13.155,23.348,0.106,0.064,-0.617,0.169,34.01,-1.489,0.267,0.05
E08000034,Kirklees,E01011220,Kirklees 021C,233997.5,45.62,62.18,41.67,57.07,67.77,69.09,62.5,64.43,75.69,59.75,74.83,80.05,75.38,71.82,58.17,75.54,53.35,64.48,71.64,61.29,65.87,83.37,83.16,74.55,83.39,87.3,91.96,86.47,56.52,68.97,48.85,62.08,70.43,66.47,65.11,39.306,0.403,0.235,52.52,0.835,1.389,16.491,9.41,0.512,0.265,1.402,0.359,34.753,-0.403,-0.297,-0.38
E08000034,Kirklees,E01011221,Kirklees 021D,235000,45.42,67.96,45.91,61.06,76.83,69.26,67.62,63.65,75.24,60.88,73.96,84.75,74.81,72.02,61.38,76.72,57.9,67.73,78.61,63.12,69.65,83.78,83.24,77.95,85.57,90.93,92.34,88.31,58.43,72.48,53.16,65.33,78.24,67.36,69.15,5.572,0.088,0.064,5.175,-0.693,-0.419,11.768,12.072,0.171,0.049,-0.984,0.171,30.735,-1.149,-0.166,-0.294
E08000034,Kirklees,E01011222,Kirklees 050D,133750,49.2,56.8,44.61,58.88,66.51,69.57,61.67,62.8,72.61,60.62,72.88,78.6,73.52,69.98,59.79,72.04,62.54,68.82,76.34,62.9,68.13,80.37,82.44,77.86,84.22,89.02,89.86,86.31,58.13,64.48,55.09,64.84,72.16,67.29,65.81,35.271,0.23,0.262,17.915,0.862,1.361,13.822,47.397,0.315,0.147,-0.142,0.261,34.138,-1.239,0.915,0.542
E08000034,Kirklees,E01011223,Kirklees 042B,135000,55.15,46.52,44.34,56.24,66.56,74.4,59.77,65.05,70.75,64.38,76.16,83.45,75.98,72.33,59.57,66.65,56.65,64.44,69.8,62.29,64.53,81.22,77.58,76.06,83.43,89.62,90.6,86.0,59.63,56.68,51.94,61.8,69.13,69.42,63.36,40.584,0.473,0.244,42.184,0.739,1.06,20.161,22.588,0.742,0.218,1.183,0.312,36.597,0.308,0.369,-0.411
E08000034,Kirklees,E01011224,Kirklees 048A,120000,59.68,58.24,59.95,74.81,82.03,77.15,72.4,65.08,74.21,69.83,80.81,88.16,75.95,74.42,61.81,72.4,67.74,74.26,83.3,64.24,71.74,81.19,82.35,81.06,86.85,93.11,90.58,88.49,62.08,65.48,64.82,75.01,83.1,71.58,72.34,41.303,0.417,0.256,34.047,1.311,1.169,14.318,28.777,0.622,0.266,0.339,0.357,27.636,0.316,0.408,0.292
E08000034,Kirklees,E01011225,Kirklees 042C,122000,60.05,50.06,53.53,70.77,81.28,77.08,69.03,65.49,69.58,66.63,80.35,89.2,76.35,74.05,63.03,70.23,64.62,73.5,81.62,64.97,71.14,81.67,80.08,79.64,86.83,93.43,91.04,88.44,63.0,60.01,60.27,72.85,81.97,71.92,70.65,32.609,0.378,0.186,33.014,0.525,1.172,13.135,31.562,0.679,0.239,0.588,0.323,29.251,-0.329,0.638,-0.124
E08000034,Kirklees,E01011226,Kirklees 048B,180000,53.01,61.49,56.83,63.06,68.17,73.47,65.62,64.43,80.36,70.07,80.06,84.54,75.63,74.23,58.85,72.44,61.53,68.77,72.43,62.16,66.81,80.64,84.99,79.83,86.0,90.95,90.21,87.73,58.61,67.53,60.15,67.18,71.23,68.9,67.04,15.615,0.157,0.118,11.7,0.007,0.46,9.854,28.097,0.277,0.085,-0.263,0.202,32.891,-2.939,0.396,0.25
E08000034,Kirklees,E01011227,Kirklees 048C,125000,53.37,64.93,58.01,65.5,72.27,73.52,68.3,64.09,80.34,68.77,79.27,84.26,75.14,73.84,59.56,75.02,65.57,70.22,77.89,62.76,69.28,80.68,88.53,80.8,86.23,91.38,90.15,88.32,59.09,70.44,62.78,68.88,75.8,69.17,69.37,52.093,0.489,0.344,47.622,1.432,1.407,14.034,19.371,0.619,0.451,1.136,0.363,30.569,-0.279,0.173,-0.212
E08000034,Kirklees,E01011228,Kirklees 048D,217500,48.69,63.36,44.09,58.59,64.12,69.59,62.59,62.9,77.55,60.89,74.46,78.27,73.77,70.92,59.5,74.17,61.35,68.37,74.49,62.66,67.8,80.35,86.72,77.99,84.87,88.86,89.86,86.85,57.84,69.1,54.23,64.62,70.13,67.21,66.08,18.298,0.195,0.127,11.165,0.055,0.817,12.116,27.084,0.317,0.11,-0.483,0.216,33.899,-1.96,0.434,0.015
E08000034,Kirklees,E01011229,Kirklees 042D,136500,63.41,45.43,63.49,82.94,90.97,79.39,73.96,66.06,67.84,72.11,82.83,91.33,76.75,74.94,66.91,72.72,74.77,81.69,91.08,68.15,77.08,82.41,78.03,82.69,88.35,95.73,91.63,89.61,66.32,58.55,70.22,82.32,91.18,74.5,75.79,28.68,0.244,0.142,29.533,1.418,0.312,23.497,26.677,0.387,0.59,0.264,0.33,24.232,3.154,0.12,0.734
E08000034,Kirklees,E01011230,Kirklees 043D,130000,59.75,54.34,62.34,76.37,82.46,77.26,71.87,65.02,71.3,71.59,81.45,87.64,75.63,74.01,64.21,72.73,73.5,77.5,87.69,66.2,74.53,81.7,78.83,82.04,87.1,92.99,90.98,88.36,63.63,63.42,69.02,77.32,85.47,72.52,73.55,41.328,0.466,0.193,47.802,0.611,0.585,23.456,56.495,0.558,0.475,0.116,0.469,26.435,2.913,1.265,-0.169
E08000034,Kirklees,E01011231,Kirklees 034A,145100,61.96,68.59,85.4,74.21,85.71,79.48,77.76,67.25,80.73,90.88,86.06,91.55,77.87,78.19,67.26,78.75,87.66,81.12,91.07,68.45,78.63,84.29,84.48,92.02,88.84,95.47,93.18,91.4,66.39,73.97,87.27,78.52,88.83,74.77,78.38,23.098,0.234,0.138,14.283,0.118,0.465,13.951,53.418,0.35,0.138,0.13,0.187,21.522,0.914,1.204,-0.204
E08000034,Kirklees,E01011232,Kirklees 039A,155500,63.05,61.44,74.63,81.14,87.75,79.61,77.42,66.66,74.65,82.12,85.67,90.66,77.16,76.68,68.05,78.63,82.47,82.05,89.72,68.99,78.49,83.37,83.05,87.67,87.84,93.82,92.35,90.02,67.05,69.85,79.53,81.94,89.02,75.03,78.05,43.584,0.404,0.268,28.52,1.359,1.015,13.967,51.265,0.461,0.365,0.097,0.338,21.943,0.884,0.964,0.724
E08000034,Kirklees,E01011233,Kirklees 039B,182000,58.67,74.87,74.62,68.57,79.41,77.81,75.5,66.14,78.78,83.65,80.84,86.23,76.7,75.5,63.72,77.64,78.72,75.4,84.86,65.39,74.29,83.62,84.73,87.04,85.09,91.6,92.53,89.01,63.23,76.69,77.56,72.88,82.61,72.49,75.0,16.709,0.216,0.096,11.003,0.042,0.371,9.92,36.455,0.356,0.111,-0.409,0.208,24.922,-0.711,0.708,0.207
E08000034,Kirklees,E01011234,Kirklees 038D,155000,55.75,77.37,69.92,66.01,80.48,76.68,75.32,65.89,81.91,83.21,81.03,88.76,76.69,76.25,61.31,78.38,73.06,72.32,81.86,63.75,72.08,83.93,88.6,85.72,85.65,92.63,92.81,89.87,61.0,78.49,72.47,70.27,81.71,71.2,73.83,36.589,0.351,0.232,29.733,0.946,1.263,13.026,36.276,0.477,0.257,0.581,0.294,26.13,0.144,0.675,0.304
E08000034,Kirklees,E01011235,Kirklees 039C,100000,63.54,55.61,68.24,85.75,91.88,79.81,77.73,66.66,72.3,79.57,86.13,91.91,77.15,76.6,68.68,77.9,79.3,84.25,93.07,69.67,79.69,83.17,81.06,86.46,89.47,94.7,92.2,90.3,67.57,66.35,74.97,85.05,92.62,75.44,78.79,43.351,0.391,0.247,28.345,1.263,1.998,18.26,33.891,0.476,0.536,-0.524,0.376,21.204,2.102,0.273,1.086
E08000034,Kirklees,E01011236,Kirklees 034B,:,64.63,54.29,76.85,84.34,92.4,79.54,77.74,67.45,74.55,85.39,87.11,95.22,77.71,78.1,70.68,77.66,86.17,84.05,93.75,71.14,80.79,83.89,80.49,90.14,89.46,96.82,92.8,91.28,69.2,65.67,82.59,84.41,93.36,76.05,79.49,42.664,0.362,0.202,23.672,1.307,1.585,19.485,64.425,0.603,0.476,-0.173,0.319,20.478,2.465,1.085,1.464
E08000034,Kirklees,E01011237,Kirklees 039D,112500,58.58,77.63,70.51,72.04,86.11,78.23,78.72,65.9,80.27,81.95,83.93,92.13,76.7,77.03,63.34,78.28,75.77,76.72,87.53,65.19,75.03,83.47,89.69,87.38,87.53,94.66,92.47,90.92,62.93,78.49,74.14,75.25,87.26,72.58,76.8,43.96,0.499,0.233,39.91,0.74,1.033,10.549,57.026,0.66,0.306,0.377,0.395,23.145,-0.264,1.179,0.377
E08000034,Kirklees,E01011238,Kirklees 034C,170000,62.95,61.88,83.14,76.34,82.6,79.32,75.44,67.63,79.21,89.7,85.82,89.2,78.02,77.72,67.89,78.25,86.74,80.11,87.88,68.71,77.75,84.62,83.73,92.93,89.86,95.85,93.45,91.8,67.06,70.15,85.76,78.92,85.71,74.84,76.96,23.935,0.237,0.138,9.158,0.466,0.532,13.861,54.733,0.446,0.16,-0.604,0.201,23.003,0.747,1.074,0.626
E08000034,Kirklees,E01011239,Kirklees 034D,257500,61.88,63.35,89.33,72.89,85.04,79.29,76.04,67.64,80.74,92.71,86.0,92.05,78.19,78.5,67.62,78.16,89.6,80.87,91.23,68.49,78.71,84.7,83.57,93.36,89.23,95.82,93.52,91.69,66.65,70.97,90.07,77.82,88.63,74.73,77.76,19.777,0.169,0.122,6.566,-0.049,0.394,13.14,59.086,0.25,0.129,-1.334,0.2,22.178,0.622,1.242,0.278
E08000034,Kirklees,E01011240,Kirklees 033D,175500,59.71,72.41,87.35,70.79,81.96,78.49,76.72,67.24,83.28,92.42,84.55,90.6,77.9,78.17,65.96,79.51,86.78,78.92,89.02,67.1,77.35,84.67,87.15,92.0,88.75,94.96,93.5,91.63,65.05,76.44,87.7,75.84,86.07,73.69,77.29,24.256,0.289,0.166,14.726,0.512,0.429,8.085,37.333,0.388,0.28,-0.429,0.252,22.69,-1.104,0.716,0.276
E08000034,Kirklees,E01011241,Kirklees 004A,297750,46.04,41.44,39.45,50.35,53.4,67.16,51.22,68.88,67.67,60.21,72.08,69.5,78.73,70.83,63.32,67.05,56.33,62.86,66.38,65.24,64.86,85.9,79.63,79.67,86.03,87.53,93.84,87.79,60.54,54.03,49.51,58.17,60.81,67.71,59.99,6.941,0.058,0.056,1.647,-0.417,-0.302,18.897,25.393,0.086,0.064,-1.718,0.131,40.011,-0.972,0.235,0.361
E08000034,Kirklees,E01011242,Kirklees 004B,183250,47.14,42.48,43.41,55.66,59.83,67.94,54.75,67.99,68.24,64.45,78.05,75.38,78.01,72.44,62.43,68.77,61.88,67.25,72.52,64.84,67.3,85.43,74.58,78.14,85.2,89.08,93.38,87.29,60.09,55.33,54.36,63.08,67.07,67.82,62.81,29.255,0.296,0.183,33.355,0.835,0.956,17.16,13.376,0.414,0.255,0.66,0.316,37.093,-0.799,-0.14,-0.165
E08000034,Kirklees,E01011243,Kirklees 004C,212475,49.67,48.57,53.37,63.0,68.33,70.99,61.3,69.59,75.64,70.88,81.99,82.66,79.62,76.24,63.43,73.17,63.75,69.03,75.73,65.56,69.58,85.94,83.74,85.23,89.94,92.51,93.82,90.8,61.52,60.81,59.89,67.42,72.87,69.69,66.92,12.658,0.116,0.088,7.936,-0.293,0.147,15.296,37.348,0.174,0.09,-0.982,0.207,32.994,-0.384,0.499,0.897
E08000034,Kirklees,E01011244,Kirklees 004D,187250,47.69,45.7,42.13,55.77,63.32,69.33,56.84,68.49,70.36,63.03,78.25,77.05,78.64,73.29,62.45,70.03,59.9,66.36,71.97,64.59,67.15,85.16,76.28,78.3,85.61,89.04,93.07,87.46,60.29,57.68,52.69,62.71,68.45,68.4,63.63,12.083,0.137,0.092,8.997,-0.129,0.523,18.22,6.377,0.174,0.097,-0.618,0.2,36.358,-0.222,-0.66,-0.174
E08000034,Kirklees,E01011245,Kirklees 009A,185000,49.93,52.63,51.83,67.04,73.98,71.68,64.85,67.93,73.62,68.08,82.94,82.66,78.24,75.21,60.12,70.47,62.2,68.72,75.45,63.22,67.74,84.76,78.22,80.66,86.6,90.28,92.65,88.21,59.22,61.67,58.28,69.09,75.27,68.79,67.29,31.135,0.323,0.172,37.919,0.485,1.011,19.814,31.532,0.545,0.121,1.132,0.282,32.64,1.048,0.284,0.848
E08000034,Kirklees,E01011246,Kirklees 009B,119000,50.75,60.49,59.8,75.83,82.19,72.42,71.49,67.56,75.9,71.09,85.95,87.23,77.82,76.61,61.11,76.1,69.79,74.59,84.6,64.31,72.61,84.71,79.66,81.59,88.48,91.72,92.63,89.22,59.99,68.33,65.91,76.0,83.78,69.61,72.61,44.177,0.469,0.255,57.406,0.912,1.036,19.96,21.996,0.704,0.32,1.442,0.385,27.204,1.953,0.157,0.174
E08000034,Kirklees,E01011247,Kirklees 008B,165000,48.91,54.44,53.19,66.69,70.17,69.46,63.82,66.48,73.24,67.77,83.31,82.69,77.24,74.49,59.39,71.7,61.82,69.49,74.39,63.01,67.55,85.0,83.24,81.43,89.31,92.56,93.07,90.13,58.33,63.13,58.66,69.35,73.02,67.6,66.73,7.589,0.095,0.064,9.157,-0.54,-0.49,16.45,18.99,0.139,0.087,-1.013,0.222,33.209,-0.043,0.058,0.068
E08000034,Kirklees,E01011248,Kirklees 009C,165000,49.72,60.33,55.74,71.33,76.76,70.63,68.53,66.74,75.63,70.12,86.01,87.05,77.38,76.13,60.17,74.58,66.62,73.84,80.81,64.01,70.84,85.21,85.12,84.5,91.73,94.54,93.21,91.64,59.04,67.58,62.42,73.69,79.42,68.61,70.46,20.623,0.225,0.144,13.766,0.625,0.448,15.885,19.792,0.226,0.27,-0.5,0.247,29.351,0.509,0.006,0.278
E08000034,Kirklees,E01011249,Kirklees 008C,167000,45.63,46.53,37.27,57.17,67.34,67.0,57.78,66.2,68.24,60.21,77.87,79.34,77.02,72.11,56.44,67.51,54.35,65.32,70.63,61.04,63.89,85.01,81.75,77.52,87.85,90.72,93.13,88.94,55.66,56.92,47.5,62.77,69.7,65.54,62.21,27.666,0.277,0.175,33.614,0.26,1.07,22.752,13.218,0.35,0.214,0.58,0.329,37.864,0.785,-0.293,0.144
E08000034,Kirklees,E01011250,Kirklees 009D,124500,50.38,62.64,62.2,78.64,84.04,71.78,73.1,67.11,78.48,73.06,87.69,90.22,77.57,77.53,61.82,78.46,71.69,75.95,86.29,65.0,74.0,84.94,86.58,86.54,92.08,95.65,93.04,92.22,60.3,70.61,68.04,78.01,85.61,69.62,74.04,44.188,0.418,0.242,42.336,1.183,1.431,15.082,44.076,0.615,0.322,1.215,0.308,25.75,0.794,0.79,0.7
E08000034,Kirklees,E01011251,Kirklees 008D,170000,44.04,44.34,29.29,52.16,63.96,65.76,54.62,66.07,66.64,56.83,74.78,77.46,76.86,70.96,54.92,64.06,47.84,60.36,64.75,59.5,60.2,84.79,78.8,72.26,84.69,87.46,92.96,86.67,54.32,54.22,40.44,57.93,65.13,64.23,58.93,50.348,0.509,0.273,48.164,1.273,1.561,29.927,12.394,0.663,0.386,0.954,0.391,40.983,2.096,-0.271,0.002
E08000034,Kirklees,E01011252,Kirklees 028A,311250,30.86,27.54,22.76,36.15,32.13,51.2,34.13,59.8,52.85,42.98,55.7,51.8,70.13,58.2,43.48,44.16,34.08,43.92,39.43,47.35,42.82,80.88,67.37,64.64,74.61,75.8,89.61,78.21,43.16,36.15,29.72,41.48,36.83,51.34,40.65,10.796,0.061,0.06,4.967,-0.577,0.094,36.169,19.618,0.108,0.036,-0.796,0.156,59.252,0.7,0.124,-0.034
E08000034,Kirklees,E01011253,Kirklees 028B,137500,39.44,63.39,54.04,55.7,58.86,61.22,58.74,61.97,78.16,64.25,73.91,73.36,72.21,69.61,53.49,64.55,55.45,60.72,62.45,54.4,59.18,81.74,81.75,75.66,83.11,85.77,90.24,85.28,51.8,65.03,55.46,59.57,61.48,59.39,59.94,49.109,0.506,0.302,52.555,0.87,1.167,29.521,13.876,0.772,0.312,1.082,0.404,39.958,2.196,-0.012,-0.501
E08000034,Kirklees,E01011254,Kirklees 028C,207500,40.63,55.95,51.27,52.65,50.46,61.26,53.76,62.2,74.51,61.78,72.62,67.2,72.24,67.95,55.28,63.24,56.1,60.75,60.83,56.41,59.29,82.34,82.2,78.27,84.91,86.67,90.72,86.3,53.24,60.37,54.53,58.17,56.59,60.35,57.87,11.79,0.103,0.086,7.998,-0.037,-0.02,24.279,17.711,0.165,0.068,-0.575,0.184,41.995,0.322,0.049,-0.075
E08000034,Kirklees,E01011255,Kirklees 028D,140000,41.7,58.91,53.9,56.31,63.19,62.42,59.36,62.75,77.83,66.37,76.31,78.23,73.16,71.22,55.62,65.19,57.17,62.05,66.47,56.15,61.37,82.08,83.11,78.65,85.07,89.1,90.58,87.09,53.77,62.93,56.4,60.67,65.68,60.83,61.46,49.734,0.479,0.282,50.832,1.228,1.695,27.047,11.399,0.674,0.31,1.019,0.4,38.46,1.842,-0.148,-0.476
E08000034,Kirklees,E01011256,Kirklees 028E,122500,38.11,61.23,46.22,51.41,44.88,59.42,52.56,61.7,77.01,59.3,71.43,64.05,71.72,67.27,56.41,64.43,56.34,62.13,61.24,57.5,60.25,81.95,81.49,75.73,83.5,83.74,90.34,84.81,53.33,63.78,52.4,58.22,54.13,59.97,57.84,44.952,0.405,0.271,52.45,1.114,1.298,27.005,15.146,0.502,0.293,1.125,0.398,42.069,1.1,-0.021,-0.237
E08000034,Kirklees,E01011257,Kirklees 024A,125000,56.99,63.79,71.8,81.39,93.82,69.57,77.86,64.8,74.43,78.29,84.6,94.01,74.36,75.88,69.49,77.02,79.41,79.67,92.28,69.52,78.87,82.96,83.17,88.2,89.04,96.41,90.92,90.79,66.37,70.38,76.52,80.79,93.2,70.46,78.36,35.994,0.411,0.168,48.757,0.207,-0.169,13.562,73.681,0.493,0.451,-0.192,0.504,21.61,0.794,1.532,0.646
E08000034,Kirklees,E01011258,Kirklees 024B,:,55.78,60.13,68.64,75.16,88.66,67.5,73.71,64.13,71.68,75.74,81.46,91.07,73.64,74.12,66.7,73.67,75.32,74.85,87.41,66.39,75.04,82.8,82.76,87.55,88.67,95.73,90.82,90.39,64.21,66.88,72.86,75.5,88.29,67.98,74.56,26.925,0.32,0.148,46.464,0.094,-1.074,13.799,46.827,0.437,0.425,0.06,0.464,25.366,0.471,1.0,0.105
E08000034,Kirklees,E01011259,Kirklees 024C,168500,51.84,49.19,58.77,67.11,78.76,65.42,65.22,63.44,67.06,69.74,78.25,86.74,73.19,71.82,65.17,70.77,69.18,72.41,82.8,64.96,72.18,82.58,79.17,83.2,88.02,93.28,90.87,88.9,62.26,59.65,65.09,70.57,81.31,66.33,69.49,39.142,0.47,0.223,45.923,0.902,0.591,22.686,20.526,0.563,0.439,-0.116,0.472,31.503,2.025,0.043,0.274
E08000034,Kirklees,E01011260,Kirklees 023E,122750,48.27,34.02,45.19,55.04,62.69,64.17,53.03,62.86,61.55,63.66,72.52,77.73,72.9,68.29,61.76,60.38,59.01,63.7,69.51,61.53,63.98,82.59,74.92,80.28,85.32,89.72,91.05,86.72,59.19,46.95,53.55,60.64,66.97,64.13,60.06,36.901,0.432,0.189,52.048,0.63,0.426,24.481,32.003,0.562,0.182,0.57,0.457,40.607,0.688,0.541,0.262
E08000034,Kirklees,E01011261,Kirklees 024D,185000,52.74,54.66,61.61,68.11,78.07,66.61,67.03,63.82,72.5,72.17,80.3,87.14,73.71,73.21,62.34,71.87,69.13,71.83,81.16,62.46,70.79,83.04,84.64,85.68,90.53,94.69,91.32,90.72,60.7,63.28,66.37,70.88,80.2,65.74,69.6,39.699,0.478,0.18,49.773,0.929,0.644,24.726,32.422,0.56,0.612,0.004,0.495,30.372,2.721,0.488,0.456
E08000034,Kirklees,E01011262,Kirklees 024E,114375,49.57,47.22,54.94,64.58,71.05,65.15,61.45,63.21,69.6,68.05,77.41,82.22,73.16,71.16,61.0,67.98,65.4,69.94,76.71,60.53,67.99,82.71,80.09,82.76,88.54,92.39,91.15,88.9,59.04,57.56,61.34,68.2,74.56,64.13,65.75,43.246,0.484,0.236,48.509,0.996,0.763,29.124,21.665,0.539,0.523,0.218,0.465,34.307,3.152,0.332,-0.41
E08000034,Kirklees,E01011263,Kirklees 024F,150000,46.93,44.13,49.93,54.13,55.51,62.31,53.26,62.7,67.17,63.87,72.51,72.78,72.47,68.13,57.48,61.55,58.59,61.46,64.83,57.85,61.02,82.49,80.68,81.99,87.07,90.3,90.82,87.9,56.13,53.06,55.37,59.15,61.14,61.52,58.59,27.312,0.335,0.149,35.648,0.397,0.195,24.938,24.259,0.481,0.244,0.429,0.361,41.604,0.608,0.293,0.086
E08000034,Kirklees,E01033542,Kirklees 017E,195000,,,,,,,,,,,,,,,,,,,,,,,,,,,,,,,,,,,,,,,,,,,,,,,,,,,
E08000035,Leeds,E01011264,Leeds 011A,260000,50.61,54.5,59.45,68.76,79.65,67.23,67.26,64.03,72.85,66.83,78.07,84.9,74.95,72.65,60.9,66.39,64.13,67.77,79.85,61.36,68.17,78.59,75.53,76.73,87.4,91.4,86.02,86.0,59.32,60.87,62.56,68.99,80.14,65.62,68.28,17.003,0.181,0.131,29.422,0.037,-0.279,11.424,17.255,0.303,0.132,0.77,0.262,31.723,-1.581,0.056,-0.157
E08000035,Leeds,E01011265,Leeds 009A,239000,49.47,75.23,55.88,80.09,90.79,67.7,77.93,62.71,84.75,65.19,84.12,91.12,74.13,75.58,69.23,79.63,67.58,78.67,87.35,68.17,77.25,78.22,88.18,77.99,93.56,95.71,85.82,89.87,64.23,78.05,62.82,79.71,89.22,68.95,77.52,11.121,0.138,0.069,5.255,-0.301,0.282,8.163,34.086,0.187,0.142,-0.489,0.129,22.422,-1.036,0.51,0.57
E08000035,Leeds,E01011266,Leeds 008A,228000,44.1,63.75,37.72,62.52,74.59,63.74,64.99,60.24,78.1,53.81,76.3,82.21,72.35,70.52,64.39,69.69,53.31,66.75,74.03,62.84,67.86,77.26,79.27,70.55,86.27,89.75,85.02,84.94,59.58,67.42,46.9,65.66,74.8,64.5,67.04,2.03,0.03,0.034,0.806,-1.679,-0.709,15.362,7.031,0.051,0.021,-1.876,0.107,32.92,-0.344,-0.567,-0.193
E08000035,Leeds,E01011267,Leeds 009B,231000,50.24,68.77,56.45,77.98,84.88,68.3,74.25,62.76,80.1,63.32,81.82,85.53,73.85,73.63,66.92,76.89,65.47,75.79,83.84,66.26,74.5,78.1,83.08,75.73,91.09,92.6,85.63,87.73,62.92,73.24,61.86,77.2,84.52,68.31,74.46,21.65,0.239,0.136,29.327,0.405,0.698,11.044,13.758,0.393,0.175,0.938,0.229,25.535,-0.415,-0.179,-0.017
E08000035,Leeds,E01011268,Leeds 010A,192500,50.69,63.05,54.62,71.3,79.71,68.46,69.99,62.92,77.39,60.8,77.74,82.4,73.89,72.12,63.4,72.63,62.42,70.82,80.18,62.83,70.6,78.1,81.84,73.93,88.28,90.94,85.57,86.41,60.79,68.27,59.34,71.57,80.2,66.78,70.6,33.334,0.314,0.216,34.878,0.822,1.355,17.213,13.179,0.43,0.223,0.694,0.325,29.394,0.883,-0.124,-0.238
E08000035,Leeds,E01011269,Leeds 011B,216475,51.8,61.47,66.37,74.53,88.93,69.0,73.56,64.6,76.55,69.43,80.05,89.74,75.6,74.63,62.93,71.3,69.27,72.42,86.65,63.73,72.47,79.02,79.9,79.09,89.98,94.36,86.44,88.15,60.97,66.83,68.39,73.92,87.96,67.59,73.2,18.612,0.206,0.117,22.18,0.277,0.375,8.695,26.612,0.415,0.154,0.382,0.244,26.775,-1.548,0.333,0.261
E08000035,Leeds,E01011270,Leeds 008B,725000,41.65,53.88,28.42,46.69,50.88,59.95,51.33,61.58,75.54,50.74,69.22,71.49,73.41,67.91,56.84,62.15,41.46,52.35,54.28,56.64,56.06,77.51,79.55,68.39,83.03,85.97,85.34,83.15,54.38,58.87,36.41,51.21,53.69,59.96,55.21,2.95,0.027,0.026,1.292,-1.494,-1.138,21.506,9.864,0.025,0.018,-1.891,0.125,44.86,-1.403,-0.122,-1.285
E08000035,Leeds,E01011271,Leeds 009C,322500,48.42,71.53,50.89,74.12,81.93,66.36,72.75,62.68,84.73,62.43,81.34,86.2,74.23,74.27,67.57,76.86,62.79,73.48,80.76,66.58,73.48,78.17,86.64,75.45,90.93,93.12,85.82,88.25,62.93,74.92,57.99,74.36,81.68,67.61,73.37,3.447,0.054,0.043,1.404,-1.373,-0.449,11.806,17.018,0.073,0.039,-1.649,0.123,26.574,-0.309,0.053,-0.18
E08000035,Leeds,E01011272,Leeds 009D,371250,50.26,68.07,50.93,70.78,78.08,67.84,70.49,63.49,79.21,60.48,76.35,81.07,74.53,72.23,63.93,75.57,59.05,69.07,77.22,63.44,70.16,78.53,83.45,72.16,85.52,89.01,86.0,85.48,61.12,72.26,55.92,70.37,77.92,66.83,70.57,2.173,0.047,0.046,2.889,-1.003,-1.017,7.495,7.606,0.079,0.019,-1.255,0.145,29.085,-2.943,-0.266,-1.082
E08000035,Leeds,E01011273,Leeds 010B,227475,51.74,64.91,60.48,74.59,86.74,69.57,73.66,64.29,79.65,65.21,80.38,88.0,75.28,74.58,63.41,75.34,65.51,72.14,84.99,63.44,72.66,79.15,83.76,77.18,89.72,93.96,86.58,88.33,61.23,70.52,63.68,73.83,86.06,67.69,73.34,13.15,0.136,0.095,9.953,-0.163,0.277,11.001,31.021,0.231,0.111,-0.294,0.183,26.489,-0.572,0.535,0.167
E08000035,Leeds,E01011274,Leeds 010C,194995,51.87,67.04,66.63,72.89,89.8,69.24,75.06,65.26,76.86,70.65,79.08,90.42,76.26,75.0,63.51,73.94,69.89,72.53,87.49,64.63,73.42,79.57,81.77,79.91,89.47,95.09,86.93,88.67,61.45,70.9,68.89,73.19,88.81,68.17,74.33,33.352,0.353,0.197,40.147,0.882,0.957,15.322,21.705,0.451,0.359,1.022,0.322,25.659,0.874,0.247,-0.104
E08000035,Leeds,E01011275,Leeds 010D,219950,51.19,67.21,52.43,68.73,80.41,69.01,70.89,65.0,80.76,63.96,78.26,85.65,76.08,74.37,63.23,76.31,61.55,69.4,81.21,63.42,71.23,79.63,85.86,76.02,87.75,92.56,87.04,87.82,61.09,72.21,58.04,69.79,81.2,67.49,71.46,18.799,0.173,0.127,18.881,0.209,0.795,10.698,24.408,0.253,0.091,0.238,0.227,28.239,-0.994,0.248,0.224
E08000035,Leeds,E01011276,Leeds 011C,248475,51.49,71.11,62.67,68.47,83.87,68.45,73.32,65.38,77.9,69.66,76.96,86.12,76.34,74.13,62.48,72.51,66.33,68.8,82.72,64.22,70.9,79.77,83.56,79.35,87.62,93.14,87.17,87.93,60.73,72.48,65.23,69.29,83.54,67.63,72.25,7.0,0.076,0.061,4.156,-0.458,-0.436,7.504,30.933,0.12,0.081,-0.786,0.14,27.76,-2.445,0.521,0.207
E08000035,Leeds,E01011277,Leeds 014A,272500,49.08,60.88,40.82,55.71,65.77,66.63,61.5,64.82,74.27,57.77,70.59,75.23,75.8,70.33,60.34,70.98,53.31,61.36,70.02,61.12,64.84,79.17,80.6,72.01,82.81,87.88,86.55,84.47,58.74,66.26,48.38,59.63,68.48,65.3,64.05,6.225,0.092,0.055,4.077,-0.434,-0.454,11.567,19.968,0.121,0.115,-1.006,0.155,35.58,-3.134,0.264,-0.45
E08000035,Leeds,E01011278,Leeds 014B,262500,50.04,67.38,52.76,62.4,77.39,67.6,68.61,66.44,76.8,66.09,75.23,84.12,77.55,73.9,63.45,72.34,61.64,67.05,80.14,64.79,70.1,80.32,81.97,77.42,86.32,91.86,87.69,87.21,61.17,70.39,58.31,65.67,79.23,67.61,69.93,7.858,0.071,0.065,2.407,-0.519,-0.003,6.877,34.504,0.105,0.057,-1.184,0.131,30.003,-4.112,0.553,0.491
E08000035,Leeds,E01011279,Leeds 008C,261750,47.8,64.41,49.03,74.46,82.03,65.91,70.71,61.82,81.41,62.4,82.77,87.3,73.27,73.77,66.73,72.69,61.24,72.57,79.49,65.62,71.92,77.21,79.21,72.58,88.46,90.5,84.79,85.68,62.13,69.22,56.36,74.17,81.14,66.87,71.7,7.877,0.095,0.066,4.447,-0.499,-0.507,13.8,29.531,0.121,0.113,-1.058,0.163,28.29,0.069,0.634,-0.438
E08000035,Leeds,E01011280,Leeds 008D,322500,46.88,63.73,43.39,70.07,79.44,65.51,68.57,61.05,78.27,58.35,79.09,84.56,72.77,71.85,67.36,72.58,58.19,70.71,79.22,65.99,71.64,77.34,81.0,72.67,88.55,91.41,84.98,86.21,62.22,68.65,52.14,71.08,79.71,66.82,70.55,3.439,0.057,0.042,2.456,-0.851,-0.576,12.439,11.827,0.078,0.036,-0.961,0.114,29.401,-0.599,-0.395,0.156
E08000035,Leeds,E01011281,Leeds 059A,215000,55.1,44.75,51.48,59.71,79.55,79.13,64.56,74.69,61.24,66.28,75.43,85.24,82.56,76.08,71.29,66.57,65.64,68.61,80.23,71.89,72.54,84.92,77.56,80.1,87.58,93.25,92.19,89.16,68.49,55.22,59.92,65.29,80.3,76.61,69.75,29.572,0.335,0.188,26.243,0.651,1.147,14.039,17.719,0.533,0.259,0.666,0.245,30.144,-0.19,-0.098,0.277
E08000035,Leeds,E01011282,Leeds 059B,155000,54.48,55.78,71.04,67.44,89.33,80.61,72.68,74.65,71.4,75.79,77.87,89.56,83.15,78.76,71.8,73.73,76.38,73.89,88.53,72.16,77.27,84.52,80.74,83.85,87.86,95.16,91.63,90.13,68.67,64.61,74.47,71.42,89.08,77.46,75.68,40.945,0.398,0.221,51.047,0.897,1.437,15.425,33.593,0.675,0.323,1.515,0.326,24.424,1.052,0.724,-0.228
E08000035,Leeds,E01011283,Leeds 059C,160000,58.82,54.27,64.4,63.64,80.4,80.57,69.27,76.44,71.27,74.06,80.27,86.69,83.81,79.47,73.12,72.87,73.25,73.24,82.94,73.57,76.0,85.51,80.31,83.06,89.42,94.5,92.73,90.56,70.74,63.44,69.86,69.64,82.12,78.16,73.72,48.308,0.489,0.291,48.936,0.895,1.781,20.038,18.436,0.554,0.388,1.101,0.377,26.221,2.085,-0.249,0.621
E08000035,Leeds,E01011284,Leeds 071A,113000,68.96,61.28,65.69,78.62,93.2,83.95,79.46,78.75,75.06,78.35,86.09,93.24,84.66,83.16,74.96,76.73,79.81,81.26,92.41,75.35,81.27,86.81,82.68,87.99,92.12,96.42,93.95,92.64,74.5,68.97,74.11,80.49,92.95,80.6,80.83,43.244,0.387,0.186,59.07,0.59,1.047,15.676,77.28,0.597,0.259,2.189,0.277,19.076,1.564,1.505,1.068
E08000035,Leeds,E01011286,Leeds 059D,190000,56.48,57.91,68.73,64.44,84.7,80.7,71.53,75.94,74.55,76.86,79.26,87.2,83.77,79.67,72.91,75.15,76.15,73.82,85.3,73.41,77.11,85.09,81.33,84.13,87.87,94.38,92.2,90.18,70.01,66.5,73.39,70.19,85.26,78.14,75.21,17.207,0.176,0.109,18.632,0.045,0.52,13.145,28.325,0.298,0.08,0.117,0.24,24.831,0.347,0.156,0.813
E08000035,Leeds,E01011287,Leeds 067B,171500,52.1,44.86,57.6,57.81,82.12,77.6,64.67,72.5,59.29,61.03,60.49,72.68,80.4,70.11,73.12,72.07,68.73,70.68,81.3,73.36,74.86,84.26,71.96,75.61,80.07,87.96,91.34,84.92,68.68,57.52,64.02,64.34,81.36,76.42,70.53,20.508,0.194,0.131,27.182,0.321,0.49,12.41,27.387,0.254,0.185,0.531,0.276,30.38,-0.805,0.079,0.876
E08000035,Leeds,E01011292,Leeds 071B,157000,68.9,65.85,71.81,78.41,94.32,83.16,81.13,78.82,78.19,84.46,88.04,96.38,84.66,84.54,74.72,78.11,82.85,81.87,94.9,74.71,82.22,86.62,87.17,91.78,93.02,98.65,93.73,94.07,74.35,72.13,78.6,80.85,94.86,79.95,82.11,58.291,0.498,0.308,79.664,1.054,1.791,13.479,42.681,0.639,0.496,2.055,0.448,17.869,1.04,0.71,0.82
E08000035,Leeds,E01011293,Leeds 071C,117625,70.86,62.36,68.23,78.7,93.66,84.03,80.27,78.44,74.99,80.77,84.76,93.65,83.91,82.84,75.36,78.49,81.99,82.2,93.97,75.51,82.32,86.31,84.52,88.5,90.58,97.71,93.26,92.7,75.14,70.29,76.46,80.89,93.96,80.66,81.68,51.266,0.484,0.241,65.413,0.765,1.732,12.956,55.426,0.635,0.431,1.337,0.454,18.276,0.868,0.994,0.989
E08000035,Leeds,E01011294,Leeds 071D,131225,72.63,56.36,66.18,73.32,88.89,83.66,76.4,78.61,73.36,78.41,81.87,88.52,83.58,81.31,75.04,76.35,79.01,78.46,89.6,74.87,80.01,86.47,83.91,87.91,88.9,96.16,93.47,91.85,75.35,66.14,73.89,76.51,89.37,80.16,78.8,56.068,0.447,0.311,50.27,3.072,1.714,14.53,26.574,0.807,0.606,1.046,0.394,21.122,1.114,0.367,0.159
E08000035,Leeds,E01011295,Leeds 059E,166250,53.78,51.82,60.88,61.81,84.34,79.69,68.52,73.96,62.13,67.36,74.2,87.16,82.41,76.0,71.2,70.03,69.56,69.8,83.51,71.76,74.25,84.43,77.41,81.54,87.18,94.92,91.63,89.43,68.03,60.46,66.11,66.69,84.19,76.79,72.22,37.606,0.389,0.209,41.419,0.769,1.349,20.742,26.837,0.563,0.208,0.775,0.366,27.699,2.087,0.46,-0.101
E08000035,Leeds,E01011296,Leeds 030A,325000,26.77,21.86,3.93,41.25,42.48,48.92,35.02,61.44,47.42,29.27,55.17,59.28,69.15,58.99,52.52,48.71,32.85,48.15,46.16,54.03,49.22,82.17,66.67,65.79,80.02,85.17,89.33,82.33,48.28,34.83,20.45,45.71,45.23,53.34,44.41,6.314,0.067,0.061,7.668,-0.844,-0.672,25.236,6.238,0.108,0.061,-0.751,0.192,55.592,-2.959,-0.435,-0.65
E08000035,Leeds,E01011297,Leeds 030B,325000,28.84,31.9,7.87,29.82,26.45,43.51,30.78,54.72,36.72,24.43,41.71,45.05,63.74,49.51,54.84,47.98,35.97,45.08,44.53,55.3,49.13,83.75,64.81,61.65,76.21,80.75,90.92,80.38,49.28,39.22,23.65,38.23,36.5,51.02,41.91,8.612,0.089,0.058,3.558,-0.504,-0.342,27.771,17.984,0.136,0.102,-0.993,0.144,58.106,-2.217,-0.26,0.596
E08000035,Leeds,E01011298,Leeds 088A,207500,25.27,20.24,3.41,25.33,30.64,48.44,27.93,53.57,34.23,23.51,43.28,46.12,64.11,49.12,64.27,50.37,41.25,47.4,51.67,61.68,55.31,83.0,59.25,56.42,70.62,78.17,90.35,77.34,54.37,33.99,24.54,37.56,42.02,56.28,43.97,32.978,0.318,0.172,40.176,0.701,0.842,36.019,13.65,0.504,0.322,1.333,0.263,56.176,1.146,-0.273,0.158
E08000035,Leeds,E01011299,Leeds 088B,200000,34.25,33.16,32.15,44.32,46.27,54.72,42.53,57.3,55.23,50.97,64.71,64.26,68.67,60.92,53.61,57.55,48.34,56.61,59.43,55.78,56.47,81.54,73.24,70.95,82.02,85.82,89.15,83.74,50.06,44.95,41.73,51.93,53.85,56.77,51.35,16.334,0.17,0.098,13.586,0.162,0.388,25.552,14.144,0.214,0.183,-0.089,0.206,48.609,-0.773,-0.179,0.031
E08000035,Leeds,E01011300,Leeds 089A,195000,39.2,53.17,47.15,47.05,59.94,64.0,54.75,61.47,71.5,59.66,63.22,74.26,70.75,66.7,61.28,68.33,57.61,58.77,69.44,60.99,64.28,83.12,74.07,74.58,82.31,89.53,90.46,85.67,56.66,60.93,53.49,54.05,65.52,63.62,60.77,21.899,0.265,0.154,22.215,0.334,0.41,21.165,8.039,0.38,0.242,0.17,0.272,39.176,0.037,-0.492,-0.17
E08000035,Leeds,E01011301,Leeds 089B,237000,37.68,48.97,55.1,55.33,64.15,63.82,56.44,60.56,70.54,62.94,64.61,73.7,70.03,66.29,60.59,68.96,60.95,61.23,72.13,60.93,65.37,82.61,74.01,75.91,83.0,89.35,89.98,85.65,55.76,58.95,58.83,58.94,68.73,63.45,61.99,5.195,0.055,0.059,11.481,-0.412,-0.798,13.868,5.639,0.097,0.05,-0.348,0.208,37.944,-2.738,-0.543,-0.481
E08000035,Leeds,E01011302,Leeds 088C,250000,36.4,43.78,56.26,55.22,59.54,62.7,53.4,59.67,67.72,63.09,63.89,69.64,69.5,64.69,59.2,66.26,59.28,59.45,67.85,59.3,62.93,81.71,68.4,72.35,79.05,84.04,89.09,82.17,54.46,54.92,58.43,57.97,64.31,62.13,59.37,4.764,0.066,0.049,16.744,-0.986,-0.836,14.539,3.276,0.114,0.039,0.238,0.202,40.811,-4.269,-0.692,-0.755
E08000035,Leeds,E01011303,Leeds 088D,175500,35.65,42.54,56.02,61.99,61.31,62.02,54.62,59.73,70.84,63.59,70.49,73.07,70.1,66.83,59.09,67.78,59.76,63.55,71.21,59.5,64.68,82.12,72.82,75.12,84.06,87.23,89.56,84.94,54.23,55.08,58.61,63.41,66.97,61.96,60.94,20.112,0.213,0.14,33.798,0.087,0.002,18.784,14.856,0.326,0.129,0.951,0.275,39.003,-0.718,-0.121,-0.011
E08000035,Leeds,E01011304,Leeds 089C,173500,36.27,45.26,55.69,64.89,63.52,62.95,56.7,59.0,71.12,61.3,70.1,71.79,69.67,66.19,58.28,68.55,59.14,65.01,71.75,59.21,64.88,82.09,72.64,74.16,83.83,87.03,89.47,84.75,53.74,56.85,58.05,65.35,68.16,62.22,61.83,31.321,0.297,0.205,35.015,0.518,0.885,24.593,22.309,0.405,0.277,1.032,0.272,38.253,1.234,0.29,-0.158
E08000035,Leeds,E01011305,Leeds 089D,175000,35.92,43.02,49.31,60.83,57.79,62.49,53.32,58.88,70.4,57.34,67.28,67.29,69.39,64.76,57.24,67.57,56.46,62.84,68.33,58.69,63.05,81.98,70.41,72.8,82.39,85.55,89.32,83.65,52.99,55.22,53.71,62.31,63.65,61.75,59.4,13.827,0.144,0.086,18.471,-0.074,0.015,20.782,19.852,0.244,0.126,0.088,0.242,40.521,-0.427,0.128,-0.011
E08000035,Leeds,E01011306,Leeds 089E,220000,36.07,43.57,46.0,53.93,56.53,62.43,51.74,59.89,69.19,56.9,64.25,68.04,69.66,64.69,56.81,64.55,53.44,57.3,64.49,57.79,60.37,82.26,70.67,72.47,81.38,85.97,89.58,83.67,52.88,54.15,50.65,56.38,61.19,61.32,57.37,6.457,0.077,0.062,8.634,-0.794,-0.586,20.317,11.744,0.18,0.026,-0.623,0.196,42.743,-1.27,-0.043,-0.972
E08000035,Leeds,E01011307,Leeds 103A,186500,35.26,45.19,39.8,50.01,55.81,58.72,50.5,59.35,67.54,54.93,65.79,68.39,69.95,64.53,58.18,68.06,57.84,65.14,69.9,59.28,64.28,81.96,76.76,73.36,83.65,87.09,89.48,85.09,53.5,56.42,50.28,58.66,63.6,60.34,58.9,26.115,0.22,0.164,34.214,0.579,0.739,25.387,12.801,0.397,0.146,0.747,0.311,41.052,0.848,-0.263,0.038
E08000035,Leeds,E01011308,Leeds 103B,174750,34.77,47.72,34.16,48.22,53.69,59.37,50.0,60.71,75.38,53.73,66.01,67.43,70.64,66.11,57.44,68.66,53.66,62.97,66.8,58.6,62.81,82.37,76.71,73.17,83.59,86.21,89.79,84.93,53.11,58.42,45.56,56.83,61.05,60.37,58.06,16.275,0.172,0.087,17.989,-0.059,0.532,21.776,22.718,0.229,0.18,0.073,0.238,41.881,-0.445,0.269,-0.04
E08000035,Leeds,E01011309,Leeds 030C,385000,22.0,23.54,1.57,32.44,27.17,39.16,27.54,55.19,33.25,15.79,40.07,40.77,63.51,48.1,48.24,43.88,28.87,42.77,38.73,50.93,43.96,82.31,62.51,56.58,74.56,76.43,89.48,77.76,43.59,32.89,16.8,38.11,33.7,46.96,37.81,12.13,0.107,0.084,10.642,-0.739,-0.496,32.658,21.506,0.108,0.084,-0.475,0.209,62.172,-0.914,0.258,-0.169
E08000035,Leeds,E01011310,Leeds 030D,370000,20.32,19.1,1.72,25.32,24.72,42.65,24.5,59.0,32.7,15.85,44.25,39.45,67.85,50.57,47.45,44.17,26.92,41.24,33.56,52.51,42.28,81.19,65.39,58.4,75.42,73.96,88.25,77.21,43.25,30.66,15.82,34.6,29.93,49.66,35.91,11.755,0.113,0.071,4.043,-0.767,-0.282,37.415,18.906,0.102,0.125,-0.781,0.138,63.978,0.351,0.113,-0.09
E08000035,Leeds,E01011311,Leeds 022A,854975,22.78,4.85,1.73,17.86,9.06,41.71,14.92,60.5,25.95,18.33,40.0,30.62,69.38,48.36,51.95,33.75,29.29,37.26,31.05,55.22,40.96,80.88,56.0,59.0,72.02,71.5,87.9,74.69,46.89,18.36,17.18,29.09,21.2,50.62,31.21,8.435,0.043,0.047,1.537,-0.688,-0.101,37.755,8.882,0.054,0.037,-1.421,0.119,68.821,-0.528,-0.624,0.115
E08000035,Leeds,E01011312,Leeds 086A,97500,69.5,68.78,69.26,78.18,95.96,82.03,82.23,78.39,81.65,77.63,87.7,97.22,82.78,84.61,75.11,83.66,80.26,82.47,95.53,74.7,83.42,87.36,84.92,87.37,92.19,98.55,94.45,93.67,74.67,76.22,75.86,81.03,95.95,79.27,83.18,67.811,0.554,0.316,72.754,1.255,2.018,22.228,83.292,0.627,0.606,1.146,0.56,16.736,3.349,1.658,1.212
E08000035,Leeds,E01011313,Leeds 091A,142700,67.47,67.95,65.12,73.57,90.2,81.06,78.92,78.08,83.08,76.56,86.37,93.93,82.52,83.87,72.95,78.66,74.72,76.7,89.06,71.65,78.91,86.98,86.47,86.81,91.36,95.96,94.06,92.73,72.79,73.72,71.06,76.09,89.95,77.38,79.44,37.756,0.432,0.184,33.868,0.362,0.956,13.251,65.521,0.582,0.24,0.237,0.366,20.532,0.796,1.449,0.053
E08000035,Leeds,E01011314,Leeds 091B,139975,68.71,64.71,65.16,75.53,90.46,81.79,78.73,78.35,81.94,77.14,87.47,93.89,82.78,84.04,73.27,78.56,75.35,78.2,90.41,72.1,79.63,87.03,84.93,86.02,91.55,96.09,94.09,92.63,73.31,71.92,71.43,77.76,90.75,77.94,79.75,33.519,0.387,0.156,31.212,0.269,1.002,13.214,59.001,0.651,0.244,-0.062,0.37,20.204,0.813,1.305,-0.043
E08000035,Leeds,E01011315,Leeds 090A,148000,66.24,70.85,66.15,69.98,87.86,79.76,78.09,77.69,82.88,76.51,83.66,92.01,82.21,82.9,72.79,78.64,75.8,75.81,87.0,71.6,78.23,86.99,87.03,87.52,90.74,95.7,94.12,92.63,72.35,75.22,72.08,73.9,87.77,76.73,78.68,34.157,0.436,0.175,26.69,0.095,1.248,12.371,48.532,0.789,0.153,-0.031,0.333,21.306,0.476,0.927,0.605
E08000035,Leeds,E01011316,Leeds 086B,88000,67.86,67.39,66.49,74.49,93.37,81.38,80.02,78.25,81.7,76.67,87.14,95.42,82.76,84.16,74.53,82.48,78.39,79.9,93.58,73.94,82.01,87.36,86.78,87.58,92.83,98.2,94.46,93.91,73.91,74.99,73.62,78.12,93.72,78.62,81.52,57.382,0.531,0.246,66.191,0.635,1.867,19.978,78.596,0.709,0.377,0.925,0.532,18.414,2.72,1.632,0.825
E08000035,Leeds,E01011317,Leeds 090B,148250,62.89,57.27,54.74,60.27,74.52,75.01,67.3,76.19,70.55,66.63,71.43,78.52,80.86,76.09,72.96,72.94,68.7,70.63,76.78,71.79,73.67,87.06,79.88,81.22,85.92,90.02,94.28,88.9,71.51,65.01,62.98,66.22,75.97,74.54,71.44,47.36,0.491,0.291,48.947,1.218,0.927,23.928,19.241,0.677,0.432,0.538,0.438,28.619,2.768,-0.08,0.4
E08000035,Leeds,E01011318,Leeds 090C,140000,61.89,47.68,46.47,56.5,66.34,72.91,60.92,74.8,61.33,59.29,62.13,68.7,79.46,70.87,73.58,68.78,63.97,68.35,71.07,72.63,71.24,86.65,73.7,75.19,81.41,84.27,93.84,85.16,71.48,57.7,56.61,62.76,68.94,73.86,67.2,52.065,0.53,0.292,58.622,0.95,1.374,24.761,26.631,0.701,0.369,1.217,0.424,32.955,2.311,0.031,0.892
E08000035,Leeds,E01011319,Leeds 091C,152000,64.61,65.65,59.6,65.75,89.56,79.1,75.88,77.21,80.32,70.97,81.08,91.85,81.71,81.76,73.62,79.09,74.71,74.86,89.77,72.79,79.17,86.66,84.6,84.62,88.91,95.88,93.63,91.75,72.46,72.55,68.47,71.41,89.92,76.95,78.2,30.178,0.398,0.176,35.029,0.41,0.461,10.412,34.124,0.646,0.191,0.115,0.383,21.829,-0.159,0.516,0.552
E08000035,Leeds,E01011320,Leeds 091D,185000,62.87,67.48,57.65,62.01,90.14,77.32,75.36,76.91,81.66,70.96,79.41,94.2,81.68,81.93,73.29,79.07,76.2,74.12,90.18,72.48,79.09,86.63,85.06,85.46,88.31,96.25,93.69,91.82,71.81,73.58,68.43,69.3,90.5,75.99,77.96,22.776,0.259,0.119,28.296,-0.015,0.854,11.692,35.832,0.444,0.09,0.109,0.335,22.027,0.209,0.503,0.752
E08000035,Leeds,E01011321,Leeds 090D,190000,60.52,58.86,57.4,57.55,83.64,74.64,69.68,75.8,74.83,66.88,73.93,88.15,80.59,78.47,72.79,75.94,75.26,71.48,86.81,71.85,77.05,86.53,79.85,83.51,85.15,94.01,93.72,89.82,70.81,67.35,67.67,65.66,85.58,74.38,74.35,40.834,0.463,0.25,48.793,0.75,1.042,19.733,15.966,0.596,0.349,0.705,0.421,25.69,2.068,-0.387,0.585
E08000035,Leeds,E01011322,Leeds 091E,207000,60.02,57.02,51.11,54.18,80.98,74.85,67.49,75.72,75.95,65.16,71.95,86.71,80.63,78.01,72.05,73.64,71.27,67.94,83.02,70.9,74.69,86.15,80.82,82.56,83.98,92.97,93.23,89.17,70.21,65.46,62.75,62.31,82.41,74.03,72.21,22.89,0.283,0.15,28.243,-0.054,0.628,14.823,22.454,0.442,0.12,0.244,0.321,27.899,0.429,-0.008,0.583
E08000035,Leeds,E01011323,Leeds 051A,178250,52.41,53.29,60.95,68.78,87.73,78.92,70.9,73.95,73.87,73.14,81.76,90.95,83.29,79.61,71.34,72.22,72.27,73.66,86.55,72.1,76.17,83.79,81.7,80.12,89.39,95.35,90.93,90.19,67.82,62.78,67.82,72.18,87.43,76.67,74.47,26.527,0.297,0.15,32.542,0.637,0.894,10.12,22.288,0.474,0.296,0.646,0.31,25.612,-0.749,0.113,0.313
E08000035,Leeds,E01011324,Leeds 046A,166000,53.04,42.59,48.42,58.37,80.05,78.35,63.39,74.61,62.94,67.76,78.08,87.77,82.92,77.18,71.96,68.23,66.71,69.91,82.72,72.65,73.96,83.92,75.94,76.25,85.39,91.35,91.15,87.42,68.45,54.89,59.23,65.56,81.9,76.64,70.12,45.696,0.409,0.232,65.055,0.937,1.553,20.674,29.804,0.56,0.559,1.666,0.401,29.799,1.767,0.334,0.588
E08000035,Leeds,E01011325,Leeds 046B,211000,50.91,46.23,45.59,62.76,75.56,76.58,63.24,72.78,69.2,61.43,77.5,81.7,82.33,75.98,70.49,67.39,62.9,69.34,77.7,71.57,71.77,83.4,78.5,75.99,88.0,92.45,90.57,88.37,66.77,56.77,55.73,67.13,77.06,75.27,68.82,23.725,0.23,0.15,29.983,0.246,1.007,14.697,19.718,0.302,0.199,0.898,0.244,31.133,-0.175,-0.143,0.573
E08000035,Leeds,E01011326,Leeds 046C,188450,51.55,46.83,50.77,62.06,81.08,77.79,65.33,73.82,66.73,65.97,78.93,86.41,82.76,77.22,71.8,69.04,66.45,70.46,81.58,72.65,73.83,83.62,79.61,77.51,87.58,93.42,90.77,88.82,67.9,57.65,60.04,67.48,81.72,76.37,70.83,43.224,0.429,0.251,54.487,1.074,1.355,14.999,19.594,0.583,0.407,1.447,0.365,29.126,0.282,0.148,-0.099
E08000035,Leeds,E01011327,Leeds 052A,141500,49.24,69.14,39.04,53.32,68.27,73.41,64.72,70.42,77.65,56.95,70.66,78.04,80.57,74.15,68.16,74.39,60.63,66.09,74.99,69.8,70.81,83.25,84.81,76.02,86.3,91.19,90.55,88.26,64.57,72.23,51.53,60.93,72.24,72.85,68.76,29.842,0.325,0.216,24.72,0.57,1.184,15.086,10.076,0.405,0.251,0.305,0.281,31.268,-0.074,-0.295,-0.273
E08000035,Leeds,E01011328,Leeds 052B,195000,52.73,76.34,49.83,61.09,79.99,75.39,72.65,71.71,85.42,65.06,76.85,85.76,81.76,78.29,69.12,79.49,63.6,69.74,81.14,70.08,74.23,83.42,87.39,77.19,86.42,91.89,90.65,88.86,66.15,78.61,58.06,66.55,80.98,73.99,74.05,24.845,0.283,0.163,36.269,0.363,0.696,11.553,12.426,0.363,0.289,0.894,0.308,26.061,-0.316,-0.252,-0.033
E08000035,Leeds,E01011329,Leeds 051B,205000,51.97,59.01,51.82,66.28,79.83,77.68,69.09,73.39,77.84,68.84,81.69,87.76,83.13,79.28,70.32,73.24,67.49,72.18,82.44,71.39,74.51,83.62,81.23,78.86,89.04,93.86,90.78,89.51,66.98,66.43,61.16,70.37,81.66,75.76,72.85,10.268,0.09,0.067,9.901,-0.603,0.515,6.245,33.411,0.147,0.067,-0.758,0.219,27.218,-3.163,0.511,0.498
E08000035,Leeds,E01011330,Leeds 051C,228888.5,50.59,57.2,42.37,61.38,72.59,76.14,64.84,72.07,74.82,60.81,76.38,80.9,81.99,76.08,69.58,70.77,63.88,69.33,77.82,70.86,72.07,83.4,80.43,76.69,87.79,92.07,90.64,88.46,66.02,64.27,54.85,66.44,75.74,74.71,69.62,20.721,0.233,0.137,23.004,-0.011,0.829,12.936,21.321,0.353,0.088,0.385,0.253,30.368,-0.613,0.022,0.402
E08000035,Leeds,E01011331,Leeds 058A,170000,53.64,58.0,67.37,72.39,91.71,80.32,74.58,74.62,77.39,78.02,85.11,95.39,83.83,81.79,72.7,75.55,75.49,77.32,90.3,73.46,78.9,84.5,84.54,83.74,91.04,97.0,91.64,91.75,69.06,66.87,72.49,75.79,91.33,77.99,77.54,24.781,0.221,0.14,16.981,0.224,0.835,8.902,56.245,0.376,0.25,0.112,0.222,22.985,-0.823,1.156,0.406
E08000035,Leeds,E01011332,Leeds 046D,187500,52.86,47.92,56.83,63.45,84.72,79.2,67.53,74.31,66.92,69.5,78.99,89.34,83.05,78.03,71.36,69.45,68.33,70.27,84.4,72.22,74.49,84.02,80.39,79.86,87.71,94.6,91.22,89.54,67.98,58.41,63.79,68.0,84.92,76.83,72.12,48.541,0.518,0.271,62.6,0.782,1.607,16.25,12.7,0.719,0.348,1.744,0.373,27.764,0.859,-0.269,0.036
E08000035,Leeds,E01011333,Leeds 051D,170000,52.82,72.99,47.21,63.75,81.75,76.97,72.82,72.3,83.85,64.04,78.44,87.05,82.26,78.83,70.04,77.48,66.1,71.38,83.64,70.98,75.23,83.38,84.68,76.49,87.14,92.7,90.58,88.92,66.84,75.9,58.25,68.63,83.09,75.17,74.68,28.106,0.28,0.191,33.147,0.675,0.798,9.5,22.525,0.385,0.169,0.522,0.332,25.503,-0.969,0.133,0.293
E08000035,Leeds,E01011334,Leeds 058B,145000,53.67,58.64,61.41,69.0,90.72,79.46,73.52,74.34,76.96,73.08,81.44,93.95,83.31,80.65,74.04,76.3,72.28,76.65,88.16,74.68,78.77,84.77,85.42,81.9,90.29,96.81,91.95,91.63,69.88,67.5,68.02,73.72,89.74,78.13,76.95,36.836,0.299,0.157,47.199,0.835,1.11,11.804,66.019,0.612,0.216,1.565,0.279,23.981,0.047,1.214,1.067
E08000035,Leeds,E01011335,Leeds 052C,180000,54.3,72.57,51.98,66.62,88.81,77.23,75.74,72.96,84.9,66.43,79.45,93.04,82.68,80.49,71.09,79.69,66.92,73.41,87.28,71.63,77.25,83.94,85.08,78.18,88.19,95.46,91.15,90.28,67.94,76.68,60.83,70.95,88.39,75.63,77.04,22.939,0.224,0.138,23.543,0.199,1.052,9.106,32.17,0.405,0.19,0.415,0.254,23.118,-0.759,0.372,0.723
E08000035,Leeds,E01011336,Leeds 058C,131000,54.6,55.31,71.31,69.33,91.42,80.86,73.56,75.08,74.77,77.5,80.8,92.6,83.59,80.45,73.02,74.99,77.99,76.88,90.32,73.61,78.95,84.66,80.67,83.01,88.27,95.67,91.76,90.37,69.54,65.08,75.51,73.92,91.07,78.29,77.05,49.979,0.427,0.283,62.374,1.168,2.064,13.358,22.946,0.616,0.37,1.631,0.389,23.2,0.585,0.148,0.302
E08000035,Leeds,E01011337,Leeds 058D,145000,53.24,65.41,54.76,66.64,87.05,78.14,73.36,73.41,79.48,68.04,78.32,90.86,82.64,79.43,72.96,76.03,67.42,73.28,85.59,73.31,76.92,84.19,83.35,78.12,87.67,94.43,91.34,89.76,68.97,71.07,62.35,70.81,86.64,76.83,75.83,53.313,0.566,0.295,73.943,0.981,1.281,16.994,7.135,0.717,0.306,1.873,0.431,24.938,1.422,-0.647,-0.082
E08000035,Leeds,E01011338,Leeds 064A,:,75.79,87.58,85.65,85.34,86.43,88.81,88.01,79.51,92.84,90.53,90.2,89.13,85.06,86.13,77.06,91.24,88.26,88.1,90.12,77.58,85.35,86.18,90.3,90.69,89.52,91.46,92.93,91.28,77.48,89.92,87.69,87.07,88.55,83.91,86.62,42.925,0.521,0.242,34.738,0.992,0.886,21.741,31.278,0.663,0.52,-1.053,0.432,13.217,3.348,-0.104,1.583
E08000035,Leeds,E01011339,Leeds 060A,:,60.5,61.37,64.46,63.58,82.46,82.95,72.27,75.42,78.76,80.58,77.53,85.24,82.69,79.37,70.44,77.23,73.24,70.97,81.35,70.01,74.86,84.53,84.42,89.91,89.16,95.01,91.39,91.03,69.25,69.43,70.12,68.29,82.17,77.49,74.31,38.059,0.385,0.24,44.695,0.546,1.581,15.025,18.222,0.445,0.362,0.635,0.403,25.556,0.799,-0.12,0.373
E08000035,Leeds,E01011340,Leeds 060B,155000,64.93,67.55,78.76,75.35,90.23,84.77,79.74,77.16,84.85,90.19,84.91,93.82,83.88,83.83,73.21,80.57,82.62,79.26,90.45,73.04,80.48,85.28,85.23,93.47,92.03,98.0,92.13,93.04,72.26,74.42,81.68,78.01,90.66,79.84,80.59,48.085,0.519,0.28,46.134,0.934,1.732,14.839,22.507,0.666,0.465,0.931,0.38,19.243,1.332,-0.172,0.876
E08000035,Leeds,E01011341,Leeds 061A,222500,55.83,55.82,68.35,61.5,78.21,78.61,68.19,73.98,74.57,77.7,71.21,82.94,80.71,76.54,72.75,77.62,78.72,75.13,83.29,72.47,77.19,84.83,78.72,87.71,86.84,93.1,91.7,89.37,69.49,66.46,74.64,68.95,81.12,76.49,73.67,23.034,0.263,0.123,33.592,-0.056,1.224,10.002,17.08,0.382,0.243,1.017,0.26,26.275,-0.893,-0.537,0.858
E08000035,Leeds,E01011342,Leeds 060C,:,60.76,61.88,62.73,65.63,82.76,82.57,72.79,75.24,78.38,76.31,75.75,82.84,82.23,78.45,71.82,78.61,73.9,74.06,81.79,71.41,76.25,84.67,83.76,87.76,88.41,94.06,91.58,90.47,70.16,70.26,69.58,70.56,82.4,77.93,75.17,46.255,0.523,0.23,49.095,1.123,1.83,15.843,14.284,0.645,0.439,0.821,0.411,24.696,1.141,-0.192,0.076
E08000035,Leeds,E01011343,Leeds 061B,136000,55.01,58.83,71.91,62.15,77.99,79.44,69.17,73.22,74.18,82.86,74.9,84.44,80.82,77.1,71.75,76.99,80.12,74.21,82.55,71.63,76.43,84.39,82.56,88.37,87.79,94.05,91.31,90.13,68.56,67.75,77.11,69.06,80.73,76.49,73.71,28.76,0.267,0.194,32.449,0.823,1.182,8.518,10.67,0.361,0.268,0.724,0.299,26.247,-1.52,-0.55,0.241
E08000035,Leeds,E01011344,Leeds 065A,100000,68.76,78.21,91.64,82.57,94.53,87.49,86.52,78.35,90.59,96.59,89.88,97.58,85.02,86.76,73.58,84.74,89.06,82.36,95.23,73.47,83.28,85.59,89.62,96.89,94.15,98.93,92.4,94.5,73.52,82.1,90.92,83.03,95.18,81.37,84.99,76.495,0.724,0.345,89.419,0.948,2.411,18.751,82.602,0.943,0.593,2.457,0.488,14.8,2.564,1.761,0.969
E08000035,Leeds,E01011345,Leeds 061C,165000,54.75,60.75,75.09,73.73,88.01,78.45,74.72,71.63,70.94,80.24,81.02,88.87,79.4,77.49,72.87,78.2,80.91,79.77,90.41,72.71,79.96,84.24,82.06,85.65,89.72,94.74,91.22,90.53,68.99,69.1,78.81,77.26,89.39,76.42,77.8,33.329,0.375,0.202,44.958,0.707,1.143,7.136,12.278,0.496,0.357,0.895,0.376,22.173,-1.434,-0.61,0.47
E08000035,Leeds,E01011346,Leeds 060D,214000,59.64,62.36,68.85,64.12,78.8,81.48,71.45,74.71,75.64,77.47,72.41,80.3,81.56,76.84,73.26,79.56,78.72,76.45,82.59,73.12,77.75,84.8,80.41,87.18,86.86,92.17,91.75,89.25,70.77,70.78,74.84,70.82,80.9,78.18,75.29,40.44,0.45,0.217,43.016,0.834,1.495,11.235,31.609,0.67,0.392,0.886,0.364,24.626,-0.214,0.15,1.125
E08000035,Leeds,E01011347,Leeds 065B,110000,67.81,77.45,86.5,81.17,93.7,86.41,85.36,78.23,90.87,95.11,89.53,97.8,84.77,86.68,73.7,84.1,86.45,81.89,93.62,73.53,82.63,85.7,89.48,95.76,93.7,98.89,92.54,94.37,73.37,81.45,87.25,82.17,94.01,80.89,84.19,76.013,0.692,0.371,80.894,1.04,2.054,17.784,74.092,0.875,0.428,2.346,0.43,15.625,2.296,1.558,0.59
E08000035,Leeds,E01011348,Leeds 065C,:,67.76,79.39,78.68,77.72,91.5,85.56,84.2,77.87,88.99,88.85,86.51,93.8,84.14,84.96,74.58,85.27,83.21,81.69,90.8,74.57,82.31,85.66,88.31,91.65,91.54,97.04,92.52,93.02,73.87,82.87,81.91,80.35,91.4,80.93,83.42,51.003,0.581,0.256,56.671,0.834,1.309,16.972,40.335,0.775,0.36,0.955,0.445,16.401,2.059,0.705,0.616
E08000035,Leeds,E01011349,Leeds 065D,114000,73.4,87.58,85.8,81.97,86.4,87.89,86.97,79.05,92.61,90.83,88.17,89.81,84.78,85.67,75.76,89.61,86.62,83.91,88.55,75.86,83.41,86.11,92.77,93.06,91.12,94.63,92.87,92.91,76.05,89.22,86.88,83.4,87.78,82.66,85.16,46.808,0.489,0.291,46.208,0.78,1.062,17.859,41.929,0.582,0.441,-0.373,0.494,14.626,2.352,0.687,0.817
E08000035,Leeds,E01011350,Leeds 034A,342750,59.64,67.12,71.9,69.13,88.19,83.33,76.74,76.59,85.78,84.31,81.7,91.47,84.52,82.77,72.17,83.6,80.91,76.58,88.85,72.49,79.74,83.91,84.27,87.4,86.46,94.23,90.69,89.84,70.33,75.55,77.59,73.76,88.82,78.97,78.92,5.875,0.071,0.048,1.923,-0.461,-0.39,7.0,28.561,0.138,0.072,-1.172,0.116,21.059,-1.349,0.285,0.571
E08000035,Leeds,E01011351,Leeds 034B,292500,59.12,66.35,72.65,67.65,88.92,82.39,76.33,76.61,84.02,86.56,82.41,92.39,84.33,82.82,71.44,81.46,79.69,74.83,88.54,71.85,78.71,84.28,85.66,90.41,88.67,96.21,91.07,91.32,69.75,74.13,77.34,72.31,89.04,78.23,78.22,9.274,0.096,0.07,1.193,-0.514,-0.091,5.568,41.254,0.141,0.118,-1.251,0.088,21.737,-2.159,0.869,0.074
E08000035,Leeds,E01011352,Leeds 034C,276500,61.77,69.22,80.06,72.65,95.25,84.73,80.8,77.37,86.27,90.88,85.5,97.16,85.11,84.89,72.66,85.05,84.9,79.46,92.99,73.12,81.84,84.55,87.34,92.52,90.17,97.66,91.37,92.45,71.23,77.29,83.49,76.99,94.36,79.95,81.81,15.877,0.164,0.077,7.33,0.125,0.503,10.175,45.592,0.288,0.267,-0.141,0.102,18.13,0.064,0.868,0.549
E08000035,Leeds,E01011353,Leeds 034D,363750,61.88,61.8,77.1,66.46,83.83,83.71,74.09,77.0,80.21,88.47,81.39,88.54,84.38,81.72,71.3,78.85,81.01,72.64,83.16,71.53,76.54,84.55,85.31,92.68,88.57,95.02,91.32,91.13,70.33,70.42,80.03,70.65,83.86,78.68,76.1,3.699,0.061,0.049,0.493,-0.65,-0.637,5.152,16.569,0.087,0.06,-2.046,0.094,23.851,-2.886,-0.063,0.067
E08000035,Leeds,E01011354,Leeds 038A,217750,59.32,65.19,62.25,64.37,82.71,83.17,73.29,75.71,85.93,75.01,76.63,86.24,83.87,80.51,70.32,80.02,70.95,69.9,81.29,70.86,75.09,84.02,87.52,84.26,86.18,93.57,90.82,89.82,68.95,73.01,67.73,68.03,82.3,78.08,74.93,45.706,0.504,0.277,40.478,0.874,1.763,13.5,18.451,0.664,0.394,0.684,0.37,25.019,0.427,0.08,-0.061
E08000035,Leeds,E01011355,Leeds 038B,235000,62.12,67.35,71.87,66.97,83.56,85.05,75.57,77.32,86.69,83.55,82.01,89.6,85.18,83.0,72.12,81.49,78.24,74.12,83.81,72.46,77.6,84.63,87.36,87.99,88.13,94.91,91.46,91.02,70.96,74.81,76.11,71.64,84.12,79.8,77.35,30.134,0.355,0.209,22.766,0.824,0.767,12.795,19.786,0.433,0.507,0.172,0.277,22.625,0.478,-0.206,0.684
E08000035,Leeds,E01011356,Leeds 042A,232000,65.29,62.79,82.39,70.75,88.14,85.75,77.31,78.02,81.07,91.18,84.67,92.76,85.03,83.61,73.37,83.16,87.17,79.61,89.64,73.55,81.04,85.24,87.89,94.77,90.48,96.78,92.02,92.67,72.56,72.84,85.72,76.17,89.26,80.62,79.89,15.382,0.167,0.118,4.516,0.111,0.371,6.527,32.734,0.264,0.179,-0.686,0.138,20.02,-1.427,0.498,0.465
E08000035,Leeds,E01011357,Leeds 038C,65000,69.28,64.53,78.3,71.38,83.96,88.06,77.29,78.68,82.38,89.23,85.47,90.52,85.52,83.85,73.81,82.38,83.9,79.05,86.89,73.79,80.15,85.64,87.49,93.06,89.89,95.14,92.44,92.08,73.83,73.48,82.13,76.23,85.89,81.82,79.43,49.373,0.544,0.286,41.599,0.919,1.211,18.925,42.167,0.712,0.54,0.804,0.363,20.472,2.323,0.593,1.099
E08000035,Leeds,E01011358,Leeds 042B,256500,65.27,60.79,77.78,70.37,85.05,86.11,75.64,77.84,79.98,88.23,83.13,89.04,85.08,82.47,72.84,79.43,82.76,76.45,84.73,72.77,78.27,84.99,82.89,90.79,87.74,94.13,91.75,90.49,72.19,70.13,81.26,74.34,85.22,80.42,77.69,35.946,0.41,0.224,26.598,0.743,1.382,12.844,27.391,0.621,0.395,0.344,0.295,22.265,0.531,0.207,0.623
E08000035,Leeds,E01011359,Leeds 042C,264000,65.5,63.66,81.48,70.37,89.73,85.82,77.94,77.51,81.46,90.77,84.16,93.79,84.68,83.48,72.37,80.27,84.21,76.71,90.14,72.44,79.71,84.95,86.01,94.05,89.57,95.33,91.74,91.72,71.9,72.08,83.73,74.55,90.27,80.1,79.44,30.443,0.273,0.161,27.59,0.123,1.156,12.139,61.286,0.361,0.286,0.771,0.241,20.461,0.479,1.156,0.886
E08000035,Leeds,E01011360,Leeds 042D,152500,71.41,72.48,81.03,73.15,86.2,88.75,80.89,78.92,85.48,90.2,85.91,92.28,85.43,84.74,74.71,86.59,86.26,82.16,90.21,75.08,82.66,85.83,91.6,94.2,90.43,95.79,92.64,92.94,74.92,79.62,84.61,78.56,88.65,82.73,82.26,51.93,0.614,0.246,55.721,0.659,0.901,16.563,58.341,0.845,0.562,0.883,0.448,17.67,1.88,1.085,0.897
E08000035,Leeds,E01011361,Leeds 042E,200000,70.68,75.68,86.68,74.09,89.13,88.47,82.89,78.63,85.51,92.46,85.64,93.33,85.19,84.76,74.27,86.54,88.66,81.38,91.69,74.5,82.81,85.62,92.25,95.24,90.18,96.11,92.4,93.02,74.43,81.28,88.42,78.57,90.76,82.32,83.14,50.932,0.574,0.29,41.867,0.961,1.216,15.741,43.748,0.788,0.543,0.631,0.384,16.707,1.72,0.747,0.809
E08000035,Leeds,E01011362,Leeds 081A,150000,71.9,53.43,62.05,70.64,84.26,82.16,73.33,79.0,73.61,78.07,82.47,88.75,83.9,81.67,74.91,73.73,75.65,76.85,86.56,74.72,78.36,86.92,82.54,88.84,90.03,95.54,94.05,91.99,75.16,63.49,70.29,74.61,85.77,79.43,76.75,48.692,0.446,0.254,58.178,1.026,1.258,19.897,51.124,0.685,0.381,1.526,0.377,23.254,2.352,0.85,1.131
E08000035,Leeds,E01011363,Leeds 071E,145500,75.57,48.32,68.98,71.84,84.37,84.71,73.26,79.49,69.03,81.08,81.36,85.69,84.19,80.66,76.34,75.25,80.94,79.58,87.03,76.54,79.96,87.18,80.44,90.53,89.72,94.15,94.3,91.47,76.97,61.22,76.23,76.38,85.9,81.47,77.47,57.778,0.592,0.323,61.622,1.538,0.85,15.196,35.765,0.874,0.517,1.209,0.446,22.475,1.184,0.261,1.289
E08000035,Leeds,E01011364,Leeds 085A,113500,74.43,67.62,67.54,79.88,88.22,83.96,80.75,79.07,79.87,77.4,86.77,88.81,83.24,83.18,75.38,82.15,78.35,82.54,88.66,74.74,81.45,87.3,86.11,86.53,91.79,95.45,94.34,92.73,76.03,74.88,74.08,81.72,88.61,80.21,81.44,42.315,0.512,0.249,34.324,0.868,1.213,17.902,24.906,0.696,0.45,0.415,0.353,18.509,2.193,-0.337,1.349
E08000035,Leeds,E01011366,Leeds 082A,97000,74.67,58.98,64.25,75.8,81.51,83.21,75.52,79.45,75.79,77.96,85.91,88.15,83.67,82.59,75.39,74.71,75.24,79.9,84.68,74.86,78.67,87.9,86.21,87.16,92.76,94.48,95.08,92.93,76.15,66.94,71.01,78.59,83.56,79.96,77.85,58.58,0.615,0.292,52.584,1.25,1.269,19.878,54.756,0.852,0.557,1.154,0.395,22.102,2.445,1.036,0.774
E08000035,Leeds,E01011368,Leeds 082C,89910.5,74.84,61.22,68.58,78.8,86.24,83.87,78.33,79.41,77.07,79.95,87.08,89.45,83.64,83.18,75.62,78.27,78.88,82.39,87.61,75.06,80.63,87.92,85.89,87.88,93.02,94.8,95.11,93.09,76.33,69.7,74.9,81.2,87.22,80.35,80.05,60.472,0.617,0.301,47.739,0.883,2.075,19.081,60.882,0.852,0.515,0.723,0.413,19.898,2.409,1.095,1.098
E08000035,Leeds,E01011369,Leeds 090E,162000,67.29,58.96,62.67,66.64,79.76,78.86,71.8,77.8,71.28,71.39,79.27,83.91,82.08,79.23,73.21,74.1,71.13,73.92,80.09,72.04,75.41,87.45,80.92,84.59,88.92,92.33,94.65,90.64,72.87,66.43,67.88,71.19,80.26,76.52,74.4,21.558,0.238,0.127,25.018,0.391,0.5,10.593,30.564,0.39,0.22,-0.18,0.331,25.61,-0.586,0.144,1.041
E08000035,Leeds,E01011370,Leeds 082D,167500,70.52,60.56,67.71,76.59,89.67,82.13,77.95,78.82,79.59,80.33,88.3,93.85,83.24,84.15,74.03,77.3,77.67,80.04,89.69,73.07,79.92,87.46,83.45,87.46,92.27,96.04,94.61,92.85,74.26,69.08,73.9,79.18,90.03,78.59,79.61,47.034,0.46,0.243,42.841,0.863,1.174,13.646,72.072,0.708,0.325,0.422,0.409,20.369,0.925,1.371,1.003
E08000035,Leeds,E01011371,Leeds 085B,95000,73.51,71.7,68.08,81.23,93.97,83.82,83.67,78.85,81.5,76.74,86.75,92.68,83.02,83.9,75.85,84.78,79.32,84.01,93.23,75.44,83.52,87.31,88.37,86.6,92.34,96.76,94.33,93.48,76.1,78.22,74.81,83.02,93.68,80.45,83.75,60.175,0.609,0.294,53.285,1.456,2.221,18.593,36.656,0.74,0.528,0.327,0.494,16.201,2.473,0.221,1.453
E08000035,Leeds,E01011372,Leeds 086C,93750,70.82,68.65,69.65,79.66,96.46,82.76,82.88,78.66,82.17,78.59,88.42,97.65,83.04,85.03,74.9,83.5,79.92,82.84,95.68,74.37,83.39,87.37,86.56,87.54,92.81,98.9,94.45,94.09,74.87,76.11,75.88,81.9,96.27,79.47,83.46,63.284,0.62,0.29,57.611,1.182,1.817,17.723,69.131,0.732,0.914,0.508,0.514,16.486,2.247,1.298,1.014
E08000035,Leeds,E01011373,Leeds 085C,130000,72.04,65.77,69.88,80.31,92.76,83.19,81.35,78.95,80.63,80.56,89.48,94.61,83.36,84.68,74.7,81.35,80.23,82.94,93.05,74.04,82.29,87.58,85.79,88.55,93.75,97.55,94.74,93.95,75.05,73.6,76.21,82.31,93.14,79.54,82.25,57.846,0.569,0.282,53.154,1.193,1.946,16.623,55.277,0.705,0.663,0.602,0.463,17.702,1.895,0.987,1.007
E08000035,Leeds,E01011374,Leeds 085D,112000,70.96,69.11,67.35,80.62,95.29,82.05,82.68,78.54,80.77,77.43,87.56,97.55,82.73,84.58,75.24,82.87,78.54,82.83,94.01,74.81,82.94,87.29,88.18,86.04,91.76,98.93,94.29,93.93,75.1,76.01,74.1,82.24,94.91,79.33,83.11,49.402,0.443,0.244,53.014,0.899,1.191,17.707,79.989,0.724,0.215,0.768,0.442,16.811,2.227,1.56,1.12
E08000035,Leeds,E01011375,Leeds 086D,123500,69.45,67.01,68.38,77.84,93.93,82.26,81.07,78.7,81.79,79.87,89.5,96.6,83.24,85.04,74.25,81.4,78.87,81.09,93.77,73.49,81.96,87.5,86.31,87.92,93.33,98.03,94.65,93.99,74.15,74.33,74.81,80.33,94.12,78.84,81.99,65.793,0.69,0.311,59.117,0.833,1.684,17.149,76.194,0.772,0.643,0.562,0.52,17.982,2.029,1.79,0.329
E08000035,Leeds,E01011376,Leeds 013A,379995,40.25,44.91,26.3,38.68,50.19,65.84,47.63,66.32,68.41,47.41,58.11,70.06,76.78,67.26,63.13,64.32,47.64,51.25,59.57,63.15,60.29,80.12,80.18,65.5,75.7,84.03,87.21,81.74,58.77,54.72,38.7,46.35,55.97,65.97,55.89,2.849,0.057,0.056,1.087,-0.916,-1.342,16.31,3.188,0.103,0.019,-1.737,0.116,43.995,-6.474,-0.758,-0.659
E08000035,Leeds,E01011377,Leeds 013B,315000,44.35,65.04,44.12,47.02,63.76,70.26,60.33,68.23,79.94,57.11,65.75,80.83,78.75,73.01,65.26,74.14,57.77,58.02,69.0,65.34,66.61,81.26,89.46,73.1,82.01,90.8,88.39,86.83,61.32,70.1,52.18,53.87,67.34,69.18,64.73,2.499,0.051,0.045,2.224,-1.122,-0.779,10.371,8.994,0.059,0.042,-2.063,0.147,35.197,-4.104,-0.439,-0.126
E08000035,Leeds,E01011378,Leeds 013C,165000,44.69,73.27,54.09,49.43,65.71,70.96,64.08,68.67,82.32,64.03,66.91,81.71,79.07,74.01,65.48,77.14,64.67,61.18,71.34,65.88,68.59,81.24,89.08,75.75,81.65,91.25,88.33,86.96,61.6,75.83,60.44,56.55,69.44,69.78,67.33,48.382,0.507,0.311,41.352,0.935,1.778,20.625,6.978,0.79,0.274,0.936,0.345,32.57,1.291,-0.359,-0.735
E08000035,Leeds,E01011379,Leeds 017A,230000,47.11,74.96,57.6,51.53,69.06,72.64,66.56,69.4,82.71,65.46,68.8,81.81,79.75,74.79,66.55,79.43,67.27,63.6,74.28,66.98,70.61,81.28,86.64,75.57,80.85,89.81,88.35,86.12,62.92,77.71,63.4,58.79,72.42,71.12,69.45,34.429,0.4,0.231,27.809,0.655,1.28,17.93,10.344,0.606,0.243,0.576,0.276,30.503,0.904,-0.112,-1.033
E08000035,Leeds,E01011380,Leeds 016A,393000,43.05,52.5,43.91,44.8,56.32,68.45,53.97,70.4,75.64,57.38,68.62,70.95,79.95,72.33,63.88,69.47,55.76,57.45,61.09,65.12,63.22,81.86,82.77,72.73,82.76,86.8,88.86,85.3,60.45,61.29,51.02,52.85,59.53,68.35,60.36,4.574,0.07,0.053,1.715,-0.873,-0.158,15.018,10.158,0.07,0.066,-1.109,0.1,39.536,-2.774,-0.361,-0.11
E08000035,Leeds,E01011381,Leeds 016B,440000,43.21,57.67,47.1,49.3,64.04,68.63,58.62,68.75,73.26,59.2,66.27,80.36,78.85,72.38,65.35,72.97,61.53,63.27,71.89,66.44,68.24,81.87,83.62,76.23,83.81,93.33,88.93,87.71,61.2,65.37,55.56,57.47,68.9,68.95,64.84,5.365,0.093,0.056,5.57,-0.891,0.103,9.905,6.867,0.198,0.051,-1.45,0.19,34.751,-4.314,-0.64,-0.125
E08000035,Leeds,E01011382,Leeds 013D,294500,45.0,45.12,32.67,43.18,62.46,69.88,53.48,66.55,69.35,48.13,59.46,74.49,77.35,68.5,67.25,69.32,53.45,57.13,69.5,67.01,66.37,80.7,83.77,68.08,78.95,88.52,87.86,84.47,62.5,57.02,44.6,51.29,66.7,69.67,61.5,3.496,0.075,0.051,2.121,-0.781,-0.78,14.601,4.967,0.14,0.048,-1.118,0.118,38.47,-2.513,-0.495,-0.809
E08000035,Leeds,E01011383,Leeds 019A,227500,48.08,70.64,57.45,53.87,71.39,72.79,66.65,70.39,79.77,63.99,70.72,81.56,80.38,75.12,65.79,78.35,66.86,64.68,74.73,66.49,70.43,81.83,85.89,76.77,82.8,90.8,88.87,87.0,62.79,74.83,63.06,60.48,73.69,71.01,69.41,14.571,0.198,0.125,6.895,-0.401,0.177,12.916,24.517,0.269,0.131,-0.652,0.175,30.564,-0.663,0.422,-0.31
E08000035,Leeds,E01011384,Leeds 017B,280000,46.47,60.8,46.02,47.61,66.05,71.8,60.51,68.79,79.18,59.58,66.95,82.05,79.44,73.65,67.21,74.07,59.19,59.48,71.29,66.98,68.2,81.38,86.52,73.74,81.92,90.71,88.54,86.56,63.12,67.8,53.85,54.93,69.58,70.71,65.68,13.957,0.166,0.136,6.803,-0.148,0.2,11.445,15.955,0.214,0.082,-0.81,0.184,34.269,-2.501,0.134,-0.741
E08000035,Leeds,E01011385,Leeds 016C,435000,45.97,56.38,45.36,46.69,52.21,71.31,54.9,71.46,78.19,59.11,70.16,68.27,80.84,73.06,64.36,72.29,57.53,57.99,59.63,65.81,63.68,82.42,87.51,75.46,85.02,87.69,89.45,86.88,61.55,64.66,52.66,54.05,56.82,70.05,61.03,5.281,0.097,0.063,1.894,-0.509,-0.653,14.785,7.5,0.185,0.059,-1.6,0.134,39.048,-2.668,-0.333,-0.694
E08000035,Leeds,E01011386,Leeds 016D,238750,46.04,48.72,44.32,50.81,66.2,70.76,57.64,70.83,74.18,59.31,70.76,79.05,80.5,74.08,65.87,72.18,59.69,64.01,72.4,66.95,68.48,82.4,83.86,76.34,85.43,92.35,89.45,87.99,62.45,60.39,53.38,58.83,70.06,70.31,64.71,3.72,0.061,0.058,1.684,-1.345,-0.577,10.818,14.647,0.091,0.037,-1.313,0.118,35.298,-3.634,-0.18,0.095
E08000035,Leeds,E01011388,Leeds 019B,260000,49.8,61.59,52.98,49.37,66.85,74.01,62.25,70.15,77.58,63.07,67.79,76.47,80.22,73.38,66.86,74.8,63.19,60.69,70.92,67.15,68.48,81.48,83.55,74.95,80.5,87.52,88.53,85.09,63.83,68.44,59.13,56.35,69.48,71.86,66.5,14.965,0.221,0.122,9.92,0.12,0.367,11.868,1.773,0.354,0.191,-0.462,0.199,33.528,-1.949,-0.861,-0.984
E08000035,Leeds,E01011390,Leeds 087A,180000,38.25,45.2,25.2,37.37,48.22,55.73,45.48,63.98,51.58,47.33,52.94,67.02,72.1,62.17,61.05,57.75,51.79,54.73,63.97,61.92,60.27,84.32,76.49,76.65,81.36,88.76,91.59,86.01,56.66,51.17,40.46,47.1,57.14,60.39,54.61,24.165,0.233,0.152,29.376,0.581,0.189,27.541,13.775,0.322,0.223,0.461,0.306,45.524,0.509,-0.134,-0.121
E08000035,Leeds,E01011391,Leeds 087B,215000,38.98,44.53,27.97,38.31,49.76,55.75,46.14,64.83,52.72,50.43,55.13,71.02,72.89,63.83,61.51,57.05,51.8,53.95,63.04,61.86,59.93,84.36,77.02,77.32,80.78,89.41,91.64,86.18,57.24,50.58,41.77,47.29,57.57,60.43,54.83,23.279,0.256,0.144,31.431,0.453,0.047,26.531,10.314,0.441,0.251,0.704,0.293,45.097,0.304,-0.237,-0.389
E08000035,Leeds,E01011392,Leeds 087C,237000,35.01,39.67,24.38,41.15,42.53,58.65,42.82,61.34,69.85,47.12,59.99,58.81,70.67,63.15,55.91,63.52,48.62,56.88,58.68,57.8,58.21,82.66,71.24,71.03,80.47,83.44,90.01,82.86,52.27,51.7,38.39,50.33,51.52,59.68,52.55,15.258,0.163,0.108,14.478,-0.156,0.523,24.36,5.186,0.253,0.105,0.072,0.197,47.384,-0.906,-0.569,-0.521
E08000035,Leeds,E01011393,Leeds 103C,270000,33.74,19.27,33.59,42.79,35.21,52.57,34.99,62.62,42.96,53.46,56.74,53.19,70.66,58.71,61.68,52.33,55.61,56.91,56.58,61.2,58.1,83.63,69.94,76.23,76.95,79.65,91.08,81.47,55.87,34.78,46.36,50.8,46.89,58.49,49.01,9.472,0.104,0.07,4.964,-0.137,-0.39,25.372,12.284,0.131,0.165,-0.896,0.163,50.896,-1.419,-0.435,0.268
E08000035,Leeds,E01011394,Leeds 103D,180000,33.48,27.48,41.73,44.28,38.79,54.62,39.04,62.22,52.7,59.73,62.63,61.45,70.87,62.28,58.92,53.21,56.22,55.98,55.65,58.95,56.86,83.17,72.81,77.71,79.35,82.43,90.67,83.02,53.99,39.98,50.41,51.44,48.45,58.39,50.27,15.284,0.118,0.086,13.517,0.255,-0.3,26.573,31.874,0.155,0.106,-0.331,0.23,50.33,-0.803,0.563,0.182
E08000035,Leeds,E01011395,Leeds 103E,205000,36.37,13.22,26.73,30.43,20.43,51.46,26.73,62.45,40.84,52.39,54.51,48.33,70.51,57.16,59.9,47.94,53.41,51.7,53.92,59.7,55.12,83.67,67.23,75.94,76.19,78.31,91.12,80.63,55.29,29.62,42.17,42.73,38.68,57.27,44.03,20.553,0.187,0.12,18.421,0.423,0.189,31.978,17.87,0.268,0.188,0.429,0.193,56.125,-0.025,-0.177,0.442
E08000035,Leeds,E01011396,Leeds 074A,238000,49.57,49.86,67.84,59.47,94.19,63.56,68.44,63.73,67.09,71.25,71.14,96.47,71.72,72.29,69.87,70.91,74.4,70.48,91.52,68.88,76.08,83.92,74.88,80.4,85.0,97.5,91.1,89.21,64.8,60.07,71.86,65.78,93.11,67.19,72.85,16.301,0.176,0.096,10.068,0.048,0.595,10.431,36.531,0.295,0.164,-0.153,0.168,27.121,-0.881,0.669,0.352
E08000035,Leeds,E01011397,Leeds 077A,238000,48.37,48.06,54.15,51.65,73.99,63.32,59.83,62.13,63.21,63.18,66.04,82.77,70.16,67.71,69.93,67.37,65.25,65.68,78.31,68.64,71.02,83.46,69.13,74.54,80.49,91.38,90.63,85.39,64.35,57.4,60.75,59.66,76.71,66.84,66.4,6.045,0.103,0.06,8.302,-0.449,-0.657,10.229,10.359,0.12,0.119,-0.748,0.199,33.663,-3.073,-0.319,-0.172
E08000035,Leeds,E01011398,Leeds 077B,285000,46.16,37.63,40.88,42.64,57.44,60.22,49.33,61.12,52.39,55.16,59.88,71.85,68.59,62.73,67.06,59.22,57.01,58.69,67.97,65.06,64.44,83.08,65.28,70.1,77.1,86.43,90.2,82.45,61.87,47.86,50.3,51.85,63.54,63.62,58.37,3.32,0.042,0.053,4.847,-0.906,-1.521,17.51,6.176,0.051,0.042,-0.815,0.156,41.872,-2.313,-0.458,-0.587
E08000035,Leeds,E01011399,Leeds 074B,233500,49.15,43.86,59.92,54.94,83.37,62.14,62.28,64.25,63.77,66.41,69.47,88.99,72.16,70.53,67.47,67.6,68.61,66.41,84.09,66.16,71.81,84.39,75.59,79.55,85.15,95.18,91.58,88.77,63.24,55.32,65.16,61.7,84.14,65.31,68.02,9.479,0.106,0.078,14.377,-0.388,-0.329,13.308,19.162,0.185,0.064,0.18,0.181,31.956,-0.852,0.095,-0.01
E08000035,Leeds,E01011400,Leeds 074C,240000,49.54,52.15,62.77,57.44,87.44,64.11,66.55,63.25,67.21,68.47,70.01,91.16,71.33,70.96,71.43,71.26,71.89,70.18,87.6,70.26,75.59,83.65,73.02,77.28,82.84,94.39,90.85,87.4,65.73,61.43,68.22,64.67,87.84,68.06,71.73,14.775,0.164,0.122,18.912,-0.06,-0.007,8.807,18.723,0.171,0.177,0.254,0.225,28.243,-1.847,-0.046,0.281
E08000035,Leeds,E01011401,Leeds 077C,264975,46.37,59.24,50.49,45.51,68.02,64.53,59.68,61.86,68.44,61.3,63.05,78.36,70.51,67.1,66.59,68.77,61.07,59.62,73.76,64.88,67.66,82.88,70.96,73.06,77.95,89.28,90.17,84.16,61.73,64.14,56.85,53.8,71.53,65.66,64.54,3.005,0.064,0.054,4.321,-1.029,-0.649,10.992,3.106,0.095,0.052,-0.868,0.15,35.48,-3.592,-0.954,-0.461
E08000035,Leeds,E01011402,Leeds 087D,255000,50.05,39.89,50.36,45.4,68.47,61.82,54.78,64.63,59.3,58.18,61.65,74.96,72.56,66.43,66.73,65.93,64.74,62.53,75.68,65.82,68.39,84.09,71.27,75.16,80.05,88.44,91.28,84.92,63.02,52.29,58.65,55.07,72.52,65.03,62.91,16.255,0.117,0.162,16.552,0.027,0.238,12.874,18.459,0.112,0.129,0.049,0.225,37.036,-2.988,-0.21,0.562
E08000035,Leeds,E01011403,Leeds 074D,317500,48.79,58.03,64.03,57.24,86.22,65.18,67.79,62.79,70.34,67.91,68.97,89.54,71.27,70.74,69.61,71.9,70.54,67.77,85.21,68.42,73.95,82.99,70.31,76.6,80.97,93.7,90.28,86.25,64.33,64.95,68.02,63.32,86.01,67.68,71.36,8.034,0.109,0.074,5.155,0.091,-0.407,7.208,11.895,0.118,0.132,-1.217,0.179,28.704,-3.002,-0.251,-0.103
E08000035,Leeds,E01011404,Leeds 077D,263997.5,44.49,55.13,45.71,40.74,60.26,63.2,54.82,61.49,65.82,59.27,60.38,74.94,70.09,65.52,66.5,67.17,60.34,59.13,71.47,64.98,66.69,82.4,67.48,69.92,74.46,85.39,89.69,81.59,61.19,61.16,54.33,51.28,66.71,65.07,61.96,4.016,0.04,0.046,4.771,-0.75,-1.32,13.788,19.363,0.04,0.058,-1.476,0.18,38.028,-2.838,0.297,-0.8
E08000035,Leeds,E01011405,Leeds 077E,295000,46.34,57.8,51.17,46.26,71.32,65.04,60.48,62.7,70.83,61.58,64.34,80.96,71.43,68.53,65.53,69.62,62.05,60.09,75.62,64.4,68.02,83.09,71.29,73.33,78.8,90.16,90.42,84.73,61.15,63.88,57.68,54.45,74.07,65.75,65.16,4.518,0.074,0.075,6.114,-0.718,-1.125,10.693,5.036,0.08,0.064,-1.343,0.195,35.036,-3.559,-0.61,-0.472
E08000035,Leeds,E01011406,Leeds 057A,250000,52.63,70.06,69.59,74.28,86.91,76.68,76.3,70.01,83.27,77.52,82.62,88.83,78.1,78.54,71.26,80.04,77.68,78.0,88.52,70.86,78.74,83.67,84.28,84.38,91.07,93.8,90.68,90.51,67.26,75.43,74.61,76.75,87.95,74.64,77.88,6.335,0.075,0.057,4.887,-0.454,0.021,3.103,19.481,0.117,0.075,-1.03,0.169,22.098,-4.496,0.186,-0.241
E08000035,Leeds,E01011407,Leeds 057B,209500,50.9,67.32,57.81,69.5,80.39,74.53,71.83,69.41,83.93,73.01,80.55,86.62,77.59,77.55,69.64,78.91,71.66,74.84,82.95,68.95,75.76,83.73,85.11,83.45,91.05,93.05,90.79,90.36,65.75,73.54,66.13,72.98,82.11,72.72,74.46,19.316,0.181,0.117,26.963,0.24,0.849,4.505,20.497,0.278,0.114,0.63,0.259,25.499,-4.272,0.243,-0.275
E08000035,Leeds,E01011408,Leeds 057C,253500,54.61,53.05,73.03,73.79,85.4,75.92,71.51,70.22,73.92,77.43,82.17,87.59,78.16,77.09,72.52,75.41,80.02,79.57,89.49,72.07,79.03,84.4,79.6,86.0,91.12,94.95,91.5,90.72,68.54,64.02,77.34,77.28,87.7,74.86,76.0,13.722,0.109,0.093,15.211,0.014,0.69,4.512,24.376,0.172,0.088,-0.375,0.253,23.904,-3.456,0.054,0.648
E08000035,Leeds,E01011409,Leeds 057D,256420,54.15,59.66,73.89,75.51,88.12,76.14,74.4,70.55,80.19,81.36,85.69,93.0,78.55,79.64,72.59,78.2,82.55,81.93,91.6,72.35,80.55,84.14,81.12,87.1,93.01,96.14,91.21,91.59,68.53,69.02,79.22,79.45,90.25,75.13,78.15,17.172,0.14,0.1,9.563,0.282,0.586,2.59,45.136,0.161,0.103,-0.355,0.185,21.772,-5.774,0.851,0.575
E08000035,Leeds,E01011410,Leeds 057E,248000,51.33,48.58,47.67,60.33,69.2,70.55,61.04,68.1,70.79,65.0,72.57,72.65,75.86,71.31,69.52,70.23,68.43,70.37,76.45,68.78,71.78,83.59,74.22,78.55,86.38,88.35,90.72,86.56,65.59,59.3,59.73,66.21,73.12,70.68,67.57,6.704,0.074,0.069,14.867,-0.338,-0.24,9.367,3.035,0.124,0.044,-0.187,0.231,32.397,-3.072,-0.855,-0.567
E08000035,Leeds,E01011411,Leeds 073A,361450,58.01,39.56,61.62,53.49,81.67,66.62,62.13,68.85,66.56,70.8,74.04,85.37,76.28,73.53,67.71,67.86,70.87,66.46,79.3,66.63,70.85,84.84,74.57,82.15,84.11,91.38,91.98,87.6,66.02,53.32,67.26,61.44,80.79,67.91,67.7,5.014,0.083,0.058,3.359,-0.958,-0.053,7.509,13.149,0.133,0.061,-1.291,0.155,32.006,-5.733,-0.589,0.543
E08000035,Leeds,E01011412,Leeds 057F,230000,56.16,48.92,65.25,69.54,81.5,73.31,68.1,70.03,76.65,76.86,83.36,87.51,78.02,77.53,70.87,72.67,75.04,75.3,83.95,70.29,75.66,84.55,80.41,85.48,91.39,95.18,91.71,90.97,67.8,60.83,71.29,73.43,83.16,72.83,72.91,5.152,0.077,0.065,5.771,-0.953,-0.206,4.876,12.907,0.119,0.038,-0.926,0.176,26.967,-4.851,-0.421,0.314
E08000035,Leeds,E01011413,Leeds 069A,272500,54.05,57.22,67.62,70.09,82.76,76.42,70.95,71.54,78.0,73.71,80.72,87.26,78.85,77.93,71.7,77.53,74.75,76.3,86.98,71.16,77.71,84.28,80.51,84.79,90.33,95.49,91.23,90.68,68.07,67.34,72.04,73.96,85.23,74.72,75.16,6.342,0.082,0.059,6.086,-0.561,-0.248,4.07,22.028,0.084,0.074,-0.784,0.172,24.787,-4.504,0.322,-0.306
E08000035,Leeds,E01011414,Leeds 073B,256000,56.23,51.64,65.91,72.23,82.39,74.3,69.72,70.86,77.4,75.05,84.39,86.08,78.53,77.94,70.99,73.47,73.77,76.41,84.16,70.27,76.0,84.65,80.09,84.42,90.74,94.33,91.76,90.52,68.01,62.64,70.83,75.22,83.59,73.31,73.77,7.218,0.077,0.066,7.497,-0.926,0.037,5.997,26.646,0.121,0.048,-0.641,0.182,26.09,-2.937,0.231,0.498
E08000035,Leeds,E01011415,Leeds 069B,196500,53.28,61.73,56.63,68.32,88.68,75.8,72.98,73.05,81.32,69.2,79.82,92.51,79.86,79.78,71.13,79.33,71.16,76.06,88.17,70.33,77.9,84.49,82.73,82.81,90.56,97.4,91.35,91.48,67.75,70.65,65.22,73.01,88.75,74.14,76.21,18.369,0.135,0.111,17.038,-0.162,1.244,5.594,34.598,0.22,0.076,0.219,0.209,23.667,-2.537,0.631,0.273
E08000035,Leeds,E01011416,Leeds 069C,250000,54.5,60.43,62.08,71.4,82.98,75.5,71.85,72.39,84.33,73.75,85.03,90.54,79.62,80.47,71.22,78.69,71.29,76.3,85.33,70.55,77.16,84.65,82.86,83.81,90.99,95.44,91.63,91.14,67.99,69.86,67.8,74.86,84.67,74.08,75.43,11.211,0.111,0.087,12.988,0.101,-0.079,7.053,20.881,0.174,0.1,-0.448,0.234,24.458,-1.867,0.181,-0.03
E08000035,Leeds,E01011417,Leeds 069D,260000,52.84,62.21,55.61,68.44,86.84,75.11,72.41,72.81,82.71,67.92,80.1,91.74,79.65,79.74,70.81,79.95,70.83,76.16,87.44,70.19,77.71,84.51,82.99,82.36,90.42,96.84,91.4,91.31,67.41,71.24,64.55,73.13,87.52,73.74,75.88,14.096,0.148,0.098,16.315,-0.075,0.249,7.895,27.482,0.214,0.162,-0.381,0.265,24.042,-1.389,0.411,0.135
E08000035,Leeds,E01011418,Leeds 073C,215000,57.31,47.47,58.19,62.99,78.65,69.53,65.15,69.95,74.35,70.08,80.81,82.07,77.45,75.71,68.25,70.77,68.71,71.16,78.38,67.27,71.98,84.74,80.72,82.82,89.71,92.88,91.88,89.9,66.37,59.14,64.6,68.37,78.81,69.64,69.67,5.826,0.088,0.061,3.67,-0.263,-0.115,7.367,7.924,0.176,0.082,-1.251,0.159,30.364,-3.747,-0.669,0.042
E08000035,Leeds,E01011419,Leeds 073D,363132,54.54,44.89,49.33,60.87,67.03,68.73,59.81,69.44,71.51,64.32,78.8,74.71,76.76,73.4,66.88,67.1,61.56,67.77,68.92,65.5,67.59,84.25,76.07,79.58,87.2,89.17,91.39,87.45,64.8,56.06,56.72,65.64,68.47,68.39,65.06,3.002,0.031,0.063,3.094,-1.016,-0.374,9.276,2.011,0.027,0.028,-1.546,0.157,34.788,-7.139,-1.079,-0.635
E08000035,Leeds,E01011420,Leeds 069E,304250,48.49,45.41,35.73,55.79,63.32,69.35,56.63,71.39,72.85,56.25,73.33,75.65,78.04,73.7,67.14,67.34,54.46,63.91,67.36,65.7,66.45,83.64,73.62,74.17,83.42,87.98,90.38,85.49,63.89,56.51,46.76,61.13,66.06,68.87,63.22,9.556,0.066,0.081,10.378,-0.438,0.904,11.567,4.657,0.108,0.033,-0.623,0.217,36.639,-3.987,-0.551,-0.704
E08000035,Leeds,E01011421,Leeds 040A,210000,56.83,56.82,69.69,57.13,89.18,81.64,71.44,74.97,75.46,83.58,75.68,92.86,82.7,79.73,70.46,75.03,80.43,69.81,86.66,70.2,75.95,84.41,79.84,91.97,88.32,97.24,91.26,91.07,68.38,65.92,76.35,64.79,88.24,76.98,74.58,36.787,0.42,0.217,36.321,0.736,1.192,15.595,27.679,0.55,0.394,0.526,0.356,25.444,0.979,0.293,0.461
E08000035,Leeds,E01011422,Leeds 048A,151000,67.22,67.47,86.98,73.56,96.03,86.9,81.99,77.87,83.49,93.71,84.96,97.47,84.86,84.72,73.79,82.9,88.26,80.58,95.77,73.76,82.88,85.42,88.84,96.69,92.1,98.59,92.29,93.82,73.24,75.31,88.38,77.89,96.12,81.23,82.81,49.778,0.514,0.214,51.82,0.182,1.69,20.254,77.697,0.707,0.48,1.0,0.409,17.043,2.844,1.466,1.22
E08000035,Leeds,E01011423,Leeds 047A,180000,59.12,56.87,69.1,58.67,85.35,82.6,70.99,75.12,74.4,83.41,75.04,88.43,82.69,78.82,69.71,74.04,75.87,67.24,82.74,69.33,73.91,84.28,79.12,91.07,86.93,95.37,91.09,90.05,68.43,65.47,73.64,64.14,84.32,77.01,73.26,38.581,0.425,0.213,55.7,0.644,1.251,16.709,16.343,0.602,0.359,1.258,0.401,26.635,1.149,-0.015,-0.083
E08000035,Leeds,E01011424,Leeds 047B,189000,62.68,56.4,69.31,63.69,85.44,84.2,72.47,76.33,78.23,83.46,77.89,88.84,83.64,80.49,71.08,76.98,77.36,70.77,87.18,70.73,76.68,84.54,82.28,89.41,86.83,95.15,91.34,90.31,70.27,66.69,74.53,68.26,86.62,78.47,75.43,34.816,0.458,0.169,52.549,0.183,1.09,17.953,16.64,0.626,0.309,0.877,0.427,24.466,1.732,-0.056,0.061
E08000035,Leeds,E01011425,Leeds 040B,218000,54.05,55.39,64.79,52.97,83.31,79.66,67.78,73.65,70.69,78.46,70.86,88.44,81.49,76.81,69.3,72.34,76.13,65.81,80.5,68.99,72.69,83.76,74.23,88.18,84.52,94.8,90.54,88.52,66.83,63.77,71.75,60.66,82.28,75.41,71.18,16.957,0.207,0.116,17.271,0.027,0.393,15.485,18.266,0.332,0.111,-0.031,0.242,28.807,0.48,0.261,-0.919
E08000035,Leeds,E01011426,Leeds 048B,120000,68.28,71.66,86.7,73.79,94.09,87.34,82.76,78.06,84.62,92.56,84.95,96.18,84.81,84.72,73.55,83.8,87.88,79.82,94.39,73.54,82.46,85.49,91.61,96.51,91.39,97.77,92.28,93.72,73.35,77.95,88.01,77.61,94.49,81.32,82.9,66.336,0.717,0.291,76.262,0.866,1.061,17.672,77.293,0.979,0.762,1.625,0.487,16.952,2.215,1.536,0.964
E08000035,Leeds,E01011427,Leeds 047C,118000,66.18,67.6,82.37,72.65,91.07,86.64,80.03,77.32,83.34,90.57,83.05,94.01,84.44,83.49,72.42,82.17,83.88,76.44,92.4,72.2,80.54,84.68,84.43,91.61,87.96,96.51,91.45,91.33,72.05,75.06,83.92,75.31,92.02,80.35,80.71,62.458,0.691,0.31,74.619,1.149,1.098,19.446,33.636,0.818,0.722,1.404,0.521,19.102,2.542,0.525,0.475
E08000035,Leeds,E01011428,Leeds 048C,130000,68.87,72.65,91.49,77.03,96.53,88.14,84.7,78.4,86.82,96.83,87.72,98.23,85.31,86.07,74.25,85.4,90.91,82.58,96.66,74.35,84.14,85.55,88.82,97.36,92.36,98.93,92.4,94.05,73.98,79.27,91.86,80.58,96.83,82.1,84.66,63.228,0.637,0.223,86.422,0.484,1.827,20.81,85.458,0.904,0.615,1.912,0.528,15.15,3.064,1.812,1.197
E08000035,Leeds,E01011429,Leeds 048D,124750,70.36,76.06,91.1,75.58,93.23,88.26,84.58,78.67,86.58,95.09,86.6,96.12,85.18,85.58,74.38,85.78,90.76,81.7,95.02,74.41,83.69,85.67,89.77,95.95,90.42,97.34,92.46,93.23,74.43,81.21,91.55,79.43,94.42,82.18,84.34,64.081,0.655,0.282,74.802,0.642,1.434,17.303,74.558,0.878,0.846,1.559,0.489,15.476,2.178,1.338,1.368
E08000035,Leeds,E01011430,Leeds 053A,100000,67.49,70.68,88.42,75.29,94.67,87.43,82.91,78.09,86.65,95.26,86.72,98.01,85.14,85.67,73.24,84.03,87.74,79.59,95.21,73.18,82.54,85.18,87.59,95.26,91.07,98.88,91.98,93.38,72.98,77.64,88.77,78.28,95.25,81.22,83.08,68.404,0.735,0.287,94.248,0.572,1.427,19.643,75.744,0.991,0.666,2.507,0.531,16.755,2.719,1.558,0.748
E08000035,Leeds,E01011431,Leeds 047D,172500,64.1,64.87,76.22,69.06,87.35,85.04,76.84,76.7,81.65,87.52,81.27,89.72,83.84,81.89,71.15,79.16,79.12,72.73,87.57,70.79,77.55,84.79,86.11,92.56,89.92,96.51,91.61,92.02,70.69,72.24,78.6,71.8,87.71,78.91,77.74,55.757,0.539,0.297,57.981,1.447,1.837,17.091,26.666,0.658,0.539,1.088,0.438,22.09,1.727,0.237,0.487
E08000035,Leeds,E01011432,Leeds 053B,111250,68.6,76.13,93.14,79.58,95.99,87.91,85.94,78.34,89.37,97.77,89.38,98.0,85.29,86.63,73.37,85.17,90.33,80.94,96.26,73.19,83.35,85.28,89.61,97.46,92.77,98.98,92.1,94.14,73.35,81.14,92.29,81.01,96.38,81.46,84.79,76.227,0.751,0.342,95.207,0.967,2.033,18.861,77.286,0.947,0.427,2.482,0.541,14.984,2.59,1.894,0.354
E08000035,Leeds,E01011433,Leeds 053C,108000,69.44,79.77,94.04,81.16,95.02,88.04,87.08,78.53,90.32,97.79,89.75,97.01,85.24,86.73,73.86,85.81,90.75,82.0,95.82,73.64,83.72,85.58,91.07,98.23,93.68,98.55,92.39,94.5,73.87,83.37,92.91,82.24,95.67,81.72,85.44,78.55,0.78,0.376,89.12,0.697,2.515,20.063,84.064,0.964,0.751,2.138,0.515,14.283,2.906,1.875,1.018
E08000035,Leeds,E01011434,Leeds 053D,113475,70.29,79.8,94.47,79.56,94.41,88.45,86.8,78.8,90.0,98.53,89.83,97.31,85.48,86.9,74.36,86.7,91.95,82.47,95.88,74.27,84.21,85.57,90.4,98.47,92.84,98.48,92.37,94.24,74.42,83.75,93.76,81.78,95.44,82.23,85.6,72.774,0.706,0.318,90.972,0.645,1.946,23.663,77.799,0.857,0.565,2.292,0.515,14.157,3.756,1.911,0.388
E08000035,Leeds,E01011435,Leeds 044A,205000,63.57,56.55,70.32,80.21,92.74,86.28,78.03,77.86,77.79,83.72,90.63,95.89,85.51,84.48,73.07,80.48,80.98,81.27,91.71,73.5,81.04,84.54,77.38,86.42,90.53,95.83,91.38,90.65,71.97,68.24,76.92,81.54,92.52,80.88,80.25,14.071,0.037,0.026,10.054,0.323,0.531,8.156,57.693,0.447,0.317,0.157,0.084,19.676,-0.728,1.055,0.969
E08000035,Leeds,E01011440,Leeds 044D,281500,64.3,60.48,72.57,81.03,93.8,86.88,79.8,78.07,79.87,85.12,91.05,96.03,85.72,84.99,73.58,82.75,83.67,82.89,92.47,74.14,82.17,84.88,81.89,88.49,92.42,96.78,91.77,92.04,72.48,71.38,79.39,82.72,93.39,81.47,81.59,15.904,0.095,0.046,4.379,0.215,0.758,12.22,61.366,0.328,0.321,-0.738,0.14,18.347,0.653,1.065,1.272
E08000035,Leeds,E01011441,Leeds 044E,248000,67.46,55.79,69.66,81.23,86.41,87.36,76.76,78.38,75.8,83.26,90.85,90.9,85.35,83.62,74.28,78.52,79.44,80.61,87.58,74.58,79.96,85.25,78.77,88.52,93.04,95.3,92.08,91.54,73.68,66.89,75.79,81.67,87.36,81.86,79.11,13.094,0.112,0.057,8.876,0.17,0.326,11.109,43.178,0.295,0.213,-0.276,0.166,20.804,0.144,0.831,0.45
E08000035,Leeds,E01011442,Leeds 110A,:,67.75,59.42,71.76,81.09,87.25,87.93,78.14,78.64,78.38,85.88,91.03,92.16,85.63,84.4,73.87,79.66,80.24,80.71,87.99,74.02,80.13,85.22,81.63,89.15,92.0,94.44,92.0,91.37,73.52,69.42,77.22,81.67,88.0,81.89,79.81,10.816,0.051,0.024,6.658,0.476,-0.096,11.966,42.767,0.304,0.474,-0.425,0.149,20.123,0.457,0.894,0.142
E08000035,Leeds,E01011443,Leeds 110B,211750,71.07,64.99,74.98,83.5,85.3,89.89,80.3,79.25,81.75,88.99,92.41,91.4,85.99,85.31,74.46,81.69,82.13,83.8,89.77,74.73,81.71,85.63,84.07,90.64,93.02,94.09,92.45,91.97,74.72,73.4,79.74,84.34,87.98,83.14,81.57,10.459,0.071,0.043,6.047,0.096,0.063,11.624,43.449,0.171,0.365,-0.499,0.147,18.403,0.476,0.619,1.148
E08000035,Leeds,E01011444,Leeds 110C,:,72.32,62.98,78.24,86.54,84.71,90.11,80.46,79.3,80.45,90.05,94.01,91.75,85.92,85.47,74.33,80.2,82.43,83.85,89.59,74.58,81.39,85.69,84.07,92.26,95.0,94.66,92.5,92.67,74.92,71.63,81.35,85.8,87.65,83.17,81.48,24.736,0.1,0.065,25.864,1.378,0.995,15.899,52.077,0.467,0.75,0.943,0.186,18.476,1.666,0.971,0.769
E08000035,Leeds,E01011445,Leeds 054A,:,71.04,60.34,77.0,85.35,87.93,89.44,80.19,79.03,78.55,88.64,93.1,92.93,85.76,85.11,74.35,79.21,81.65,82.85,89.7,74.49,81.06,85.57,82.42,91.83,94.63,95.28,92.38,92.53,74.61,69.73,80.34,84.72,89.21,82.81,81.17,17.812,0.044,0.019,22.907,0.405,0.689,13.746,63.087,0.629,0.577,0.721,0.196,18.765,1.067,1.394,0.011
E08000035,Leeds,E01011446,Leeds 054B,:,69.67,59.2,74.13,84.26,89.13,88.77,79.66,78.89,77.82,86.77,92.69,93.18,85.71,84.89,75.17,80.29,81.62,83.16,90.03,75.76,81.73,85.48,79.83,90.52,93.84,95.74,92.3,92.13,74.82,69.55,79.02,84.37,89.92,83.09,81.29,18.165,0.079,0.038,23.333,0.373,0.182,12.327,70.425,0.288,0.259,0.242,0.275,18.62,0.665,1.419,0.686
E08000035,Leeds,E01011447,Leeds 054C,:,71.74,58.58,76.09,85.58,88.83,89.25,80.06,79.06,76.67,86.73,92.69,92.92,85.58,84.75,74.99,78.03,82.41,83.91,90.74,75.2,81.57,85.73,79.97,91.12,94.47,95.63,92.55,92.36,75.18,68.2,80.29,85.31,90.13,83.03,81.36,21.846,0.083,0.048,28.875,0.853,0.713,13.121,64.982,0.313,0.523,0.83,0.245,18.565,0.9,1.212,0.978
E08000035,Leeds,E01011448,Leeds 054D,:,73.15,61.42,79.54,86.96,86.5,90.01,80.8,79.23,79.0,89.87,93.87,92.32,85.74,85.3,74.77,78.75,83.23,84.14,90.27,74.95,81.55,85.87,83.01,93.04,95.5,95.19,92.71,92.92,75.38,70.12,82.33,86.11,88.82,83.28,81.69,31.272,0.214,0.099,40.584,1.511,1.093,17.737,41.084,0.885,0.893,0.778,0.359,18.228,2.158,0.742,0.576
E08000035,Leeds,E01011449,Leeds 054E,157000,72.37,58.19,76.12,85.76,88.59,89.25,80.0,79.09,76.55,86.6,92.89,92.96,85.52,84.77,74.98,77.25,82.17,83.99,90.94,75.18,81.49,85.89,80.3,91.84,95.05,95.87,92.74,92.69,75.32,67.65,80.17,85.44,90.12,83.02,81.3,29.278,0.206,0.085,27.147,1.016,1.161,16.446,64.49,0.901,0.938,0.473,0.283,18.624,1.799,1.313,0.537
E08000035,Leeds,E01011450,Leeds 038D,263000,62.18,55.06,63.15,64.35,79.62,84.86,70.25,76.31,73.7,73.82,76.28,84.52,83.93,78.76,70.43,75.75,70.57,70.7,79.46,71.14,74.08,84.6,81.68,86.2,88.15,94.25,91.49,90.14,69.74,65.21,67.87,68.39,79.9,78.99,73.05,30.261,0.329,0.204,25.587,1.085,0.843,10.245,13.506,0.403,0.386,0.343,0.285,27.013,-0.932,-0.449,0.414
E08000035,Leeds,E01011451,Leeds 110D,250000,63.33,61.48,69.46,75.69,88.69,86.12,77.26,77.32,77.84,81.45,85.86,90.89,85.05,82.58,71.97,79.39,79.5,77.64,88.85,72.45,79.08,84.09,81.36,83.79,86.78,92.55,90.95,89.02,71.13,70.36,75.68,77.43,89.02,80.27,78.76,11.007,0.067,0.047,0.868,0.252,0.666,13.976,35.25,0.139,0.139,-1.398,0.083,21.148,0.954,0.705,0.072
E08000035,Leeds,E01011452,Leeds 027A,435000,48.74,45.04,39.85,58.28,77.08,71.34,61.47,69.59,69.06,53.27,67.9,78.08,79.89,72.06,67.78,67.56,56.28,65.53,78.15,68.59,69.99,83.45,81.12,76.19,85.06,92.7,90.68,88.11,64.11,56.21,49.4,62.58,77.79,71.29,66.87,3.127,0.03,0.038,0.476,-1.398,-0.273,8.268,18.453,0.027,0.02,-2.174,0.095,33.109,-5.469,-0.01,0.163
E08000035,Leeds,E01011453,Leeds 028A,400000,50.32,47.19,43.82,53.99,72.24,73.23,60.42,70.01,67.22,55.14,67.48,76.08,79.98,71.64,69.56,69.05,59.96,65.86,76.95,70.01,70.79,83.55,82.79,78.09,85.54,93.78,90.64,88.81,65.65,57.88,53.16,60.87,74.91,72.82,66.83,4.788,0.063,0.052,0.924,-0.935,-0.499,8.812,26.595,0.065,0.062,-1.816,0.111,33.158,-4.215,0.231,0.493
E08000035,Leeds,E01011454,Leeds 027B,285000,49.78,50.92,44.51,62.4,84.12,72.64,66.35,70.19,72.87,56.59,71.04,83.6,80.43,74.36,68.88,71.92,61.15,69.84,84.67,69.72,73.67,83.49,84.03,77.48,85.54,94.41,90.66,89.09,65.13,61.36,54.15,66.72,84.5,72.45,70.92,4.998,0.059,0.038,0.577,-1.514,-0.645,7.232,37.449,0.087,0.057,-1.769,0.092,29.051,-3.141,0.704,0.326
E08000035,Leeds,E01011455,Leeds 021A,500000,49.28,54.62,33.2,57.33,72.22,70.5,62.15,67.65,67.64,48.11,64.78,73.56,78.36,69.54,66.39,72.75,51.31,62.98,72.25,66.52,68.18,80.81,75.4,63.58,76.98,82.04,88.01,81.1,63.06,63.38,43.67,60.68,72.41,69.81,65.99,1.83,0.017,0.018,0.917,-1.406,-1.321,8.935,15.904,0.023,0.021,-2.639,0.117,34.023,-5.398,0.024,-0.267
E08000035,Leeds,E01011456,Leeds 021B,451250,48.9,55.43,35.58,54.97,77.02,70.99,63.46,68.03,74.12,54.32,67.38,82.56,78.85,72.64,68.54,76.0,56.35,65.04,78.36,68.6,71.62,81.24,85.34,70.38,82.69,91.27,88.46,86.56,64.41,65.54,47.64,60.87,78.09,71.04,68.56,2.518,0.03,0.029,0.592,-1.261,-0.552,6.976,16.946,0.048,0.026,-2.002,0.099,31.345,-6.524,-0.103,0.203
E08000035,Leeds,E01011457,Leeds 027C,440000,44.62,36.0,26.49,41.46,50.26,62.9,46.04,66.49,57.37,50.47,62.23,65.47,77.45,65.86,63.42,58.78,49.05,57.16,61.59,64.77,61.07,79.76,68.37,66.12,75.65,81.05,87.09,79.56,59.95,47.08,39.65,50.77,56.79,65.44,55.55,6.141,0.055,0.036,0.818,-1.211,-1.266,17.92,40.976,0.052,0.103,-2.109,0.111,44.396,-3.422,0.823,0.256
E08000035,Leeds,E01011458,Leeds 027D,435000,45.38,27.54,22.48,41.14,55.92,65.73,45.63,67.7,56.19,46.05,59.27,68.85,78.35,66.31,64.42,60.59,49.57,58.03,65.94,66.47,63.09,82.11,73.43,69.04,80.71,86.39,89.46,83.72,60.93,43.35,38.05,50.84,61.68,67.6,56.48,2.113,0.045,0.034,0.422,-1.706,-1.0,16.981,6.899,0.059,0.03,-1.775,0.08,43.512,-3.779,-0.86,0.055
E08000035,Leeds,E01011459,Leeds 021C,287750,51.08,64.04,44.36,63.28,86.48,73.83,71.04,69.18,78.35,59.29,71.46,85.82,79.96,75.09,69.93,81.07,63.56,71.46,86.32,70.22,76.33,82.19,89.88,75.08,86.07,94.63,89.42,89.31,65.95,72.45,55.48,67.93,86.5,73.2,74.25,8.732,0.087,0.062,1.616,-0.424,0.088,5.08,38.263,0.13,0.08,-1.45,0.123,25.697,-3.621,0.612,0.698
E08000035,Leeds,E01011460,Leeds 028B,270000,51.88,65.72,47.41,61.34,82.8,74.62,70.37,69.56,78.39,60.85,70.89,82.64,80.19,74.7,69.2,80.13,63.05,69.13,83.03,69.58,74.68,82.33,87.53,75.57,84.65,93.35,89.52,88.45,65.71,72.94,56.58,65.91,83.03,73.27,73.09,12.464,0.193,0.092,6.981,-0.169,-0.338,7.53,28.61,0.331,0.08,-0.566,0.169,26.851,-2.163,0.462,0.117
E08000035,Leeds,E01011461,Leeds 021D,416000,49.94,54.14,37.64,62.29,77.62,71.51,64.89,68.75,70.4,51.42,67.08,75.48,79.28,71.23,66.84,73.59,56.31,67.59,77.56,67.77,70.82,82.07,82.8,69.43,82.33,87.43,89.31,85.34,63.65,63.63,48.4,65.27,77.6,70.93,68.6,1.288,0.015,0.035,0.295,-1.441,-0.733,7.069,6.493,0.011,0.019,-2.685,0.085,31.375,-5.94,-0.579,-0.265
E08000035,Leeds,E01011462,Leeds 028C,295000,52.23,65.02,48.57,64.84,85.12,74.66,71.6,70.05,78.6,61.12,72.24,81.94,80.61,75.09,68.49,79.28,63.01,70.43,84.31,69.24,74.82,82.82,87.53,77.01,85.46,93.68,90.0,88.97,65.4,72.21,57.06,68.15,84.69,73.17,73.68,18.102,0.236,0.142,11.536,0.267,0.45,7.346,15.192,0.292,0.274,-0.416,0.215,26.291,-2.119,-0.052,-0.137
E08000035,Leeds,E01011463,Leeds 028D,285000,52.56,63.16,48.5,57.71,79.74,75.06,68.31,70.23,78.21,61.39,71.25,81.97,80.73,74.98,68.62,78.88,63.46,67.34,81.15,69.35,73.53,82.84,88.48,77.53,85.87,94.09,90.05,89.31,65.58,71.05,57.28,63.48,80.68,73.41,71.68,25.233,0.298,0.188,20.688,0.417,0.716,10.437,19.901,0.39,0.278,0.096,0.265,28.303,-1.113,-0.105,0.517
E08000035,Leeds,E01011464,Leeds 028E,220250,52.49,56.38,47.26,52.69,73.75,74.9,63.73,70.41,72.35,59.86,69.36,79.77,80.54,73.55,68.85,76.05,63.31,65.98,77.8,69.57,72.07,82.84,84.5,76.91,85.26,92.74,90.01,88.33,65.74,65.97,56.61,60.5,76.2,73.43,68.98,8.621,0.087,0.053,3.885,-0.428,-0.068,9.229,39.159,0.198,0.065,-0.577,0.098,31.014,-2.528,0.638,0.711
E08000035,Leeds,E01011465,Leeds 027E,254950,51.38,57.4,47.42,66.17,87.85,74.18,70.37,70.82,75.58,60.32,74.88,86.76,81.1,76.27,69.72,76.54,64.51,73.33,87.58,70.57,76.18,83.59,87.85,79.31,87.98,95.57,90.8,90.49,66.11,66.88,57.34,70.36,87.79,73.61,74.0,18.285,0.199,0.121,7.256,0.302,0.503,6.366,37.97,0.206,0.235,-0.379,0.154,25.992,-2.641,0.611,0.673
E08000035,Leeds,E01011466,Leeds 094A,163000,51.72,69.29,74.21,56.95,82.45,74.33,71.46,74.08,78.84,82.34,73.65,85.04,80.33,77.95,70.03,78.46,78.25,69.87,83.66,68.7,75.44,85.63,82.73,88.93,85.2,94.08,92.67,90.09,66.84,74.12,77.08,64.58,83.31,72.74,74.17,41.319,0.397,0.24,55.48,1.039,1.224,17.436,19.965,0.577,0.334,1.08,0.422,25.767,1.444,-0.108,0.531
E08000035,Leeds,E01011467,Leeds 112A,157000,72.02,72.85,68.02,79.64,89.63,81.92,82.0,78.59,82.91,79.42,86.62,90.45,82.85,83.62,74.97,85.08,79.2,81.37,88.46,74.47,81.59,87.2,85.25,88.56,91.07,96.11,94.28,92.75,75.17,79.04,74.82,81.03,89.23,79.11,82.06,35.275,0.343,0.178,22.956,1.727,1.174,16.046,21.933,0.449,0.485,0.268,0.268,17.848,1.738,-0.446,1.207
E08000035,Leeds,E01011468,Leeds 112B,113750,67.42,66.06,65.73,74.35,87.86,78.1,77.55,77.81,80.57,76.68,84.71,89.61,82.16,82.41,73.83,82.36,78.14,77.87,86.59,73.17,79.61,87.09,84.92,87.32,90.14,95.63,94.16,92.27,73.3,74.18,73.16,76.88,87.44,76.71,79.15,43.723,0.442,0.27,55.68,1.228,0.712,20.015,15.617,0.594,0.398,1.447,0.373,20.8,2.575,-0.53,0.722
E08000035,Leeds,E01011469,Leeds 094B,180000,53.25,54.18,52.1,52.23,66.88,72.12,61.02,73.63,71.13,65.34,69.24,72.67,79.22,73.57,69.56,71.1,67.33,64.06,71.51,67.67,69.56,85.43,77.67,83.56,82.8,88.84,92.43,87.16,66.82,62.63,61.06,59.36,69.6,71.16,66.58,21.124,0.187,0.137,33.982,0.116,0.818,15.967,13.575,0.311,0.122,0.596,0.33,33.43,-0.249,-0.57,0.566
E08000035,Leeds,E01011470,Leeds 112C,162000,63.35,64.81,61.48,68.32,81.26,75.16,73.13,76.06,72.46,69.05,76.91,81.96,80.51,77.75,72.53,78.81,73.95,73.16,81.31,71.45,76.24,86.57,79.45,84.15,86.97,92.9,93.6,89.87,71.32,71.58,68.8,71.36,81.45,74.42,75.25,28.702,0.295,0.191,37.421,0.685,-0.472,21.131,31.504,0.385,0.267,0.18,0.394,24.753,2.519,0.299,0.816
E08000035,Leeds,E01011471,Leeds 092A,155000,63.97,70.51,61.58,71.08,82.86,77.74,76.0,76.61,79.01,71.91,82.9,86.25,81.25,80.66,72.12,80.42,74.76,75.07,83.67,70.66,77.25,87.03,81.46,84.73,88.72,93.51,94.15,90.84,71.27,75.6,69.38,73.96,83.57,75.29,77.15,51.536,0.476,0.292,52.431,1.098,1.917,20.797,31.851,0.589,0.415,0.997,0.413,22.799,2.622,0.109,1.231
E08000035,Leeds,E01011472,Leeds 092B,147500,62.09,69.23,61.26,66.66,79.04,75.91,73.26,76.33,79.26,74.18,81.85,87.29,81.16,80.61,72.1,80.51,75.76,74.06,82.39,70.66,76.81,87.21,85.45,87.57,90.58,95.42,94.38,92.43,70.79,74.98,69.87,71.47,81.25,74.45,75.83,52.966,0.505,0.297,55.312,1.337,1.683,20.425,24.066,0.768,0.387,1.143,0.413,24.062,2.415,-0.158,0.996
E08000035,Leeds,E01011473,Leeds 092C,140000,59.93,73.44,61.2,62.35,71.84,75.79,71.17,75.89,81.61,74.11,80.49,83.05,81.11,79.82,71.01,79.29,73.53,71.0,77.93,69.16,74.45,86.63,81.91,85.42,87.51,92.08,93.73,90.1,69.55,76.8,68.64,67.99,75.57,73.68,73.7,61.202,0.604,0.34,54.601,1.593,1.907,21.536,13.428,0.736,0.694,1.113,0.413,26.234,2.462,-0.297,0.179
E08000035,Leeds,E01011474,Leeds 092D,150000,57.74,63.15,58.14,57.57,69.94,73.7,66.33,75.07,76.15,70.36,75.81,78.84,80.31,77.13,71.45,77.16,74.03,70.09,77.85,69.8,74.14,86.31,82.43,86.26,86.82,92.3,93.38,89.99,69.23,70.2,67.45,65.13,74.47,72.97,71.38,53.647,0.501,0.278,68.768,1.306,1.745,22.072,13.021,0.633,0.576,1.57,0.439,28.641,2.304,-0.444,0.361
E08000035,Leeds,E01011475,Leeds 094C,150000,54.77,65.88,63.29,57.12,74.46,74.33,68.19,74.58,77.22,74.19,74.1,79.16,80.22,76.9,70.06,76.36,73.91,68.7,79.06,68.3,73.54,85.97,81.61,87.07,85.71,92.43,93.01,89.62,67.61,71.34,69.74,64.12,77.12,72.54,71.79,54.952,0.522,0.289,69.859,1.023,2.096,22.357,11.514,0.704,0.474,1.598,0.442,28.154,2.442,-0.387,0.106
E08000035,Leeds,E01011476,Leeds 094D,141500,52.4,63.56,62.04,57.15,76.89,73.33,67.8,73.76,76.92,73.9,73.1,81.92,79.78,76.75,69.86,75.87,73.02,68.53,79.62,68.23,73.47,85.32,80.74,85.27,83.75,91.58,92.32,88.53,66.84,69.9,68.71,63.97,78.63,72.02,71.59,42.652,0.47,0.241,60.606,0.713,1.13,20.081,12.664,0.646,0.375,1.498,0.398,28.342,1.826,-0.43,0.302
E08000035,Leeds,E01011477,Leeds 045A,170000,61.57,52.49,63.5,67.22,88.01,83.29,72.32,76.82,70.1,78.36,84.69,92.68,84.31,81.3,74.29,77.61,77.28,76.56,87.86,74.89,79.18,85.11,80.54,86.18,89.4,96.83,92.09,91.24,72.15,64.47,71.8,73.15,88.3,80.06,76.74,26.752,0.318,0.151,17.783,0.271,1.113,14.643,37.21,0.58,0.365,0.089,0.234,23.211,0.954,0.495,0.892
E08000035,Leeds,E01011478,Leeds 056A,202750,66.68,55.07,63.65,75.72,91.17,85.89,76.48,78.18,73.61,80.6,88.31,95.01,84.92,83.42,74.68,76.98,78.78,79.65,90.87,74.91,80.51,85.63,80.4,89.12,91.54,97.88,92.55,92.31,73.73,65.74,72.75,78.62,91.35,81.31,79.26,23.456,0.211,0.101,12.052,0.517,0.714,14.628,59.687,0.564,0.333,0.04,0.169,20.693,1.177,1.245,0.332
E08000035,Leeds,E01011479,Leeds 056B,202750,67.17,54.81,66.42,78.87,89.3,86.8,76.7,78.19,75.03,81.74,90.18,93.91,85.14,83.78,74.68,76.15,78.08,79.69,89.11,75.05,79.91,85.49,80.19,88.76,92.44,97.16,92.38,92.2,73.84,65.33,73.61,80.15,89.57,81.81,79.07,17.594,0.092,0.041,24.06,0.338,-0.135,13.591,67.526,0.959,0.274,1.088,0.083,20.909,0.86,1.612,-0.391
E08000035,Leeds,E01011480,Leeds 045B,232500,63.42,51.62,60.76,67.25,85.75,83.59,71.6,77.34,70.05,77.04,83.67,90.94,84.24,81.03,73.89,76.17,75.57,75.03,86.64,74.3,78.16,85.2,78.86,85.72,88.5,95.87,92.11,90.59,72.38,63.4,69.65,72.33,86.59,79.92,75.9,11.26,0.138,0.076,9.53,-0.279,0.244,7.326,28.012,0.356,0.069,-0.321,0.18,24.037,-1.648,0.324,0.428
E08000035,Leeds,E01011481,Leeds 056C,210000,72.02,57.61,74.09,83.88,90.26,88.68,79.81,79.18,76.86,86.29,92.27,94.29,85.63,84.98,75.94,78.22,83.19,84.3,91.82,76.35,82.36,86.04,81.58,91.98,94.65,97.09,92.94,93.16,75.87,67.78,79.83,84.74,91.38,83.32,81.69,32.62,0.263,0.111,31.184,1.006,1.534,16.093,54.045,0.579,0.633,0.947,0.248,18.228,1.73,0.852,1.395
E08000035,Leeds,E01011482,Leeds 056D,195500,67.39,56.31,62.64,75.02,93.16,85.34,77.27,78.22,71.99,78.99,87.41,96.23,84.63,83.22,75.0,76.45,78.19,80.01,91.88,75.39,80.84,86.05,82.66,90.56,92.89,98.87,92.99,93.35,74.11,66.08,71.94,78.43,92.81,81.26,79.74,24.49,0.157,0.082,23.435,0.157,1.079,12.769,73.819,0.474,0.301,0.987,0.134,20.177,0.683,1.332,1.328
E08000035,Leeds,E01011483,Leeds 056E,166600,73.52,57.61,74.88,82.92,90.27,88.49,79.86,79.16,74.71,85.17,89.48,91.91,85.18,83.78,75.97,77.14,83.99,84.28,92.01,76.44,82.27,86.29,82.85,92.95,94.29,96.99,93.2,93.32,76.23,67.2,80.56,84.1,91.37,83.24,81.57,42.781,0.362,0.183,52.396,0.947,1.573,17.521,57.779,0.795,0.834,1.409,0.356,18.39,2.097,0.963,1.331
E08000035,Leeds,E01011484,Leeds 033A,189059.5,52.64,58.9,55.72,59.31,68.65,76.76,64.65,73.26,76.92,69.29,78.43,81.91,82.16,77.54,70.46,76.09,67.24,70.79,73.85,70.93,72.59,83.71,85.25,80.88,88.23,92.1,90.75,89.35,67.21,67.55,62.72,66.42,72.03,75.05,69.93,48.46,0.509,0.296,48.653,1.167,1.6,13.786,10.799,0.665,0.428,0.9,0.4,30.011,-0.248,-0.444,0.112
E08000035,Leeds,E01011485,Leeds 033B,241250,53.17,52.17,54.53,60.34,66.62,77.68,62.54,73.9,73.03,67.64,78.0,78.68,82.24,76.67,71.5,74.5,69.04,72.45,74.98,71.98,73.34,84.03,81.17,81.31,88.05,91.5,91.04,88.84,68.08,63.13,63.11,67.65,71.53,75.97,69.42,34.067,0.378,0.232,21.208,0.917,1.204,14.999,18.373,0.49,0.304,-0.019,0.282,30.686,0.012,0.019,0.084
E08000035,Leeds,E01011488,Leeds 045C,229750,57.72,54.79,59.25,64.61,83.98,81.2,70.35,75.82,73.91,74.6,83.87,90.95,83.77,80.84,73.64,76.35,75.09,77.02,85.24,74.3,78.05,84.81,82.86,84.87,90.31,95.71,91.85,91.19,70.74,65.34,68.66,72.19,85.09,78.79,75.33,30.091,0.292,0.137,20.178,0.507,1.132,8.669,64.793,0.659,0.281,0.803,0.132,24.637,-1.157,1.222,0.919
E08000035,Leeds,E01011489,Leeds 045D,245125,59.27,54.03,61.11,68.38,81.75,82.61,70.61,76.13,74.05,74.79,84.3,88.18,84.06,80.64,73.25,76.79,74.05,76.72,82.41,73.84,77.16,84.59,78.19,83.9,88.81,93.64,91.57,89.64,70.87,65.14,68.91,73.7,82.53,79.24,74.95,27.943,0.308,0.161,31.698,0.591,0.743,9.832,35.0,0.456,0.354,1.033,0.236,24.987,-0.75,0.562,0.52
E08000035,Leeds,E01011490,Leeds 099A,220000,,,,,,,,,,,,,,,,,,,,,,,,,,,,,,,,,,,,,,,,,,,,,,,,,,,
E08000035,Leeds,E01011491,Leeds 101A,135000,48.59,56.14,71.44,44.5,83.12,72.47,65.13,73.53,75.15,77.99,64.4,82.92,80.14,75.28,69.54,74.66,74.87,62.49,81.13,68.03,72.66,85.18,79.93,84.43,78.97,92.14,92.32,87.51,65.75,65.4,73.91,54.87,82.24,71.56,69.99,57.378,0.549,0.316,57.942,1.211,1.893,24.765,25.725,0.734,0.394,1.166,0.426,30.029,2.774,0.446,-0.205
E08000035,Leeds,E01011492,Leeds 101B,:,46.51,62.99,81.8,49.67,84.32,73.15,68.47,72.61,79.01,85.93,66.65,86.9,79.96,76.54,68.03,75.43,79.68,62.81,81.99,66.5,72.66,85.46,82.58,88.92,81.26,94.58,92.73,89.33,64.19,69.52,81.25,57.43,83.41,71.14,71.42,54.986,0.563,0.293,60.951,1.55,1.35,24.111,6.702,0.727,0.591,1.289,0.43,28.542,2.817,-0.762,-0.038
E08000035,Leeds,E01011493,Leeds 101C,140000,48.97,53.02,63.46,42.39,76.0,71.98,61.48,73.87,74.47,75.13,64.67,81.48,80.34,75.12,69.81,73.94,72.84,62.29,79.47,68.37,72.12,85.36,81.2,84.79,80.12,92.79,92.5,88.16,66.06,63.41,69.28,53.88,78.13,71.51,68.23,54.722,0.478,0.283,59.196,1.045,1.961,27.552,41.668,0.619,0.403,1.313,0.416,31.812,3.189,0.882,0.064
E08000035,Leeds,E01011494,Leeds 101D,162500,46.77,62.11,83.07,49.59,88.13,73.09,69.42,72.92,79.55,87.41,67.83,90.65,80.13,77.6,68.23,75.45,80.21,63.41,83.83,66.81,73.33,85.53,83.12,89.42,81.67,95.68,92.84,89.85,64.42,69.09,82.13,57.78,86.23,71.27,72.23,43.209,0.453,0.22,61.131,0.814,1.541,21.077,11.146,0.602,0.378,1.345,0.423,27.674,2.176,-0.517,0.253
E08000035,Leeds,E01011496,Leeds 100A,246000,44.9,44.53,29.95,46.26,60.18,68.42,52.92,69.78,69.1,57.62,59.47,73.64,77.17,69.88,69.46,70.09,59.38,61.41,66.61,68.67,67.48,85.57,82.22,79.88,81.56,89.98,92.72,87.59,64.35,57.02,46.97,54.72,64.18,69.76,61.96,7.788,0.06,0.056,5.454,-0.351,-0.033,18.089,24.712,0.081,0.057,-1.381,0.187,38.031,-0.71,-0.042,0.858
E08000035,Leeds,E01011497,Leeds 101E,159000,46.5,53.3,75.52,47.08,86.23,72.42,65.62,73.13,76.85,83.89,66.55,89.3,80.24,76.85,68.86,73.67,76.62,63.36,82.91,67.44,72.9,85.73,83.23,88.61,81.92,95.76,93.07,89.98,64.8,63.57,76.82,56.58,84.85,71.27,70.43,58.274,0.562,0.302,68.485,1.326,1.848,26.578,6.518,0.694,0.471,1.533,0.443,29.54,3.294,-0.69,-0.118
E08000035,Leeds,E01011499,Leeds 105C,180000,,,,,,,,,,,,,,,,,,,,,,,,,,,,,,,,,,,,,,,,,,,,,,,,,,,
E08000035,Leeds,E01011500,Leeds 105D,224995,41.79,56.64,37.69,39.34,53.55,64.11,52.39,68.69,77.76,62.02,58.08,72.49,76.79,70.21,68.14,71.94,61.8,58.05,64.17,66.93,66.19,85.44,87.47,82.93,80.28,89.31,92.74,87.79,62.66,64.63,51.76,49.98,59.91,66.95,61.11,16.987,0.142,0.105,23.741,0.142,0.127,18.514,29.476,0.226,0.141,0.281,0.274,38.844,-0.776,0.084,1.058
E08000035,Leeds,E01011502,Leeds 099C,174000,48.89,68.92,64.33,55.97,77.42,72.71,68.74,72.92,80.66,75.18,71.23,82.45,79.56,76.68,68.52,75.25,70.33,65.6,76.5,67.13,71.52,85.25,84.89,85.21,83.52,92.58,92.31,89.19,65.08,72.65,68.3,61.88,77.33,71.2,70.94,32.499,0.326,0.202,37.213,0.855,0.99,19.874,15.945,0.441,0.251,0.526,0.362,29.036,1.674,-0.443,0.651
E08000035,Leeds,E01011504,Leeds 032A,220000,55.39,75.18,62.64,59.59,73.97,79.6,71.62,74.07,84.91,76.18,71.51,78.22,82.14,77.38,68.59,82.3,71.98,66.27,77.77,68.88,73.36,82.84,90.45,86.93,84.04,90.27,89.58,88.4,66.73,79.17,68.5,63.79,76.21,75.38,73.11,41.521,0.404,0.28,27.89,1.19,1.385,20.769,16.716,0.542,0.334,0.67,0.262,26.787,2.213,0.029,-0.157
E08000035,Leeds,E01011505,Leeds 025A,290000,53.16,70.53,50.99,59.35,74.32,79.46,69.64,74.08,90.65,70.98,75.58,84.59,83.15,79.87,67.96,83.93,65.26,65.1,75.73,68.81,72.48,83.27,90.0,81.45,86.3,91.71,90.15,89.17,65.84,77.73,59.67,63.43,75.65,75.37,72.06,12.677,0.172,0.121,9.085,-0.224,-0.316,8.033,18.95,0.179,0.132,-0.459,0.188,27.931,-2.181,0.049,0.083
E08000035,Leeds,E01011506,Leeds 025B,322000,55.6,74.56,59.9,63.19,79.64,81.36,73.89,75.13,92.82,75.78,76.93,86.77,83.78,81.34,70.42,87.75,74.05,71.19,82.83,71.01,77.15,83.75,92.23,85.39,86.75,93.26,90.61,90.31,68.11,81.6,68.42,68.18,81.72,77.32,76.31,10.666,0.155,0.104,9.153,-0.481,-0.405,7.961,18.514,0.206,0.114,-0.935,0.219,23.662,-1.301,0.112,-0.143
E08000035,Leeds,E01011507,Leeds 025C,327625,57.07,70.92,59.32,64.83,81.52,81.8,73.99,75.74,92.05,76.31,78.91,88.29,84.2,82.12,69.99,84.23,69.95,69.75,81.95,70.5,75.77,83.91,92.37,84.77,87.3,94.34,90.75,90.79,68.24,78.14,65.98,68.33,82.2,77.32,75.69,4.826,0.1,0.061,1.998,-1.061,-0.541,6.274,15.481,0.144,0.087,-1.586,0.136,24.285,-2.246,-0.208,0.249
E08000035,Leeds,E01011508,Leeds 024A,420000,49.6,75.41,67.0,55.43,71.05,75.73,69.03,71.57,86.57,77.01,73.88,81.18,81.07,77.29,67.4,80.17,74.48,66.69,79.07,68.17,73.07,82.44,89.67,85.89,86.71,91.52,89.34,89.1,64.33,78.47,71.75,62.38,75.7,73.19,71.92,5.247,0.115,0.066,1.705,-0.727,-0.801,7.149,11.689,0.154,0.098,-1.658,0.131,27.894,-2.721,-0.167,-0.355
E08000035,Leeds,E01011509,Leeds 023A,294350,49.58,74.38,67.07,55.05,69.66,76.07,68.31,71.8,86.04,76.79,72.98,80.5,81.18,77.07,67.88,80.44,75.21,66.41,77.57,68.56,72.9,82.58,89.34,85.9,86.74,91.2,89.49,89.03,64.67,78.02,72.17,62.02,74.28,73.54,71.52,5.858,0.095,0.073,1.587,-0.578,-0.687,8.453,16.993,0.077,0.093,-1.414,0.12,28.312,-2.048,-0.015,0.002
E08000035,Leeds,E01011510,Leeds 025D,205000,51.27,76.12,61.99,63.21,77.66,78.29,72.88,73.14,85.91,74.51,75.95,84.25,82.46,78.81,69.02,84.66,73.34,69.57,81.14,69.84,75.39,83.21,86.89,83.57,87.34,92.22,90.19,89.31,65.96,80.73,68.89,67.32,79.85,75.26,74.79,46.924,0.483,0.335,25.947,1.47,0.98,13.936,22.624,0.564,0.479,0.007,0.324,25.189,0.536,0.173,0.206
E08000035,Leeds,E01011511,Leeds 023B,330000,51.86,79.93,68.42,57.91,72.19,77.98,71.64,72.99,89.68,80.17,75.27,82.62,82.14,78.95,69.45,84.92,78.03,70.09,81.9,69.86,76.02,82.82,93.04,88.56,87.23,92.31,89.67,90.05,66.35,83.04,74.39,65.23,77.7,75.1,74.63,10.369,0.161,0.089,4.245,-0.22,-0.498,9.347,23.466,0.176,0.211,-1.338,0.17,25.236,-0.981,0.324,-0.094
E08000035,Leeds,E01011512,Leeds 023C,322500,51.97,77.68,70.26,60.98,77.95,78.49,73.44,73.45,89.55,81.13,76.38,86.75,82.58,80.04,70.57,86.53,82.24,74.74,87.09,71.5,78.98,83.18,90.76,88.62,87.83,93.44,90.07,90.4,67.16,82.54,77.48,68.93,83.1,76.14,76.98,12.316,0.14,0.08,4.307,-0.646,0.333,7.906,42.895,0.173,0.146,-1.048,0.161,22.954,-1.221,0.637,1.053
E08000035,Leeds,E01011513,Leeds 031A,287000,52.69,66.13,49.79,58.97,71.32,78.71,67.3,74.03,86.41,68.64,76.81,84.04,83.16,79.34,66.55,79.75,59.65,63.26,71.44,67.78,69.67,82.86,86.24,76.39,82.98,87.99,89.69,86.57,64.82,73.41,56.05,62.45,72.12,74.55,69.61,3.789,0.083,0.055,0.749,-0.792,-0.77,7.442,12.064,0.089,0.143,-1.719,0.1,30.376,-3.667,-0.167,-0.291
E08000035,Leeds,E01011514,Leeds 025E,365000,53.67,71.25,67.31,63.72,79.22,80.01,72.86,74.24,89.2,80.23,77.31,86.37,83.2,80.48,69.94,84.35,77.46,71.07,83.53,70.66,76.69,83.65,88.17,88.65,88.29,93.87,90.58,90.54,67.24,78.21,73.61,68.38,81.87,76.49,75.59,7.562,0.095,0.065,6.469,-0.883,-0.089,6.051,28.941,0.102,0.079,-0.563,0.161,24.234,-2.37,0.287,0.602
E08000035,Leeds,E01011515,Leeds 023D,295000,55.63,73.89,68.21,64.47,83.09,81.21,75.28,75.07,88.19,80.44,77.63,88.58,83.59,81.15,71.37,86.73,80.71,74.95,87.24,71.97,79.31,83.69,87.17,89.29,87.99,95.26,90.52,90.8,68.71,80.56,75.75,70.63,85.58,77.68,77.98,6.226,0.093,0.058,1.287,-1.011,-0.367,7.763,30.46,0.12,0.077,-1.663,0.12,21.941,-1.136,0.432,0.401
E08000035,Leeds,E01011516,Leeds 023E,390000,54.21,71.48,66.29,60.1,78.5,79.52,72.03,74.28,86.03,78.76,74.18,84.64,82.79,79.21,70.64,83.43,78.12,71.58,83.92,71.12,76.99,83.27,88.43,88.19,85.85,93.54,90.04,89.76,67.81,77.77,73.47,66.82,81.65,76.45,75.31,2.886,0.079,0.043,1.707,-0.936,-0.962,5.476,10.993,0.093,0.098,-1.676,0.131,24.608,-2.854,-0.203,-0.367
E08000035,Leeds,E01011517,Leeds 024B,308123,53.42,78.92,66.78,61.27,72.66,78.57,72.33,73.54,87.79,79.91,75.38,81.85,82.15,78.82,68.38,83.48,74.56,67.86,78.1,68.7,73.91,82.89,91.55,88.92,86.2,91.51,89.68,89.47,66.09,81.79,71.8,65.59,75.97,74.83,73.79,14.003,0.186,0.136,4.681,-0.43,0.403,7.245,17.7,0.254,0.147,-0.95,0.162,26.13,-2.137,0.213,-0.748
E08000035,Leeds,E01011518,Leeds 093A,229775,56.32,39.65,40.81,51.95,65.36,70.61,56.41,74.61,60.07,57.52,64.07,73.21,79.72,71.66,72.56,66.13,60.75,65.23,70.4,71.43,69.6,86.47,76.56,75.55,83.12,88.1,93.65,86.9,69.56,52.29,52.38,59.41,68.39,72.27,64.61,12.36,0.17,0.101,10.971,-0.098,-0.245,11.47,17.724,0.231,0.154,-0.269,0.194,35.524,-3.173,-0.156,0.391
E08000035,Leeds,E01011519,Leeds 095A,190000,47.47,36.49,37.45,46.65,58.51,64.58,50.57,71.85,60.73,52.48,60.93,69.88,79.25,69.37,67.78,64.8,57.04,61.38,66.62,67.55,65.89,86.39,77.74,74.1,82.18,86.35,93.86,86.24,64.14,50.1,48.75,54.99,63.24,67.66,60.16,25.235,0.252,0.181,21.09,0.802,0.565,21.766,9.332,0.316,0.221,-0.218,0.299,39.802,0.073,-0.204,-0.749
E08000035,Leeds,E01011520,Leeds 096A,240000,46.97,34.63,36.09,46.22,59.43,64.41,50.12,72.59,63.22,54.28,64.97,73.23,80.22,71.36,67.56,64.03,55.83,61.36,66.78,67.32,65.67,86.57,79.18,75.57,84.32,87.71,94.07,87.4,63.99,48.92,47.58,55.1,63.9,67.56,60.02,8.656,0.103,0.076,11.147,-0.387,-0.688,17.076,17.153,0.232,0.069,-0.403,0.209,39.968,-1.762,0.005,-0.035
E08000035,Leeds,E01011521,Leeds 096B,246500,45.58,25.6,34.9,50.05,53.61,61.85,46.14,71.43,57.58,53.94,66.25,68.56,79.9,69.48,67.28,61.3,57.57,64.11,66.42,67.56,65.55,86.63,78.09,76.73,84.32,86.42,94.23,87.0,63.34,42.71,47.99,58.21,60.87,66.47,58.22,9.983,0.124,0.079,10.305,-0.525,0.154,15.9,15.401,0.212,0.102,-0.622,0.216,41.856,-3.527,-0.199,0.224
E08000035,Leeds,E01011522,Leeds 095B,286500,52.32,50.43,48.38,51.11,68.05,67.19,59.34,73.66,73.14,62.41,69.12,80.75,80.52,75.24,69.84,71.15,63.35,65.49,72.59,69.63,70.16,87.15,83.88,79.01,85.82,90.99,94.66,89.55,66.8,60.79,57.21,59.56,71.07,69.93,66.36,5.662,0.058,0.06,5.295,-0.681,-0.161,10.653,18.39,0.081,0.04,-1.031,0.174,33.589,-2.712,0.052,0.004
E08000035,Leeds,E01011523,Leeds 096C,181000,52.42,47.87,45.68,48.22,63.79,65.59,56.6,72.84,72.74,60.1,67.09,77.27,80.23,73.86,68.12,69.95,61.13,63.68,70.39,67.51,68.33,87.31,82.27,78.57,85.25,89.24,94.86,88.78,65.6,58.91,54.77,57.27,67.88,68.18,64.2,21.046,0.22,0.164,10.766,0.545,0.468,16.431,21.204,0.309,0.192,-0.527,0.215,35.797,-0.699,0.023,0.391
E08000035,Leeds,E01011524,Leeds 093B,200000,52.95,37.17,39.84,50.52,64.62,69.24,54.61,74.68,64.22,59.72,68.83,78.02,80.19,73.9,71.56,67.63,60.51,65.62,71.79,70.35,69.86,86.47,81.0,77.16,85.43,90.87,93.68,88.75,68.18,51.85,51.91,59.35,68.99,71.17,64.21,8.878,0.097,0.071,11.396,-0.608,0.198,10.625,20.885,0.191,0.053,-0.765,0.237,35.823,-4.473,0.152,0.055
E08000035,Leeds,E01011525,Leeds 095C,202495,54.51,67.89,56.57,74.86,86.44,72.83,75.0,73.32,82.03,63.24,79.19,87.96,80.3,79.09,70.67,78.17,66.4,74.23,86.34,69.81,76.58,86.16,84.92,76.75,86.39,93.6,93.51,90.06,67.77,73.42,62.41,74.88,86.6,72.57,76.28,14.061,0.136,0.093,11.027,0.081,0.246,4.894,35.745,0.198,0.092,-0.641,0.225,23.694,-3.05,0.523,0.693
E08000035,Leeds,E01011526,Leeds 093C,280000,51.64,47.48,36.94,56.8,62.99,69.93,57.81,72.93,64.92,53.58,65.95,71.92,78.88,71.53,69.39,65.3,53.86,61.53,65.83,67.81,66.19,85.54,79.02,72.86,81.79,87.64,92.61,86.25,66.25,56.3,46.85,59.83,64.96,70.19,63.38,3.411,0.05,0.044,4.648,-0.486,-0.546,10.724,4.696,0.067,0.038,-1.894,0.183,36.702,-7.403,-0.679,-0.429
E08000035,Leeds,E01011527,Leeds 096D,249975,49.49,37.53,39.22,53.53,59.92,64.97,52.89,71.56,65.99,58.56,69.63,71.39,80.31,71.81,64.9,62.48,54.39,62.63,66.12,65.24,64.4,87.0,80.84,78.25,85.63,87.65,94.66,88.14,62.7,49.93,48.3,59.24,63.7,66.85,60.5,8.399,0.073,0.077,10.17,-0.388,0.162,13.56,14.124,0.115,0.048,-0.719,0.22,39.45,-4.16,-0.135,-0.074
E08000035,Leeds,E01011528,Leeds 095D,310000,52.69,56.94,42.73,64.28,74.97,71.01,65.75,72.84,72.0,55.72,71.43,79.01,79.3,74.58,69.07,69.41,56.44,65.0,74.34,67.66,69.57,85.5,78.0,72.88,83.0,90.02,92.66,87.11,66.27,63.4,50.81,65.18,74.97,70.65,68.56,5.717,0.091,0.062,4.787,-0.384,-0.14,7.684,6.99,0.146,0.082,-1.623,0.182,31.444,-4.27,-0.47,-0.386
E08000035,Leeds,E01011529,Leeds 096E,232000,51.22,32.84,42.04,53.4,64.15,64.45,53.16,71.34,62.18,56.97,67.6,71.1,79.71,70.74,65.5,60.78,55.32,62.8,68.56,65.37,64.99,86.91,78.85,77.45,85.07,87.48,94.46,87.68,63.44,46.54,49.96,59.11,66.81,66.62,60.83,26.479,0.284,0.166,32.638,0.467,1.04,15.122,12.312,0.479,0.192,0.572,0.322,39.156,-2.513,-0.23,-0.092
E08000035,Leeds,E01011530,Leeds 106A,265000,55.52,72.43,57.78,71.74,77.91,71.28,73.16,72.62,84.43,64.78,79.19,83.82,80.5,78.48,67.51,79.49,65.23,70.94,78.9,66.49,73.11,86.74,87.18,79.4,87.45,92.12,94.27,90.45,65.87,76.5,62.35,71.93,78.82,70.32,73.68,11.914,0.132,0.096,8.206,0.041,0.069,5.869,23.883,0.168,0.139,-1.431,0.222,26.279,-3.112,-0.094,0.87
E08000035,Leeds,E01011531,Leeds 093D,227000,51.73,49.51,43.48,62.38,74.43,70.86,63.13,72.47,68.17,53.81,68.81,77.7,78.85,73.18,70.81,68.35,58.99,66.5,75.52,69.9,70.74,85.56,78.19,73.92,82.92,90.87,92.66,87.42,67.12,58.84,52.44,64.9,75.25,71.59,68.01,7.935,0.079,0.076,6.988,-0.144,0.398,7.768,5.121,0.079,0.08,-0.931,0.193,31.987,-4.821,-0.702,-0.323
E08000035,Leeds,E01011532,Leeds 095E,178747.5,54.21,66.15,50.32,67.09,81.05,71.62,71.12,73.05,80.53,60.49,76.18,85.25,80.07,77.77,69.95,76.83,63.6,70.27,81.75,69.01,74.18,86.5,84.88,76.15,85.66,92.61,93.89,89.7,67.2,71.86,58.11,69.36,81.74,71.63,73.37,27.659,0.29,0.179,31.223,0.929,0.693,7.923,17.292,0.351,0.396,0.56,0.31,26.608,-1.889,-0.217,0.45
E08000035,Leeds,E01011533,Leeds 104A,127500,54.53,67.73,61.22,78.2,89.93,73.15,76.81,73.02,80.78,63.74,79.52,90.1,80.09,79.18,70.83,77.9,68.87,75.61,88.67,70.05,77.51,86.28,86.57,80.03,88.67,96.21,93.59,91.68,67.83,73.16,65.75,77.03,89.45,72.81,77.5,24.549,0.218,0.16,16.102,0.298,1.026,7.236,43.921,0.267,0.228,-0.276,0.254,22.535,-1.447,0.767,0.757
E08000035,Leeds,E01011534,Leeds 106B,230000,55.15,69.5,57.94,72.76,81.9,70.75,73.63,72.06,85.23,66.94,80.53,87.27,80.19,79.13,65.48,77.62,64.92,70.02,79.8,64.56,72.1,86.66,86.62,81.13,87.46,93.37,94.11,90.81,64.41,74.2,62.34,72.01,81.24,69.16,73.39,7.679,0.112,0.058,4.057,-0.508,0.12,5.021,22.937,0.158,0.115,-0.936,0.15,26.585,-4.188,0.116,0.374
E08000035,Leeds,E01011535,Leeds 108A,263500,43.13,50.48,23.0,44.89,51.62,65.03,50.85,68.74,69.08,50.66,62.61,67.03,77.62,68.77,64.57,69.5,50.77,59.18,62.05,64.38,63.69,86.37,82.51,79.39,83.92,88.89,94.01,88.14,60.68,59.89,39.09,53.28,57.71,66.25,59.07,5.288,0.058,0.061,3.677,-0.948,-0.028,17.092,9.409,0.092,0.026,-1.696,0.168,40.713,-2.048,-0.471,-0.019
E08000035,Leeds,E01011536,Leeds 108B,233000,40.96,46.44,23.38,40.52,44.23,63.62,46.35,68.63,65.86,51.2,58.79,63.19,77.53,67.04,64.17,65.77,50.86,57.01,59.43,64.02,61.91,85.92,78.64,79.5,82.2,86.67,93.51,86.56,59.92,56.0,39.32,50.03,52.88,65.43,56.21,11.072,0.117,0.093,11.48,-0.363,0.006,19.871,13.143,0.275,0.054,-0.549,0.225,43.71,-1.804,-0.277,0.106
E08000035,Leeds,E01011537,Leeds 107A,210000,44.72,35.55,37.59,47.46,64.39,64.07,51.78,68.78,58.02,58.93,59.0,73.01,77.07,67.77,63.19,60.58,53.9,55.59,66.45,62.81,62.32,87.0,78.33,84.54,81.96,89.75,94.45,87.98,60.15,47.66,47.35,52.34,65.95,65.03,58.65,18.21,0.155,0.11,18.722,-0.029,0.652,22.629,27.517,0.271,0.101,-0.318,0.284,41.331,-0.022,0.211,0.627
E08000035,Leeds,E01011538,Leeds 107B,205750,42.46,39.04,46.54,47.65,63.78,66.16,52.84,69.48,61.48,65.48,62.55,75.19,77.98,69.67,63.61,62.22,59.82,57.74,67.21,63.4,63.53,86.7,75.28,85.42,81.51,89.26,94.24,87.37,60.02,50.37,54.63,53.76,66.17,66.33,59.85,35.311,0.354,0.204,35.881,0.891,1.369,19.276,20.206,0.512,0.354,0.817,0.317,40.081,-0.85,-0.375,0.957
E08000035,Leeds,E01011540,Leeds 102B,245000,49.7,44.59,31.01,48.7,66.96,69.63,56.22,69.86,68.0,52.13,62.73,77.71,77.26,70.87,68.25,69.35,57.67,61.86,73.08,67.19,68.51,86.43,83.76,77.0,83.73,92.94,93.83,89.29,64.65,56.68,46.3,56.25,70.68,69.63,63.9,27.24,0.294,0.171,33.597,0.499,1.169,14.239,7.97,0.394,0.309,0.872,0.287,36.125,-1.718,-0.588,-0.04
E08000035,Leeds,E01011541,Leeds 104B,160000,55.43,76.59,68.15,84.59,93.6,73.87,81.92,72.16,87.06,72.05,83.77,94.02,80.11,81.13,69.89,82.01,74.4,79.72,92.96,69.36,79.8,86.29,89.87,84.47,90.11,97.73,93.75,93.03,67.31,79.9,72.02,82.14,93.45,72.82,80.89,26.097,0.231,0.164,14.875,0.492,1.415,7.375,36.107,0.243,0.311,-0.785,0.275,19.123,-0.982,0.48,0.83
E08000035,Leeds,E01011545,Leeds 104C,153314.5,54.99,73.73,64.39,78.63,86.69,72.05,77.62,71.88,86.68,70.19,81.62,89.62,79.91,79.84,67.27,78.95,70.06,73.5,86.1,66.42,75.36,86.18,87.89,82.93,87.42,94.63,93.61,91.22,65.5,77.08,67.99,76.34,86.67,70.6,76.75,16.893,0.17,0.118,15.431,0.142,0.496,5.849,29.088,0.343,0.133,-0.32,0.25,23.225,-2.284,0.509,0.025
E08000035,Leeds,E01011546,Leeds 106C,207500,53.96,56.26,54.55,67.29,80.22,70.18,68.22,71.01,77.83,64.95,75.52,82.82,79.4,76.02,64.97,72.92,63.18,67.16,78.93,64.45,70.4,86.77,84.33,82.99,87.08,94.57,94.28,90.97,63.67,64.85,59.87,67.86,79.82,68.78,70.1,19.598,0.245,0.143,21.137,0.288,-0.041,8.915,24.059,0.439,0.157,-0.093,0.289,29.992,-2.333,0.22,0.25
E08000035,Leeds,E01011547,Leeds 104D,195500,53.91,59.17,58.06,73.15,84.54,71.97,71.66,70.92,78.48,66.92,76.73,85.68,79.29,76.76,68.09,75.81,66.99,72.14,85.34,67.41,74.64,86.44,82.72,81.52,85.68,94.26,94.01,90.23,65.64,67.65,63.5,72.93,85.13,70.97,73.75,24.331,0.247,0.173,19.791,0.451,0.85,6.857,28.819,0.336,0.279,-0.045,0.271,26.343,-2.419,0.174,0.82
E08000035,Leeds,E01011548,Leeds 106D,220000,47.1,52.92,20.06,49.37,57.42,66.81,54.65,68.76,71.28,47.72,65.28,68.16,77.53,69.63,66.02,73.66,53.17,63.29,67.18,65.68,66.98,86.93,85.17,78.1,85.34,90.04,94.55,89.19,62.49,63.07,39.01,57.43,62.95,67.66,62.38,12.979,0.141,0.089,11.125,-0.19,0.2,16.32,27.156,0.207,0.083,-0.384,0.208,37.687,-1.316,-0.036,1.068
E08000035,Leeds,E01011549,Leeds 108C,338000,45.56,51.04,35.25,46.88,56.92,66.9,53.96,69.11,68.25,57.45,62.73,68.43,77.81,69.2,65.9,68.73,55.65,59.34,64.11,65.21,64.77,86.63,80.84,81.62,82.82,88.2,94.26,87.72,62.12,59.81,47.23,54.23,61.2,67.51,60.91,2.924,0.036,0.046,3.376,-0.796,-0.559,13.329,5.018,0.062,0.022,-1.703,0.163,39.217,-4.24,-0.908,-0.168
E08000035,Leeds,E01011550,Leeds 106E,195000,49.4,48.21,31.1,50.92,57.96,68.05,54.71,69.78,73.51,56.45,68.97,71.88,78.48,71.82,66.82,70.92,55.15,62.06,66.95,65.99,66.61,87.03,80.75,78.58,83.14,88.78,94.67,87.95,63.66,59.54,45.14,57.78,63.26,68.45,62.39,8.947,0.107,0.059,9.55,-0.217,0.04,13.294,20.09,0.219,0.059,-0.639,0.208,37.584,-2.967,-0.228,0.745
E08000035,Leeds,E01011551,Leeds 107C,255000,42.23,40.42,38.78,41.84,56.26,65.65,49.54,69.0,63.82,60.94,56.67,68.56,77.39,67.62,63.42,60.69,53.62,50.43,59.22,62.28,59.71,86.54,82.06,83.47,80.48,88.34,94.0,87.43,59.78,50.57,47.79,47.2,58.45,65.53,56.38,15.275,0.149,0.086,12.469,-0.295,0.141,26.905,31.791,0.266,0.086,-0.087,0.192,43.535,0.727,0.421,0.566
E08000035,Leeds,E01011552,Leeds 107D,195000,43.46,48.16,46.19,48.55,65.18,67.0,56.09,69.96,68.54,67.28,64.94,77.62,78.53,71.71,65.59,67.74,62.54,60.96,69.94,65.08,66.5,86.87,81.73,86.2,84.16,91.61,94.49,89.41,61.57,57.89,56.01,55.91,68.29,67.55,62.87,39.964,0.373,0.218,47.74,1.106,1.654,19.547,12.873,0.524,0.285,1.216,0.353,37.051,0.022,-0.452,0.355
E08000035,Leeds,E01011553,Leeds 108D,200000,45.05,48.64,37.33,45.69,57.51,66.96,53.29,69.57,67.22,62.11,62.0,71.28,78.15,69.72,65.23,66.7,56.36,57.78,63.75,64.68,63.87,86.63,80.47,83.99,82.45,89.27,94.28,88.04,61.64,57.63,48.68,52.88,61.42,67.31,60.22,10.142,0.104,0.074,9.236,-0.071,-0.001,15.358,20.995,0.172,0.073,-1.123,0.226,39.791,-2.676,0.058,0.296
E08000035,Leeds,E01011554,Leeds 012A,354750,40.83,62.03,47.16,43.36,56.39,66.62,55.92,68.22,78.84,58.67,62.12,70.44,78.12,70.53,59.04,70.14,55.62,51.64,58.27,62.4,60.0,81.11,81.07,73.11,78.43,84.04,88.21,83.15,56.54,66.75,52.39,48.87,58.12,66.09,59.31,5.437,0.038,0.045,1.264,-1.072,0.132,14.368,24.92,0.053,0.035,-1.92,0.124,40.74,-4.465,0.333,0.064
E08000035,Leeds,E01011555,Leeds 018A,367000,45.25,83.9,46.98,52.09,57.73,71.88,64.95,69.51,90.48,63.2,67.48,70.74,79.26,73.77,64.29,83.44,60.52,59.05,63.31,65.77,66.74,81.45,85.36,74.54,79.7,82.55,88.47,83.62,61.08,84.53,55.11,56.69,61.27,70.16,66.7,3.184,0.082,0.054,2.701,-0.994,-0.873,9.945,6.012,0.12,0.051,-2.06,0.155,33.321,-3.096,-0.456,-0.639
E08000035,Leeds,E01011556,Leeds 015A,151000,47.51,68.25,61.41,55.9,64.2,74.17,64.47,70.99,82.4,73.5,70.4,75.15,80.51,74.81,67.65,80.03,72.88,66.22,73.86,68.7,71.71,82.35,82.63,81.79,84.44,86.58,89.38,86.21,63.94,74.43,68.35,62.09,69.7,72.68,69.19,12.132,0.154,0.104,4.322,-0.751,-0.395,13.266,37.717,0.203,0.142,-0.98,0.157,30.833,-0.605,0.816,-0.103
E08000035,Leeds,E01011557,Leeds 015B,415000,45.57,64.7,52.68,53.38,60.48,72.25,61.14,70.04,81.79,66.76,68.04,73.41,79.62,73.45,67.57,80.01,69.1,65.5,73.4,68.5,71.29,82.06,81.5,77.98,82.74,85.72,89.07,85.18,63.32,72.52,62.31,60.47,67.71,71.64,67.53,5.463,0.058,0.065,1.507,-0.833,-0.288,9.292,23.283,0.041,0.068,-1.762,0.129,32.527,-3.211,0.284,-0.009
E08000035,Leeds,E01011558,Leeds 018B,140000,48.95,86.93,58.36,60.7,70.65,75.81,72.53,71.07,92.7,69.85,73.04,77.95,80.79,77.09,67.41,88.3,70.93,67.87,75.79,68.67,73.7,82.38,90.2,79.81,85.01,87.11,89.39,87.19,64.12,88.32,65.86,65.17,73.71,73.44,73.63,36.619,0.413,0.243,28.769,0.692,1.347,15.272,20.334,0.45,0.385,0.286,0.321,26.419,0.765,-0.067,0.488
E08000035,Leeds,E01011559,Leeds 018C,247500,48.91,79.92,56.29,60.6,73.42,75.86,71.36,71.41,88.52,68.47,73.52,81.63,81.15,77.36,66.33,85.11,68.98,66.59,75.07,67.92,72.31,82.31,87.68,80.07,85.26,87.48,89.29,87.07,63.47,83.06,63.87,64.54,74.77,73.14,72.46,39.691,0.46,0.244,29.331,0.868,1.554,14.232,17.884,0.517,0.517,0.298,0.325,27.594,0.299,-0.161,0.414
E08000035,Leeds,E01011560,Leeds 018D,221500,47.28,71.85,50.93,57.48,70.55,74.07,67.15,70.75,83.6,63.56,70.37,80.78,80.51,75.62,64.83,80.7,62.8,62.28,69.1,66.24,68.55,81.99,85.54,77.64,84.03,86.23,88.91,85.98,62.05,76.67,58.06,60.83,70.44,71.49,68.67,40.991,0.437,0.293,34.926,0.968,0.947,15.017,20.551,0.529,0.386,0.336,0.365,31.342,-0.116,0.315,-0.565
E08000035,Leeds,E01011561,Leeds 006A,575000,28.8,15.85,13.83,26.79,31.42,43.77,27.65,62.9,38.88,34.52,49.46,47.2,72.12,55.94,59.59,52.66,48.51,48.99,53.1,62.22,55.22,80.88,66.57,66.31,76.84,76.08,88.04,78.55,53.47,32.91,33.33,39.44,43.15,55.06,44.35,7.98,0.058,0.042,1.321,-1.31,-0.186,26.321,34.52,0.078,0.066,-1.953,0.126,55.544,-2.209,0.662,0.154
E08000035,Leeds,E01011562,Leeds 012B,825000,40.41,38.45,38.68,42.31,44.97,66.53,45.59,67.83,68.32,59.5,63.69,63.15,77.71,67.96,63.44,64.51,59.2,55.89,61.18,65.0,62.15,81.55,73.09,73.99,80.71,83.12,88.62,82.73,59.21,51.4,50.7,50.63,54.09,67.23,56.1,3.2,0.047,0.052,2.06,-1.338,-0.425,17.119,4.201,0.053,0.047,-1.344,0.13,43.872,-3.904,-0.845,-0.341
E08000035,Leeds,E01011563,Leeds 012C,377500,39.83,49.49,36.45,41.82,51.01,65.97,50.04,67.31,74.19,55.21,61.58,67.94,77.28,68.87,60.83,67.6,56.09,54.02,60.67,63.51,61.21,81.29,76.22,73.48,79.78,84.81,88.39,83.24,57.34,58.83,47.9,49.34,56.79,66.24,57.46,3.47,0.044,0.046,1.007,-1.06,-0.343,15.508,10.14,0.083,0.031,-1.369,0.09,42.511,-5.04,-0.454,0.048
E08000035,Leeds,E01011564,Leeds 012D,460000,39.9,54.0,43.83,43.38,56.49,65.79,53.44,67.4,74.68,56.68,62.02,71.27,77.38,69.63,57.79,66.79,52.96,51.08,57.37,61.39,58.55,81.01,78.09,72.77,79.02,85.41,88.15,83.32,55.42,60.88,49.45,48.6,57.75,65.18,57.49,2.991,0.05,0.049,0.741,-1.233,-1.123,17.376,9.606,0.086,0.032,-2.02,0.107,42.57,-2.775,-0.162,-0.924
E08000035,Leeds,E01011565,Leeds 015C,450000,44.27,72.42,45.2,49.52,56.21,70.78,60.62,69.01,85.72,60.42,65.0,68.74,78.68,72.08,66.37,79.52,65.25,61.87,69.09,67.5,68.95,81.73,82.0,75.22,80.3,83.72,88.72,83.87,62.12,76.58,56.79,56.78,63.39,70.42,65.99,3.757,0.075,0.062,1.476,-0.814,-0.908,9.939,9.605,0.125,0.055,-1.498,0.121,33.966,-3.537,-0.2,-0.688
E08000035,Leeds,E01011566,Leeds 015D,325000,41.55,31.23,42.65,43.09,51.6,67.41,46.16,67.81,61.15,61.26,63.02,65.02,77.72,67.21,61.31,58.55,55.39,52.68,58.94,63.18,59.13,81.61,74.94,76.7,82.09,84.53,88.7,83.79,58.1,44.68,50.42,49.34,56.04,66.78,54.69,8.562,0.122,0.089,3.474,-0.638,-0.467,20.76,9.321,0.166,0.06,-1.162,0.152,45.301,-1.916,-0.255,-0.531
E08000035,Leeds,E01011567,Leeds 012E,350000,43.99,76.84,53.56,50.81,65.22,70.36,64.96,69.5,86.58,65.05,66.64,77.12,79.25,74.18,62.3,78.8,61.26,56.77,65.43,64.16,65.43,81.4,83.5,75.28,79.64,85.65,88.49,84.34,59.52,78.63,58.41,54.96,66.02,68.72,66.05,4.863,0.099,0.05,1.254,-0.855,-0.537,10.382,17.68,0.146,0.058,-1.793,0.122,33.966,-3.132,-0.067,0.21
E08000035,Leeds,E01011568,Leeds 015E,283500,45.32,48.77,57.86,50.67,54.34,71.72,54.65,69.72,75.44,71.21,69.21,68.72,79.49,71.93,64.79,69.82,65.07,59.87,64.6,65.86,65.24,81.96,79.7,79.96,83.82,85.51,89.03,85.23,61.44,59.47,62.53,56.62,60.3,70.15,61.66,4.117,0.078,0.069,1.37,-0.854,-0.833,15.499,2.856,0.064,0.093,-1.833,0.126,38.305,-1.92,-0.824,-0.65
E08000035,Leeds,E01011569,Leeds 004A,242000,42.85,56.05,72.76,76.48,91.23,62.38,71.43,52.44,67.27,76.02,80.34,93.75,65.37,67.89,55.54,67.74,73.62,75.27,89.7,59.18,70.63,77.32,78.54,84.32,89.61,96.22,84.88,88.14,52.53,61.97,73.73,76.19,90.72,61.59,70.85,12.393,0.094,0.075,4.19,-0.669,0.176,10.107,55.271,0.115,0.086,-0.892,0.15,29.473,-1.549,1.095,0.582
E08000035,Leeds,E01011570,Leeds 007A,392050,24.51,20.12,14.99,35.04,28.17,41.78,28.56,53.71,31.81,32.2,51.5,47.76,64.79,50.65,52.44,47.39,46.18,53.52,53.42,56.25,52.35,78.94,62.99,71.46,81.47,84.41,86.29,81.21,46.63,32.52,32.49,45.38,41.88,50.76,42.79,8.175,0.081,0.056,3.551,-1.11,-1.129,28.504,29.283,0.095,0.105,-0.722,0.117,56.693,-1.416,0.413,0.328
E08000035,Leeds,E01011571,Leeds 004B,250750,41.68,51.58,58.74,68.6,81.24,61.61,65.05,53.1,67.38,69.67,77.58,86.72,65.99,66.55,57.16,66.19,68.38,73.28,83.69,59.56,68.85,77.23,76.8,80.11,88.56,94.06,84.92,86.88,53.4,58.96,64.65,71.59,82.87,61.47,67.26,12.157,0.142,0.078,6.669,-0.526,-0.722,9.936,49.454,0.193,0.155,-0.52,0.16,32.867,-2.856,0.966,0.545
E08000035,Leeds,E01011572,Leeds 004C,260500,42.23,55.37,63.99,74.44,88.9,60.92,69.6,52.23,66.25,71.08,77.96,90.35,65.03,66.61,54.03,64.32,67.27,72.23,87.16,57.91,68.12,77.43,77.61,80.57,88.59,95.23,84.99,87.39,51.4,60.09,66.35,73.62,88.23,60.3,68.71,7.345,0.079,0.066,5.342,-0.435,-0.73,9.726,31.382,0.116,0.045,-0.618,0.147,31.367,-2.367,0.719,-0.626
E08000035,Leeds,E01011573,Leeds 004D,300000,39.48,39.67,38.78,54.26,68.01,59.84,54.05,53.76,65.16,61.75,72.61,81.25,66.55,64.76,58.48,59.83,57.43,66.48,72.2,59.5,63.78,77.22,74.93,76.55,86.79,91.18,84.96,85.29,53.85,49.88,49.86,61.68,70.88,60.68,60.08,7.131,0.101,0.076,8.866,-0.663,-0.734,15.494,12.418,0.161,0.054,-0.537,0.192,40.024,-2.705,-0.199,-0.149
E08000035,Leeds,E01011574,Leeds 004E,241125,43.37,57.66,74.06,79.0,95.17,63.21,73.7,53.02,68.81,76.34,81.46,95.52,65.97,68.89,56.7,69.21,75.57,77.74,93.37,59.8,72.67,77.32,77.04,83.03,90.42,97.37,84.93,88.44,53.48,63.53,75.35,78.57,94.43,62.31,72.9,14.914,0.16,0.108,4.906,0.346,-0.443,6.285,39.939,0.238,0.185,-1.067,0.17,27.188,-3.117,0.813,0.19
E08000035,Leeds,E01011576,Leeds 007C,622500,25.26,30.65,31.53,28.83,43.57,46.33,36.1,60.4,45.76,44.83,47.96,56.04,70.61,57.04,49.99,43.15,44.6,44.57,49.51,54.35,48.28,79.84,68.12,70.98,76.87,82.71,87.0,80.52,46.17,36.97,39.22,38.04,47.24,52.43,44.19,7.427,0.067,0.049,0.567,-0.907,-0.681,27.003,29.167,0.104,0.042,-2.078,0.099,55.751,-1.907,0.506,0.048
E08000035,Leeds,E01011578,Leeds 011D,225975,51.9,61.2,60.98,66.69,83.83,67.53,70.2,65.61,73.98,69.09,76.6,87.27,76.55,73.84,62.61,68.42,65.82,68.33,82.63,64.37,70.15,79.62,77.89,77.3,85.48,91.96,87.02,86.38,60.93,65.32,64.21,68.26,83.53,67.29,70.58,11.411,0.144,0.094,9.88,-0.384,-0.396,10.323,29.533,0.224,0.102,-0.595,0.209,29.317,-1.41,0.453,0.253
E08000035,Leeds,E01011579,Leeds 014C,350000,50.7,67.84,54.05,62.12,77.22,67.82,68.8,66.73,76.09,67.29,75.1,85.12,77.81,74.12,63.46,72.21,61.28,66.31,78.73,64.97,69.61,80.44,81.43,77.16,85.87,91.85,87.79,87.07,61.37,70.54,58.71,65.18,78.49,67.81,69.77,9.045,0.127,0.082,4.05,-0.02,-0.521,8.352,18.618,0.156,0.158,-1.04,0.156,30.21,-2.782,0.033,0.082
E08000035,Leeds,E01011580,Leeds 014D,298750,49.46,62.35,45.9,57.02,73.25,67.02,64.64,66.98,74.81,63.85,73.51,83.01,78.05,73.42,63.73,70.63,58.84,65.31,77.54,65.68,68.94,80.51,80.26,74.91,84.37,90.49,87.85,86.14,61.3,66.91,53.77,62.37,76.01,67.8,67.7,5.4,0.084,0.058,1.432,-0.687,-1.032,8.597,27.03,0.059,0.137,-2.025,0.129,32.28,-3.745,0.231,0.539
E08000035,Leeds,E01011581,Leeds 003A,316000,39.27,44.96,72.16,57.49,71.11,59.64,58.26,49.54,60.82,72.49,71.04,81.6,62.04,61.88,44.28,59.9,71.03,58.55,71.72,50.62,57.89,74.34,75.35,80.33,76.61,85.77,81.83,80.69,44.11,52.45,71.95,59.06,72.05,56.06,58.45,8.042,0.139,0.079,10.756,-0.749,-0.692,17.872,4.168,0.232,0.098,-0.161,0.179,41.8,-2.072,-0.619,-0.662
E08000035,Leeds,E01011582,Leeds 003B,220000,37.54,42.16,59.25,51.55,67.66,58.41,54.53,49.37,60.28,67.92,68.67,81.6,61.72,61.25,42.2,57.61,64.63,54.4,67.97,48.46,54.84,74.3,77.5,77.51,76.65,86.66,81.77,81.02,42.37,49.97,62.78,54.27,68.61,54.46,55.32,34.61,0.338,0.23,38.423,0.674,0.763,27.489,17.972,0.403,0.271,1.116,0.29,44.869,0.636,0.227,-0.746
E08000035,Leeds,E01011583,Leeds 003C,290000,41.04,51.22,80.68,64.96,77.36,61.04,63.88,50.35,64.84,77.51,75.93,86.69,62.99,64.58,45.84,63.88,74.25,62.81,76.32,51.55,61.07,75.12,80.93,84.63,81.07,89.93,82.62,83.94,45.62,57.65,77.53,64.75,77.42,57.22,62.58,6.38,0.089,0.067,9.777,-0.711,-0.645,15.36,11.255,0.125,0.039,-0.322,0.184,37.7,-1.769,-0.097,-0.752
E08000035,Leeds,E01011584,Leeds 003D,320000,41.81,51.54,76.54,69.37,80.61,61.44,65.7,50.83,65.62,75.69,76.64,87.33,63.43,65.13,49.49,64.92,73.44,67.58,81.07,54.4,64.51,75.72,78.62,83.57,82.47,90.19,83.25,84.24,48.19,58.3,75.25,69.05,81.3,58.76,65.15,6.833,0.096,0.068,5.277,-0.93,0.043,12.335,15.595,0.147,0.069,-0.462,0.124,35.122,-2.35,-0.032,-0.14
E08000035,Leeds,E01011585,Leeds 062A,200000,53.61,65.31,57.18,70.92,82.79,74.75,72.62,71.01,79.32,65.11,76.84,83.77,81.26,76.77,69.74,79.8,66.0,71.85,84.0,69.83,75.59,84.27,86.85,79.4,87.74,91.1,91.54,89.28,66.64,72.63,62.52,71.84,83.57,73.54,74.63,24.76,0.258,0.16,30.915,0.474,0.62,9.825,27.251,0.408,0.257,0.679,0.291,25.31,-0.807,0.209,0.605
E08000035,Leeds,E01011586,Leeds 066A,213500,52.19,46.14,49.85,52.47,75.58,73.43,61.38,71.42,71.33,62.93,73.44,80.6,81.93,74.83,69.82,69.31,62.08,63.75,77.51,70.06,70.81,84.01,81.25,76.16,84.18,91.39,91.61,87.8,66.44,57.65,57.18,59.62,76.92,73.1,67.48,16.156,0.257,0.107,15.07,-0.101,0.201,14.286,14.998,0.401,0.144,-0.079,0.222,32.468,-0.61,-0.156,0.086
E08000035,Leeds,E01011587,Leeds 062B,242500,54.65,70.13,63.37,74.95,91.48,76.3,77.78,72.07,84.53,71.24,82.01,93.44,82.36,80.57,71.95,83.99,73.06,78.56,92.29,72.48,80.62,84.76,90.43,83.22,91.84,96.3,92.11,92.43,68.44,77.22,69.22,77.27,92.13,75.58,79.62,15.087,0.115,0.071,3.733,-0.217,0.314,6.051,64.917,0.153,0.079,-0.999,0.148,20.322,-1.683,1.252,0.813
E08000035,Leeds,E01011588,Leeds 039A,304000,44.95,43.59,42.39,52.24,55.52,68.57,52.88,69.11,68.8,63.1,68.7,74.1,80.27,71.5,65.22,66.06,59.95,64.11,69.09,68.18,66.55,83.17,80.85,75.94,85.03,86.74,90.76,86.28,61.55,54.79,52.83,59.34,63.35,69.86,61.59,9.395,0.1,0.069,6.409,-0.067,0.021,14.335,22.092,0.13,0.092,-0.522,0.156,38.399,-2.649,0.165,0.164
E08000035,Leeds,E01011589,Leeds 039B,281500,44.76,50.58,48.41,60.31,54.95,68.17,56.22,68.67,70.93,66.12,71.42,74.06,80.06,72.05,64.46,68.73,62.02,66.18,68.89,67.47,67.05,83.03,81.38,76.68,85.53,86.67,90.62,86.41,60.96,59.71,56.64,64.05,62.99,69.33,63.24,10.353,0.08,0.049,1.097,-0.562,0.235,13.793,49.869,0.061,0.156,-1.569,0.11,36.712,-2.207,0.991,0.486
E08000035,Leeds,E01011590,Leeds 039C,355000,44.64,45.52,52.61,57.38,55.64,68.25,54.69,68.17,70.0,67.16,70.41,73.98,79.63,71.51,63.04,65.46,61.64,62.69,67.06,66.49,64.97,82.33,76.03,73.58,81.66,83.04,89.93,83.55,59.95,55.61,58.28,60.99,62.38,68.87,61.49,5.786,0.048,0.054,3.576,-0.663,0.108,14.071,17.427,0.051,0.06,-1.396,0.161,38.479,-2.883,0.056,-0.131
E08000035,Leeds,E01011591,Leeds 052D,215000,46.09,41.78,34.35,43.5,66.42,70.24,54.06,69.73,66.6,56.0,65.32,78.1,80.26,71.46,66.94,64.6,57.96,63.01,73.86,69.37,67.88,83.63,81.84,76.64,86.65,92.37,91.09,88.55,62.99,53.09,48.04,54.76,70.84,71.18,62.76,11.534,0.119,0.073,6.366,-0.565,0.301,14.484,37.998,0.216,0.12,-0.296,0.118,37.168,-2.014,0.67,0.501
E08000035,Leeds,E01011592,Leeds 039D,252000,50.39,62.74,62.97,63.57,81.48,72.16,69.73,69.9,78.76,70.73,73.94,85.64,80.6,76.09,68.34,76.01,66.9,70.47,83.97,69.36,74.3,83.89,84.58,81.11,88.62,94.32,91.32,90.14,64.87,69.63,65.7,67.76,83.06,72.08,72.74,10.527,0.122,0.079,2.117,-0.451,0.001,7.699,38.637,0.147,0.168,-1.209,0.125,27.277,-2.186,0.704,0.448
E08000035,Leeds,E01011593,Leeds 039E,318000,49.84,63.34,58.31,57.25,76.68,72.11,67.07,69.84,77.78,67.08,70.85,81.82,80.42,74.73,67.83,74.57,65.27,67.88,80.46,69.11,72.53,83.38,84.72,79.21,86.91,92.74,90.82,89.05,64.42,69.27,62.69,63.52,78.96,71.93,70.64,2.991,0.049,0.046,2.931,-0.9,-0.79,6.818,13.268,0.083,0.034,-1.1,0.138,29.368,-3.728,-0.247,0.063
E08000035,Leeds,E01011594,Leeds 062C,215000,52.03,66.94,62.7,68.47,85.5,73.58,73.3,70.57,80.23,71.07,78.63,89.84,81.06,78.07,70.8,79.76,67.98,72.75,86.04,71.01,76.74,83.66,84.8,79.75,88.04,94.47,91.03,89.93,66.91,73.51,66.19,71.36,86.12,73.54,75.6,23.695,0.274,0.185,27.976,0.711,-0.169,7.767,13.304,0.297,0.292,0.584,0.276,24.324,-1.49,-0.119,-0.231
E08000035,Leeds,E01011595,Leeds 066B,319975,52.1,51.56,48.68,57.83,71.07,73.72,62.43,71.67,75.82,63.8,76.48,81.8,82.21,76.28,72.58,73.88,63.73,68.85,76.75,73.2,73.35,84.49,82.97,77.7,86.86,92.45,91.99,89.1,68.22,62.69,57.6,64.68,74.57,74.72,69.34,11.023,0.132,0.084,6.42,-0.516,-0.132,10.634,35.984,0.246,0.092,-0.594,0.163,30.721,-1.645,0.593,0.53
E08000035,Leeds,E01011596,Leeds 062D,219750,53.35,69.6,61.84,68.1,86.84,74.77,74.63,70.45,79.73,66.93,74.9,85.57,80.79,76.56,69.21,78.99,67.99,72.53,86.65,69.8,76.15,83.28,82.71,77.12,85.24,90.99,90.52,87.81,66.17,74.56,65.67,70.8,86.81,73.49,75.7,5.245,0.068,0.058,4.89,-0.571,-0.162,7.286,13.707,0.089,0.073,-1.179,0.174,24.238,-1.698,-0.036,-0.431
E08000035,Leeds,E01011597,Leeds 066C,183000,54.67,54.15,55.05,60.29,84.44,76.38,68.43,72.32,76.53,65.93,78.56,87.22,83.02,77.99,72.14,76.79,68.36,71.38,85.39,72.62,76.43,84.41,84.39,78.0,86.91,93.76,92.04,89.65,68.61,65.34,62.91,67.15,85.19,75.74,73.49,24.219,0.259,0.139,28.29,0.188,0.708,19.612,30.639,0.329,0.21,0.487,0.293,26.42,1.958,0.235,0.863
E08000035,Leeds,E01011598,Leeds 062E,226000,53.41,68.86,64.65,71.97,88.15,74.8,75.63,71.3,82.03,72.1,80.72,91.19,81.74,79.28,71.82,82.04,71.42,76.8,89.35,72.15,79.14,84.02,86.75,81.32,89.61,95.0,91.35,90.82,67.98,75.59,68.91,75.02,89.04,74.69,77.88,12.577,0.111,0.071,8.339,-0.251,-0.047,4.164,50.641,0.161,0.12,-0.385,0.171,22.103,-3.202,1.037,0.37
E08000035,Leeds,E01011599,Leeds 066D,230000,53.06,56.61,56.92,62.66,80.56,74.61,68.03,71.68,76.88,66.53,76.79,85.81,82.15,77.17,73.08,76.96,67.75,71.0,82.06,73.43,75.88,84.28,84.49,79.36,87.15,93.73,91.77,89.7,68.76,66.71,63.4,67.84,81.7,75.23,72.97,12.594,0.178,0.084,9.699,-0.178,-0.328,7.121,33.703,0.32,0.18,-0.412,0.192,27.035,-2.461,0.42,0.748
E08000035,Leeds,E01011600,Leeds 079A,217250,50.15,64.85,58.19,70.25,75.36,72.06,69.45,70.45,78.72,66.8,74.88,84.07,80.43,76.13,66.42,78.98,67.59,71.63,82.78,66.69,73.9,83.88,86.98,80.29,88.65,91.45,91.06,89.48,63.67,72.01,63.88,71.29,79.64,70.77,72.43,8.512,0.108,0.069,3.222,-0.238,0.076,7.109,22.813,0.112,0.142,-1.362,0.154,27.682,-2.678,0.342,-0.262
E08000035,Leeds,E01011601,Leeds 079B,200000,43.82,38.31,30.49,45.93,55.05,67.15,49.4,69.53,63.17,50.47,59.44,68.94,78.85,68.23,63.07,66.24,52.3,58.18,66.38,63.32,63.6,83.95,80.29,74.04,83.93,86.75,91.21,86.12,59.98,51.79,43.13,52.99,61.52,66.82,58.4,22.357,0.223,0.132,26.65,0.247,0.922,22.197,12.64,0.307,0.208,0.62,0.257,41.742,-0.261,-0.15,-0.247
E08000035,Leeds,E01011602,Leeds 076A,212500,52.64,69.66,60.82,74.69,81.85,74.75,74.21,71.59,81.95,68.41,81.3,86.29,81.88,78.63,69.5,80.9,68.56,74.25,84.66,69.63,76.33,83.97,88.56,79.33,89.44,91.84,91.21,89.93,66.35,75.52,65.59,74.99,83.61,73.5,75.79,16.001,0.194,0.125,11.632,0.175,0.384,6.899,17.686,0.182,0.225,-0.279,0.203,24.172,-1.883,-0.079,0.237
E08000035,Leeds,E01011603,Leeds 076B,240000,48.23,63.35,49.75,67.37,72.35,70.71,66.89,70.57,77.91,62.45,76.21,81.86,80.74,75.88,64.91,76.42,61.22,68.8,77.44,65.38,70.86,83.83,86.98,76.77,88.95,90.19,91.04,88.99,62.29,70.08,56.65,68.76,75.49,69.56,69.79,7.514,0.086,0.061,3.539,-0.563,0.08,8.28,28.359,0.129,0.08,-1.563,0.164,30.177,-2.818,0.587,-0.407
E08000035,Leeds,E01011604,Leeds 079C,230000,50.75,71.73,59.5,74.29,78.47,73.15,73.21,70.79,81.96,66.88,78.05,85.72,81.0,77.56,66.68,81.01,67.25,73.28,83.69,66.85,74.81,83.88,89.07,79.6,89.83,91.81,91.04,90.03,64.01,76.65,64.26,74.09,81.58,71.39,74.51,12.398,0.136,0.09,3.466,0.07,0.141,5.634,33.634,0.187,0.195,-1.702,0.165,25.502,-3.044,0.74,-0.306
E08000035,Leeds,E01011605,Leeds 076C,277475,50.32,61.89,53.5,68.52,74.23,72.51,67.89,71.05,78.64,64.28,79.11,81.74,81.38,76.73,67.07,75.55,62.85,69.09,78.03,67.0,71.76,83.65,86.21,76.67,88.29,90.65,90.84,88.83,64.21,68.97,59.22,69.62,76.63,71.2,70.73,5.015,0.077,0.06,4.274,-0.665,-0.34,6.559,13.619,0.132,0.054,-1.146,0.164,29.2,-3.92,-0.075,-0.311
E08000035,Leeds,E01011606,Leeds 076D,160000,52.92,48.28,38.57,48.53,58.45,72.32,55.7,71.52,74.18,60.17,74.04,75.02,81.64,74.36,65.21,70.68,54.33,61.36,65.79,66.52,65.7,84.0,82.71,72.87,82.54,88.85,91.84,86.72,63.66,59.51,48.05,56.8,63.05,70.91,62.5,23.28,0.238,0.142,36.32,0.035,0.774,22.49,10.376,0.385,0.098,0.77,0.327,37.472,0.798,-0.293,-0.226
E08000035,Leeds,E01011607,Leeds 079D,210000,46.89,56.6,43.36,60.54,68.64,69.58,62.18,69.86,73.28,57.71,68.02,78.11,79.67,72.83,63.73,73.75,57.38,63.86,74.27,64.05,68.21,83.82,84.85,75.85,86.03,88.62,91.04,87.63,61.13,65.14,51.67,62.75,72.05,68.34,66.28,14.907,0.201,0.115,16.197,0.036,0.051,13.391,10.624,0.282,0.14,-0.043,0.231,33.854,-1.338,-0.145,-0.675
E08000035,Leeds,E01011608,Leeds 068A,197000,50.47,46.92,46.99,52.4,73.05,74.65,60.6,72.26,72.73,63.16,68.4,80.11,81.01,74.41,71.64,74.09,64.18,68.34,76.9,71.55,72.94,84.93,85.76,80.88,88.19,92.82,92.17,90.06,67.34,60.18,57.09,61.47,75.45,74.27,68.25,30.82,0.339,0.152,43.142,0.37,1.37,13.404,25.181,0.596,0.238,1.264,0.305,32.574,-0.962,-0.007,0.833
E08000035,Leeds,E01011609,Leeds 068B,220000,52.92,60.08,55.71,63.32,81.82,76.44,69.59,72.35,79.91,68.3,75.72,86.4,81.78,77.79,72.06,78.69,68.95,73.16,82.63,72.24,76.29,84.57,86.8,82.03,89.19,92.92,91.76,90.34,68.17,69.44,63.6,69.11,82.58,75.48,73.86,32.739,0.342,0.224,30.091,0.797,0.816,12.311,30.175,0.46,0.268,0.161,0.345,26.86,-0.178,0.377,0.518
E08000035,Leeds,E01011610,Leeds 068C,207500,53.59,68.78,62.7,71.82,84.49,75.76,74.55,72.09,83.15,71.74,79.07,89.47,81.93,79.23,69.96,82.41,71.21,74.1,86.42,70.01,77.28,84.44,90.34,82.86,90.39,93.63,91.68,91.18,66.93,75.77,67.95,73.5,85.84,74.14,76.48,13.031,0.136,0.086,10.34,-0.249,0.163,8.94,38.174,0.267,0.087,-0.727,0.222,23.801,-0.915,0.636,0.623
E08000035,Leeds,E01011611,Leeds 068D,173000,51.96,57.76,54.65,62.06,78.78,75.74,67.59,72.65,80.84,68.64,76.25,86.33,81.88,78.15,70.66,77.57,66.14,70.27,79.41,70.59,74.16,84.55,87.26,81.7,89.29,92.79,91.75,90.35,67.1,67.79,61.64,67.19,79.6,74.4,71.98,42.426,0.477,0.26,52.051,0.817,1.25,14.887,10.767,0.718,0.346,1.367,0.36,28.654,0.33,-0.292,-0.172
E08000035,Leeds,E01011612,Leeds 079E,152500,53.89,73.55,67.06,79.43,88.69,76.0,78.69,72.36,86.3,74.65,83.54,93.07,82.37,81.18,69.76,85.05,75.12,79.48,91.78,70.19,80.03,84.56,92.8,84.19,93.18,95.02,91.79,92.55,66.91,79.57,72.04,79.77,90.6,74.37,79.72,29.896,0.269,0.174,19.996,0.732,1.504,6.97,38.693,0.197,0.324,0.003,0.268,20.368,-1.278,0.657,0.611
E08000035,Leeds,E01011613,Leeds 076E,206000,52.15,54.17,55.89,62.39,77.66,74.16,66.25,71.51,77.29,65.96,78.44,86.3,81.98,77.47,70.63,74.49,64.84,68.28,80.14,70.74,73.47,84.2,88.34,80.25,88.89,94.18,91.64,90.62,66.96,64.4,61.38,66.52,79.46,73.75,71.03,21.439,0.293,0.141,26.327,0.342,0.412,10.544,11.051,0.41,0.176,0.669,0.245,28.889,-1.209,-0.315,-0.083
E08000035,Leeds,E01011614,Leeds 068E,194000,50.81,59.41,54.97,64.8,74.81,73.82,66.99,71.69,77.17,66.16,73.57,83.24,81.05,76.17,67.74,77.1,65.55,68.36,79.79,67.65,72.72,84.37,87.52,80.99,89.01,92.67,91.6,90.19,64.84,68.26,61.37,67.23,77.85,72.07,70.83,10.447,0.129,0.075,6.935,-0.232,0.172,10.27,25.651,0.162,0.11,-0.576,0.169,29.497,-1.477,0.151,0.576
E08000035,Leeds,E01011615,Leeds 070A,160000,66.52,74.42,70.95,72.05,89.48,83.79,80.57,77.73,84.67,82.62,83.52,90.65,83.36,83.13,75.32,85.4,81.75,82.16,89.0,75.37,82.18,86.26,87.01,90.3,90.62,95.77,93.18,92.47,74.04,80.09,77.57,77.9,89.44,80.43,81.75,31.348,0.291,0.174,35.308,0.088,1.211,10.464,52.197,0.459,0.104,0.608,0.34,18.128,0.148,0.966,0.802
E08000035,Leeds,E01011616,Leeds 072A,192000,54.7,68.48,54.29,62.62,83.02,76.61,72.29,74.05,85.79,72.05,74.35,86.8,80.62,79.13,72.47,83.82,74.34,76.09,85.58,71.87,78.66,84.97,88.15,83.85,88.33,94.13,91.85,90.84,69.06,76.35,66.02,70.14,84.63,75.29,76.28,53.412,0.485,0.293,67.822,1.279,1.771,16.456,18.685,0.719,0.299,1.815,0.398,23.692,1.405,-0.141,0.458
E08000035,Leeds,E01011617,Leeds 070B,155000,61.89,67.57,70.98,67.03,82.88,81.61,75.0,76.04,77.59,81.47,77.12,85.84,82.31,79.5,74.2,83.2,80.92,79.23,86.7,74.12,80.3,85.58,80.54,88.84,88.61,93.74,92.52,90.46,72.06,75.18,77.09,73.8,85.08,78.77,78.25,41.017,0.447,0.228,60.677,0.82,1.003,10.411,24.187,0.639,0.406,1.34,0.421,21.68,-0.143,-0.229,1.118
E08000035,Leeds,E01011618,Leeds 070C,138000,69.54,78.88,75.89,77.02,91.18,85.28,83.95,78.62,88.33,87.16,88.38,94.14,84.21,85.52,75.92,86.98,83.89,84.14,90.51,76.02,83.46,86.7,90.55,92.56,92.99,97.64,93.68,94.17,75.23,83.3,81.02,81.4,91.13,81.49,83.96,51.854,0.432,0.253,64.508,0.563,1.51,17.507,84.518,0.649,0.245,1.62,0.405,15.903,2.216,1.651,1.348
E08000035,Leeds,E01011620,Leeds 072B,268000,53.43,65.9,43.89,59.93,78.13,74.45,68.84,73.5,84.81,62.91,72.34,82.99,79.76,77.57,70.03,79.73,63.59,69.62,78.72,69.14,73.83,84.2,83.99,75.74,82.87,88.71,91.03,86.96,67.14,73.2,55.43,65.65,78.79,72.96,72.26,42.792,0.417,0.233,64.023,0.729,1.619,19.575,8.411,0.544,0.251,1.662,0.395,27.59,1.794,-0.265,-0.725
E08000035,Leeds,E01011621,Leeds 070D,156000,60.89,62.27,54.4,59.16,70.41,78.37,67.3,76.02,79.55,73.85,75.52,80.54,81.78,78.45,72.25,78.31,71.28,71.44,77.47,71.64,74.74,85.99,82.85,86.62,87.31,91.66,93.0,89.86,70.58,70.41,64.49,66.45,74.57,76.08,72.19,50.002,0.556,0.305,68.566,1.01,0.305,12.494,20.793,0.738,0.43,1.339,0.479,27.778,-0.271,-0.033,0.467
E08000035,Leeds,E01011622,Leeds 072C,152500,58.8,71.55,61.46,62.02,76.52,78.76,72.17,74.39,84.7,71.17,69.74,80.92,80.73,77.42,72.43,83.88,73.19,73.97,81.48,71.99,77.25,85.19,86.54,80.14,83.76,88.71,92.13,88.0,70.0,77.93,68.46,68.49,79.35,76.33,75.36,56.265,0.554,0.306,64.513,1.13,1.982,17.767,19.019,0.737,0.484,1.577,0.41,24.614,1.666,-0.494,0.989
E08000035,Leeds,E01011623,Leeds 075B,90000,70.98,76.45,76.63,77.5,86.56,84.91,82.2,78.57,84.78,86.51,88.07,90.4,83.79,84.31,75.59,85.79,83.24,83.5,87.9,75.57,82.34,86.77,86.58,92.3,91.95,95.57,93.71,92.94,75.33,81.33,80.96,81.27,87.56,81.08,82.58,61.983,0.621,0.29,65.066,0.974,1.712,22.957,52.808,0.872,0.441,1.239,0.467,17.277,3.499,1.055,0.509
E08000035,Leeds,E01011624,Leeds 072D,177500,54.49,63.57,39.98,55.01,68.53,73.54,64.37,73.68,81.57,59.32,67.62,75.53,79.49,75.14,69.24,76.82,57.46,63.76,69.76,67.88,69.57,84.0,82.79,71.79,79.4,84.1,90.84,84.47,66.9,70.55,50.31,60.28,69.61,71.92,68.05,58.509,0.596,0.303,70.999,0.833,1.865,27.784,10.253,0.803,0.535,1.801,0.419,31.867,3.23,-0.172,-0.645
E08000035,Leeds,E01011625,Leeds 075C,115000,70.11,70.27,66.43,73.89,79.96,83.01,77.19,78.53,82.68,80.97,86.65,87.49,83.49,83.18,73.72,79.9,74.59,77.38,81.19,73.2,77.59,87.02,85.76,90.18,91.2,94.71,93.99,92.42,73.93,75.45,71.71,76.59,81.08,79.07,78.01,65.569,0.576,0.317,65.537,1.344,1.383,23.779,76.579,0.818,0.276,1.849,0.38,21.871,3.421,1.501,1.012
E08000035,Leeds,E01011626,Leeds 075D,159500,73.27,75.71,65.01,78.96,79.94,84.67,80.12,79.05,84.11,80.48,88.37,86.51,83.84,83.73,74.89,83.03,74.9,80.9,82.25,74.43,79.41,87.21,84.99,90.01,92.2,94.18,94.21,92.47,75.46,79.72,71.25,80.64,81.55,80.44,80.17,43.662,0.44,0.217,35.736,1.392,1.566,21.3,32.189,0.611,0.603,0.923,0.299,19.654,2.966,0.174,1.129
E08000035,Leeds,E01011627,Leeds 098A,250000,43.58,47.64,44.37,52.85,80.29,65.44,60.97,68.7,65.43,61.96,60.02,85.57,75.51,70.87,67.97,67.5,64.94,64.04,79.28,67.26,70.31,86.23,78.67,82.25,82.48,94.16,93.46,89.0,62.95,57.35,56.33,58.9,80.17,67.61,66.74,30.437,0.316,0.188,36.019,0.261,1.318,17.85,19.367,0.541,0.186,0.768,0.325,33.198,0.376,-0.099,0.45
E08000035,Leeds,E01011628,Leeds 098B,230000,44.49,49.57,41.81,51.49,80.22,65.63,61.27,69.45,64.05,60.5,60.15,85.99,75.93,71.12,68.55,68.36,63.86,63.31,79.45,67.68,70.55,86.1,78.4,80.06,81.24,93.52,93.28,88.35,63.63,58.66,54.59,57.97,80.24,67.93,67.01,7.574,0.083,0.084,8.103,-0.388,-0.41,13.427,12.099,0.196,0.043,-0.725,0.195,32.908,-1.039,-0.216,-0.159
E08000035,Leeds,E01011629,Leeds 098C,250500,44.3,54.05,45.09,56.18,87.07,66.37,65.53,69.13,68.35,61.46,61.32,90.72,75.86,72.53,67.4,69.15,62.57,62.7,82.94,65.75,70.91,85.8,80.04,81.09,82.54,95.93,92.93,89.45,62.81,61.58,55.34,59.78,85.31,67.35,69.01,19.566,0.204,0.136,19.277,0.269,0.711,17.603,12.245,0.289,0.218,0.148,0.244,30.945,0.725,-0.102,-0.479
E08000035,Leeds,E01011630,Leeds 100B,220000,47.09,45.03,27.95,42.47,66.28,66.35,54.18,70.92,60.11,54.68,58.25,79.81,76.98,69.9,68.8,66.76,55.65,58.38,68.61,67.55,66.51,85.99,76.89,76.82,81.0,91.47,93.07,87.34,64.58,55.39,43.99,51.5,68.23,68.28,61.97,7.546,0.106,0.068,7.451,-0.767,0.016,15.996,11.516,0.175,0.072,-0.649,0.182,38.115,-1.602,-0.212,-0.253
E08000035,Leeds,E01011632,Leeds 098D,184997.5,44.05,51.73,39.33,53.0,83.82,66.29,63.1,69.35,65.49,57.72,59.73,88.12,75.79,71.49,66.51,66.64,58.08,59.76,78.85,64.98,68.48,85.25,76.35,76.28,80.25,93.87,92.36,87.53,62.21,59.13,50.31,56.84,81.67,66.95,66.69,47.296,0.473,0.279,48.933,1.209,1.527,22.975,9.746,0.655,0.342,1.47,0.316,33.275,1.794,-0.22,-0.565
E08000035,Leeds,E01011633,Leeds 098E,308000,42.35,49.68,45.25,58.18,89.65,65.71,65.15,68.12,69.62,63.24,61.44,91.05,75.61,72.35,64.63,67.47,62.91,61.5,82.87,63.73,69.43,84.99,81.75,81.2,81.45,94.97,92.12,88.84,60.45,58.64,55.66,60.06,86.45,66.08,68.07,12.487,0.131,0.092,9.694,-0.196,0.527,14.119,18.611,0.172,0.136,-0.942,0.225,31.84,-0.539,0.074,-0.025
E08000035,Leeds,E01011634,Leeds 100C,240000,41.66,47.94,35.09,46.83,63.82,65.16,54.43,68.07,70.18,59.36,58.43,77.01,76.01,69.58,65.48,67.19,56.85,56.88,65.88,64.29,64.42,85.14,82.53,79.65,80.06,90.24,92.4,87.23,60.83,57.63,47.88,52.66,65.61,66.13,60.95,23.539,0.234,0.147,28.014,0.209,0.813,21.69,18.498,0.392,0.16,0.646,0.267,39.033,0.225,0.037,0.057
E08000035,Leeds,E01011635,Leeds 097B,233750,37.48,44.48,44.01,38.52,69.76,58.73,52.85,65.81,64.51,61.48,52.41,83.75,73.27,67.75,67.38,62.56,62.17,55.96,69.19,66.21,65.28,86.02,79.27,85.69,80.48,92.94,93.46,88.4,60.81,53.53,54.66,48.16,70.28,63.86,60.62,12.29,0.114,0.084,9.799,-0.262,0.712,16.403,18.178,0.17,0.121,-0.609,0.209,39.322,-1.856,-0.117,0.364
E08000035,Leeds,E01011636,Leeds 100D,350000,41.05,54.6,42.95,52.69,77.12,62.99,61.21,67.14,72.08,61.33,59.64,84.89,74.83,70.84,63.66,67.45,60.2,58.24,75.1,62.56,66.45,85.33,84.07,82.45,81.74,93.65,92.61,88.96,59.4,61.34,53.14,55.95,76.61,64.23,64.82,10.587,0.102,0.082,7.964,0.022,0.284,15.51,14.149,0.123,0.102,-1.499,0.22,35.118,-0.851,-0.17,0.011
E08000035,Leeds,E01011637,Leeds 097C,214975,36.36,45.35,44.97,42.5,70.24,59.23,53.88,65.64,62.08,59.48,54.97,84.2,73.1,67.77,69.13,62.08,62.73,59.15,71.88,68.3,67.11,85.36,79.67,84.6,81.76,93.54,92.71,88.59,61.65,53.66,55.3,51.64,71.87,65.05,61.99,12.259,0.135,0.086,10.357,-0.396,0.328,18.606,21.771,0.232,0.081,-0.589,0.214,37.957,-0.514,0.259,-0.134
E08000035,Leeds,E01011638,Leeds 097D,240000,38.13,51.15,49.3,45.03,75.72,61.59,58.19,66.61,66.06,63.17,56.7,87.45,73.74,69.67,68.69,64.66,65.23,59.08,74.11,67.6,68.0,85.33,79.14,84.98,80.01,93.13,92.61,88.03,61.9,58.02,58.64,52.83,75.61,65.86,64.33,8.508,0.108,0.073,9.624,-0.384,-0.295,15.171,15.041,0.17,0.111,-0.557,0.203,35.645,-1.137,0.04,-0.481
E08000035,Leeds,E01011639,Leeds 100E,195000,45.2,48.42,36.16,48.02,77.03,65.48,59.25,70.33,62.8,58.83,60.21,85.22,76.48,71.24,68.46,67.42,60.04,61.57,76.24,67.47,69.12,86.2,77.45,79.27,81.73,93.18,93.35,88.25,63.86,57.59,50.04,55.62,77.16,67.81,65.46,33.136,0.343,0.201,39.263,0.658,1.097,19.118,20.107,0.602,0.228,1.169,0.288,34.617,0.451,-0.042,0.415
E08000035,Leeds,E01011641,Leeds 032B,462500,55.9,75.86,66.37,60.19,73.57,79.8,72.04,74.92,86.21,82.29,77.75,84.43,82.92,80.12,69.14,82.64,74.24,67.05,77.11,69.03,73.64,83.33,90.26,88.2,85.16,90.53,90.05,88.93,67.32,79.74,71.54,64.91,76.01,75.61,73.64,5.88,0.043,0.058,0.328,-1.126,0.346,4.944,26.388,0.026,0.046,-1.888,0.076,26.352,-4.14,0.511,-0.385
E08000035,Leeds,E01011642,Leeds 032C,373000,60.45,63.66,71.1,61.89,83.01,82.29,72.94,76.0,81.33,84.63,77.37,88.81,83.43,80.68,70.6,78.5,77.05,68.83,83.47,70.31,75.5,84.06,88.88,90.22,85.84,93.47,90.8,90.15,69.42,71.31,75.18,66.5,83.66,77.39,75.02,9.281,0.136,0.074,3.638,-0.25,0.001,8.086,21.51,0.169,0.103,-0.793,0.129,24.916,-1.451,0.201,-0.007
E08000035,Leeds,E01011643,Leeds 037A,325000,55.22,60.64,65.76,60.72,81.32,79.67,70.19,74.67,78.12,80.67,75.95,88.21,82.37,79.17,69.99,73.83,75.17,69.25,81.83,69.88,74.07,83.67,82.11,87.41,87.06,92.85,90.46,89.26,67.68,67.56,71.72,66.08,82.05,75.9,73.05,6.543,0.09,0.069,1.497,-0.392,-0.23,6.396,19.197,0.124,0.074,-1.415,0.117,26.9,-2.915,0.138,-0.124
E08000035,Leeds,E01011644,Leeds 037B,388000,50.98,53.36,55.45,51.2,71.25,75.6,62.1,73.08,71.05,72.69,68.58,81.15,80.79,74.88,69.18,69.53,70.41,64.61,75.44,68.96,70.49,83.36,78.46,84.87,85.02,90.96,90.12,87.64,65.99,61.52,64.43,59.13,73.96,73.48,67.61,20.057,0.228,0.157,6.102,0.195,0.698,15.474,24.925,0.27,0.209,-0.46,0.143,32.325,-0.167,0.13,0.548
E08000035,Leeds,E01011645,Leeds 032D,392000,58.75,59.21,71.48,64.51,86.32,81.16,72.85,75.62,78.74,84.25,78.48,90.5,83.09,80.57,71.04,78.16,79.57,72.59,86.9,70.97,77.18,84.03,87.03,91.06,87.9,95.0,90.78,90.89,69.28,68.69,76.69,69.56,86.95,77.16,75.85,11.515,0.121,0.059,1.335,-0.663,0.671,7.4,44.112,0.144,0.137,-1.43,0.112,24.064,-1.619,0.936,0.098
E08000035,Leeds,E01011646,Leeds 037C,225500,56.25,56.46,67.29,57.3,84.82,80.51,69.79,74.84,75.81,81.61,74.83,89.97,82.52,79.06,70.28,74.27,78.42,69.14,85.24,70.13,75.22,83.85,76.69,88.05,85.29,93.89,90.61,88.7,68.12,65.43,74.17,64.47,85.42,76.42,73.48,11.816,0.179,0.091,11.992,-0.47,-0.187,10.731,21.702,0.325,0.134,-0.233,0.202,26.498,-0.666,0.152,0.153
E08000035,Leeds,E01011647,Leeds 037D,:,63.96,55.8,76.6,67.74,91.75,84.84,75.44,77.32,78.95,90.44,81.86,95.44,84.42,82.93,72.94,79.14,84.04,76.99,92.66,72.84,80.4,84.74,82.74,92.3,88.06,96.35,91.53,91.18,71.89,67.34,81.52,73.37,92.53,79.82,78.76,28.264,0.354,0.151,40.49,-0.038,0.905,12.172,31.212,0.492,0.35,0.53,0.384,21.126,0.435,0.44,0.457
E08000035,Leeds,E01011648,Leeds 037E,277500,61.14,53.81,70.5,62.87,87.0,83.48,71.84,75.94,74.09,83.97,76.46,90.0,83.35,79.7,71.28,75.75,79.86,71.79,88.02,71.11,77.03,84.25,76.2,89.62,85.66,94.5,91.0,89.13,70.01,64.58,76.41,68.3,87.79,78.3,75.3,16.703,0.229,0.107,21.061,-0.148,0.378,9.481,20.29,0.373,0.166,0.008,0.278,24.661,-0.836,0.057,0.222
E08000035,Leeds,E01011649,Leeds 022B,530000,35.72,24.14,11.25,40.83,41.19,58.69,37.76,65.93,46.52,39.36,57.68,59.32,75.6,62.03,61.01,54.1,42.79,50.98,49.04,62.8,55.0,81.76,71.04,68.79,81.25,82.15,88.83,82.17,56.35,38.28,29.32,47.11,46.11,62.44,48.76,4.537,0.027,0.029,0.973,-1.324,-0.618,22.264,20.617,0.041,0.021,-1.94,0.115,51.232,-3.49,0.244,-0.255
E08000035,Leeds,E01011650,Leeds 020A,702500,45.09,35.91,48.1,50.24,61.75,70.26,52.73,70.37,66.52,67.79,70.88,75.95,79.65,72.41,64.49,62.28,60.5,59.29,68.33,65.33,64.52,82.28,78.83,81.84,85.41,88.11,89.26,86.44,61.29,49.02,55.75,56.27,65.86,69.25,60.55,8.21,0.069,0.073,0.74,-0.642,0.778,13.705,13.977,0.073,0.054,-1.809,0.102,39.369,-3.883,-0.173,-0.004
E08000035,Leeds,E01011651,Leeds 020B,278000,46.71,50.22,58.39,53.51,64.23,72.84,58.82,70.19,73.51,71.95,71.03,75.02,79.89,73.24,64.95,67.43,65.72,61.05,70.6,65.75,66.61,82.44,83.64,84.03,86.94,89.89,89.5,87.97,61.92,59.11,63.14,58.57,68.07,70.65,64.14,15.049,0.2,0.121,5.091,-0.167,0.452,14.174,19.798,0.28,0.219,-0.631,0.144,35.748,-1.613,0.19,-0.206
E08000035,Leeds,E01011652,Leeds 024C,362500,49.13,70.41,69.14,58.53,74.06,74.98,69.07,71.33,84.14,79.64,75.89,84.56,80.87,77.76,67.37,77.56,75.49,68.13,81.69,67.96,73.54,82.51,88.96,88.4,88.03,92.72,89.41,89.81,64.18,74.6,73.31,64.58,78.53,72.73,72.21,6.913,0.091,0.084,1.751,-0.591,-0.812,6.798,24.567,0.09,0.105,-1.553,0.13,27.634,-2.877,0.431,-0.339
E08000035,Leeds,E01011653,Leeds 020C,309375,49.52,61.0,66.04,62.01,75.75,74.5,67.54,72.13,80.37,79.11,78.46,86.84,81.18,78.4,67.46,73.56,73.15,68.75,81.29,67.75,72.78,82.8,87.17,89.12,89.55,93.35,89.68,90.26,64.43,67.75,70.7,66.59,79.2,72.45,71.26,7.675,0.072,0.063,0.853,-0.679,0.187,8.17,33.482,0.087,0.064,-1.913,0.11,28.666,-2.331,0.714,-0.192
E08000035,Leeds,E01011654,Leeds 024D,526750,52.89,77.59,69.25,62.25,72.12,77.86,71.93,73.25,87.02,81.35,76.95,82.41,81.91,78.93,67.66,81.47,74.88,67.58,76.85,67.88,72.94,82.76,91.14,89.23,86.16,90.86,89.52,89.2,65.46,80.19,73.09,66.0,75.12,74.1,73.14,2.291,0.05,0.034,0.202,-0.924,-0.841,5.178,12.794,0.072,0.031,-2.444,0.076,26.848,-4.133,-0.003,-0.861
E08000035,Leeds,E01011655,Leeds 020D,246500,50.29,50.99,57.31,61.31,65.15,74.46,61.33,72.95,73.92,74.65,76.61,78.79,81.18,76.18,67.84,70.47,69.08,67.25,73.39,67.84,69.99,82.81,81.61,86.16,86.47,89.44,89.55,87.71,64.96,60.83,64.59,65.41,70.07,72.47,67.14,6.014,0.059,0.053,0.547,-0.798,-0.126,11.714,30.182,0.071,0.09,-1.853,0.093,32.811,-1.773,0.648,-0.394
E08000035,Leeds,E01011656,Leeds 035A,170000,51.51,59.59,47.52,57.15,70.99,75.37,64.5,71.09,71.83,66.66,67.76,81.55,79.55,73.83,68.41,72.09,67.78,66.3,75.18,68.82,70.77,83.51,81.2,82.11,86.87,92.49,90.45,88.72,65.34,65.93,59.38,62.46,73.73,73.21,68.63,45.297,0.472,0.231,62.922,0.877,1.7,18.657,10.084,0.64,0.341,1.556,0.404,31.421,0.944,-0.38,-0.087
E08000035,Leeds,E01011657,Leeds 035B,168000,51.8,61.24,48.27,60.85,72.22,75.73,66.09,71.02,73.79,67.01,69.18,82.85,79.55,74.52,68.26,72.82,66.81,67.1,75.4,68.51,70.97,83.46,81.39,81.61,86.86,92.42,90.39,88.68,65.3,67.21,59.19,64.56,74.46,73.23,69.42,58.212,0.581,0.34,66.03,1.259,1.506,16.206,13.285,0.779,0.401,1.709,0.401,30.544,0.393,-0.276,0.121
E08000035,Leeds,E01011658,Leeds 040C,244000,52.18,64.82,57.02,55.1,76.52,77.25,67.86,71.96,72.43,72.49,66.89,83.57,80.09,74.64,69.23,74.44,74.43,67.07,79.0,69.26,72.79,83.58,80.98,86.15,85.57,93.19,90.41,88.83,66.13,69.71,67.27,61.89,78.24,74.32,71.09,52.892,0.549,0.3,55.951,1.223,1.758,11.214,18.799,0.634,0.595,1.592,0.35,28.873,-0.923,-0.11,0.411
E08000035,Leeds,E01011659,Leeds 035C,167000,53.09,70.68,57.97,65.39,79.04,78.08,72.28,70.79,77.51,72.17,70.64,83.45,79.32,75.32,68.83,78.39,73.06,71.65,80.67,69.2,74.42,83.33,83.05,83.47,87.32,93.61,90.31,89.35,65.91,74.75,66.93,68.87,80.2,74.61,73.77,47.629,0.458,0.309,52.428,1.129,1.468,14.737,13.671,0.559,0.356,0.961,0.417,26.283,0.629,-0.17,-0.05
E08000035,Leeds,E01011660,Leeds 040D,188250,52.87,69.59,59.1,58.36,74.44,78.4,69.41,71.56,74.06,73.36,67.6,79.71,79.78,74.15,68.47,76.96,72.84,67.6,76.88,68.54,72.41,83.23,83.37,83.73,84.93,90.89,90.14,88.04,65.74,73.38,67.33,63.61,76.04,74.48,71.47,39.812,0.383,0.241,49.428,1.248,1.449,10.154,4.899,0.452,0.429,1.293,0.353,28.644,-1.32,-0.765,-0.296
E08000035,Leeds,E01011661,Leeds 035D,172000,53.66,69.53,62.91,71.64,86.59,78.38,75.64,70.28,77.71,75.38,75.75,89.55,79.0,76.97,69.47,78.35,75.42,74.79,84.62,70.06,76.27,83.51,82.66,84.21,88.93,95.05,90.51,90.18,66.38,74.13,70.44,73.5,85.88,75.12,76.2,68.656,0.588,0.366,71.728,1.957,2.199,13.756,27.316,0.865,0.453,1.56,0.463,23.623,0.656,0.291,0.428
E08000035,Leeds,E01011662,Leeds 040E,151500,54.06,63.7,60.09,54.67,70.29,79.55,66.26,72.5,72.88,75.95,69.62,77.26,80.41,74.42,68.88,75.86,72.02,67.25,73.86,68.6,71.51,83.24,81.61,83.25,83.41,88.2,90.13,86.72,66.41,69.75,67.41,62.0,72.54,75.09,69.76,69.998,0.744,0.384,63.376,1.691,2.059,15.125,11.076,0.956,0.64,1.202,0.46,30.156,0.144,-0.232,-0.274
E08000035,Leeds,E01011663,Leeds 050A,167500,53.75,72.32,66.09,64.86,80.97,79.11,73.73,71.74,78.64,78.96,74.18,83.06,79.88,76.56,69.93,80.19,75.74,72.49,81.34,69.9,75.52,83.69,87.62,87.2,88.1,93.21,90.64,90.19,66.9,76.44,72.11,69.33,81.39,75.45,75.02,49.665,0.524,0.268,56.103,1.16,1.971,11.059,10.988,0.693,0.698,1.486,0.37,24.904,-0.316,-0.62,0.348
E08000035,Leeds,E01011664,Leeds 050B,182500,53.61,70.12,60.97,63.74,78.58,79.06,72.0,71.2,77.39,74.39,72.24,81.71,79.48,75.51,68.96,78.73,72.85,71.23,79.5,69.0,74.13,83.18,84.16,83.27,85.08,91.16,90.11,88.2,66.17,74.59,68.18,68.08,79.32,74.97,73.51,40.349,0.406,0.236,42.173,1.142,1.768,9.194,11.236,0.49,0.437,0.972,0.347,26.408,-1.256,-0.757,0.472
E08000035,Leeds,E01011665,Leeds 050C,150000,54.38,73.08,72.05,72.37,89.2,79.29,78.07,71.61,82.0,81.21,79.85,90.44,79.75,79.11,71.64,81.61,80.58,77.8,89.29,71.79,79.47,84.25,87.53,88.12,91.57,96.51,91.24,92.14,68.12,77.62,77.37,75.62,89.44,76.4,79.02,39.492,0.33,0.246,39.11,0.911,1.911,6.565,30.466,0.463,0.245,0.708,0.356,20.935,-1.53,0.174,0.97
E08000035,Leeds,E01011666,Leeds 061D,230000,54.58,67.04,74.13,71.63,89.61,79.06,76.52,72.5,79.09,83.06,81.86,93.03,80.36,79.94,72.73,79.96,82.03,79.74,92.17,72.68,80.69,84.57,86.04,89.24,91.54,97.4,91.52,92.4,68.99,73.59,79.11,76.4,91.2,76.77,79.1,15.356,0.12,0.085,17.531,-0.254,1.048,3.274,32.1,0.249,0.052,-0.131,0.255,20.883,-3.722,0.192,1.079
E08000035,Leeds,E01011667,Leeds 050D,:,54.41,68.44,69.81,62.68,80.5,79.56,72.44,72.61,77.73,82.62,75.19,84.18,80.52,77.28,70.56,79.46,78.64,73.11,82.41,70.46,76.12,84.16,87.9,90.3,89.08,94.7,91.11,91.18,67.57,74.04,75.41,68.77,81.77,75.97,74.87,66.997,0.675,0.338,78.975,1.507,1.883,11.909,16.469,0.806,0.64,1.638,0.509,25.004,-0.046,-0.274,0.464
E08000035,Leeds,E01011668,Leeds 110E,:,71.35,71.76,69.9,80.73,83.31,89.92,80.87,79.2,84.15,86.35,90.73,90.5,85.79,85.13,73.74,81.39,77.96,81.23,87.92,74.01,80.35,85.59,85.58,89.12,92.24,93.22,92.4,91.62,74.32,76.95,75.21,81.75,86.11,82.8,81.08,20.827,0.153,0.072,25.288,0.648,0.451,12.224,53.304,0.587,0.25,0.815,0.207,18.83,0.622,1.094,0.384
E08000035,Leeds,E01011669,Leeds 110F,190525,69.14,65.5,62.89,73.13,77.24,88.19,75.25,78.43,78.88,80.41,84.13,85.46,85.13,82.03,72.34,78.22,72.67,75.74,82.22,72.6,76.76,85.43,85.0,88.8,91.3,94.2,92.27,91.57,72.82,72.02,69.13,75.26,80.27,81.29,76.71,24.951,0.203,0.109,18.469,0.611,0.672,16.567,59.256,0.562,0.588,0.633,0.153,23.274,1.472,1.13,0.811
E08000035,Leeds,E01011670,Leeds 055A,157000,72.92,69.38,73.45,80.14,82.33,89.92,80.2,79.01,82.0,84.45,87.41,87.54,85.48,83.67,73.97,81.28,79.65,80.85,86.85,74.17,80.15,85.65,86.45,89.85,92.26,93.95,92.5,91.99,74.78,75.54,77.58,81.05,84.99,82.85,80.59,29.077,0.338,0.148,35.383,0.57,0.62,17.689,35.449,0.65,0.505,0.414,0.36,19.431,2.08,0.478,0.775
E08000035,Leeds,E01011671,Leeds 055B,160000,76.57,70.44,81.28,84.55,86.54,90.8,83.43,79.37,79.6,86.11,87.52,86.09,85.21,83.29,75.46,83.7,85.1,84.25,88.33,75.79,82.26,86.02,81.76,89.5,90.53,92.08,92.81,90.68,76.6,77.0,83.95,84.64,87.55,83.99,82.95,40.288,0.498,0.24,33.874,0.806,0.899,19.564,29.125,0.649,0.502,-0.125,0.392,16.99,2.693,0.068,1.057
E08000035,Leeds,E01011673,Leeds 064B,84750,72.06,77.37,92.64,77.74,91.26,88.84,85.09,79.07,86.93,95.35,88.37,95.22,85.39,85.96,74.59,86.28,91.54,81.56,93.97,74.53,83.58,85.95,88.96,95.85,91.09,97.12,92.72,93.31,75.0,82.13,92.64,80.44,92.96,82.52,84.52,70.091,0.705,0.297,75.01,0.797,1.944,20.23,85.733,0.959,0.807,1.773,0.45,15.307,2.91,1.712,1.333
E08000035,Leeds,E01011677,Leeds 064D,99000,72.14,83.48,93.4,80.76,90.56,88.66,87.1,78.92,90.02,96.42,89.12,93.87,85.19,86.21,74.99,87.71,90.93,82.74,92.85,74.93,83.86,85.79,88.39,95.73,90.93,96.47,92.55,92.96,75.25,86.12,92.68,82.38,92.02,82.61,85.48,64.218,0.684,0.349,63.258,1.143,0.662,16.832,58.886,0.989,0.556,0.877,0.513,14.264,2.101,1.214,0.392
E08000035,Leeds,E01011678,Leeds 063B,:,79.0,55.62,85.32,87.12,87.38,90.35,80.6,80.42,73.32,90.93,91.08,90.28,85.82,84.29,77.55,76.75,88.16,86.12,89.93,78.18,82.75,87.0,81.3,93.51,93.71,95.14,93.95,92.78,78.64,65.92,87.51,86.93,88.94,84.96,82.15,12.287,0.058,0.027,16.014,0.324,-0.005,18.207,40.594,0.696,0.516,0.393,0.167,17.812,2.306,0.318,1.627
E08000035,Leeds,E01011681,Leeds 063D,:,76.09,60.94,83.22,85.1,85.38,89.92,80.55,79.7,76.29,90.02,90.99,90.33,85.51,84.32,75.44,75.81,85.15,82.72,88.74,75.64,80.79,86.3,81.95,93.36,94.15,95.27,93.16,92.72,76.53,68.47,84.95,84.38,87.44,83.54,81.11,42.76,0.395,0.201,53.555,1.213,1.267,23.046,36.929,0.716,0.547,1.302,0.381,18.85,3.44,0.404,1.079
E08000035,Leeds,E01011684,Leeds 019C,343750,52.01,66.59,57.17,55.13,62.09,75.28,63.84,72.62,80.1,67.38,75.28,75.25,82.15,76.06,67.75,80.02,68.47,67.15,71.79,68.66,71.19,82.91,87.64,80.53,85.94,90.28,90.04,88.29,65.24,73.44,63.93,62.59,67.72,73.31,68.76,8.503,0.157,0.08,5.948,-0.876,-0.548,11.079,18.77,0.25,0.085,-0.772,0.17,31.248,-1.598,0.155,-0.242
E08000035,Leeds,E01011685,Leeds 109A,336750,55.9,60.53,48.7,67.22,73.89,79.58,68.53,74.68,77.67,66.35,81.85,81.87,83.1,78.84,70.04,79.68,66.38,73.09,77.39,70.49,74.25,82.95,82.53,75.16,84.46,88.67,89.96,86.7,67.86,69.98,59.12,71.23,76.16,76.21,72.46,3.384,0.062,0.041,0.756,-1.134,-0.259,6.216,15.225,0.096,0.067,-1.394,0.072,27.549,-3.324,-0.146,0.091
E08000035,Leeds,E01011686,Leeds 033E,213750,53.16,63.25,55.25,59.48,67.0,76.44,65.38,72.75,77.28,66.6,77.05,78.19,82.13,76.48,68.86,78.77,66.48,69.36,73.06,69.53,71.98,83.13,82.09,77.03,85.81,88.88,90.19,87.17,66.22,71.0,62.0,65.69,70.71,74.24,69.82,46.026,0.443,0.294,52.678,1.154,1.294,12.796,20.209,0.515,0.348,1.333,0.371,30.168,-0.623,0.179,-0.108
E08000035,Leeds,E01011687,Leeds 109B,380000,54.24,66.37,58.36,63.94,67.53,77.57,67.57,73.64,80.32,69.43,80.14,78.76,82.87,77.99,69.28,82.52,69.31,72.01,74.86,70.1,73.77,83.48,85.88,79.6,88.55,91.03,90.61,89.04,66.86,74.4,64.97,69.15,71.88,75.09,71.75,7.844,0.093,0.069,2.176,-0.923,0.346,5.991,27.006,0.093,0.117,-1.203,0.126,28.217,-3.948,0.287,0.403
E08000035,Leeds,E01011688,Leeds 031B,328000,57.85,63.08,63.61,64.46,87.87,82.05,74.0,75.24,85.86,74.97,79.12,92.16,83.89,81.67,69.46,80.8,70.32,70.12,84.33,70.37,75.7,83.89,87.91,84.9,88.12,95.68,90.79,90.9,68.01,72.23,67.98,68.37,86.44,77.34,75.63,14.011,0.197,0.109,7.989,0.049,0.266,6.059,16.866,0.245,0.212,-0.481,0.176,24.379,-2.404,-0.223,0.418
E08000035,Leeds,E01011689,Leeds 031C,277500,56.92,67.73,62.4,66.57,87.1,81.15,75.13,74.79,83.32,72.66,79.63,91.9,83.37,81.08,68.06,79.35,66.39,69.54,82.44,69.04,74.2,83.67,89.82,82.76,88.6,94.66,90.53,90.71,66.84,73.92,65.26,69.04,85.13,76.27,75.25,11.01,0.139,0.091,1.825,-0.295,0.11,6.507,30.32,0.156,0.195,-1.73,0.136,24.745,-2.227,0.481,0.259
E08000035,Leeds,E01011690,Leeds 109C,169250,58.75,62.89,58.0,73.0,85.94,81.96,74.8,76.02,79.02,74.56,85.97,90.95,84.1,81.99,70.9,82.5,72.09,77.39,85.68,71.53,78.07,83.85,86.81,81.69,90.21,95.53,90.85,91.03,69.24,72.5,66.5,76.16,86.19,77.87,77.21,6.01,0.045,0.042,1.282,-0.611,-0.275,5.496,36.339,0.107,0.035,-1.144,0.075,22.734,-2.388,0.588,0.58
E08000035,Leeds,E01011691,Leeds 031D,282550,59.77,61.0,68.13,67.7,92.14,83.38,75.87,75.56,80.35,76.83,79.65,93.94,83.85,81.47,70.01,78.66,74.0,73.14,88.18,71.03,77.16,84.12,86.21,86.73,89.07,96.79,91.02,91.42,68.83,69.93,71.97,71.29,90.38,78.26,77.12,27.687,0.303,0.177,22.822,0.844,0.969,8.243,21.72,0.418,0.401,0.495,0.234,22.851,-1.059,-0.155,0.779
E08000035,Leeds,E01011692,Leeds 109D,229000,59.88,60.52,64.66,71.78,88.51,83.38,75.28,75.92,76.5,75.24,82.33,90.8,83.98,81.0,70.25,79.04,73.26,74.62,86.83,71.07,77.15,83.95,85.24,84.16,89.5,96.31,90.88,91.08,69.06,69.63,70.02,73.99,87.92,78.29,76.84,7.951,0.076,0.07,1.941,-0.483,-0.437,5.231,37.943,0.086,0.084,-0.991,0.094,23.146,-2.653,0.656,0.542
E08000035,Leeds,E01011693,Leeds 109E,240000,60.7,60.34,68.7,70.32,92.4,84.02,76.46,75.85,78.93,77.77,81.62,95.1,84.13,81.95,69.8,77.76,74.32,73.48,88.65,70.77,77.1,84.15,87.05,87.02,90.53,97.87,91.13,92.17,68.94,69.12,72.42,72.74,90.79,78.45,77.36,12.883,0.109,0.054,2.523,-0.027,0.201,7.437,55.557,0.252,0.18,-0.817,0.088,22.587,-1.369,1.116,0.52
E08000035,Leeds,E01011694,Leeds 109F,362250,60.63,56.76,65.45,76.27,88.58,84.04,75.3,76.63,77.42,78.63,87.06,91.39,84.56,82.4,71.62,80.51,76.2,78.9,87.76,72.16,78.93,84.08,82.25,83.6,89.74,95.29,91.02,90.55,70.21,68.34,72.07,78.39,88.45,79.15,77.89,5.812,0.062,0.038,0.851,-1.029,-0.231,5.875,37.38,0.076,0.076,-1.674,0.103,22.08,-2.042,0.64,0.534
E08000035,Leeds,E01011695,Leeds 019D,230000,50.76,68.89,60.03,53.2,68.92,74.64,66.0,71.43,80.56,68.41,71.41,77.38,81.2,75.26,66.3,78.88,69.0,63.86,71.8,67.11,69.93,82.01,85.09,79.08,81.73,87.67,89.06,85.95,63.87,74.17,65.49,59.84,70.89,72.21,68.91,42.762,0.454,0.254,38.763,1.002,1.406,24.538,15.239,0.611,0.392,0.926,0.326,31.055,2.561,0.113,-0.83
E08000035,Leeds,E01011696,Leeds 006B,675000,25.77,31.15,24.51,33.32,42.11,43.6,36.1,51.4,50.08,41.26,50.52,55.89,59.31,52.93,47.14,40.17,43.93,43.78,48.98,50.9,46.34,80.66,67.84,70.48,76.67,83.96,88.01,81.11,43.19,36.19,35.71,39.78,46.31,48.63,42.85,4.056,0.044,0.039,1.212,-1.319,-0.678,25.979,4.76,0.066,0.029,-1.597,0.115,57.361,-3.128,-0.622,-0.507
E08000035,Leeds,E01011697,Leeds 002A,343750,41.06,37.64,24.14,43.37,36.68,44.3,40.21,52.31,58.06,43.73,56.66,56.27,53.26,54.9,45.64,49.6,37.39,47.44,47.17,43.8,46.73,79.21,70.12,63.92,75.56,81.64,86.6,79.6,45.76,44.05,32.12,46.4,42.98,45.13,44.86,10.498,0.116,0.076,8.39,-0.036,-0.417,26.775,6.084,0.226,0.137,-0.804,0.204,54.749,-1.758,-0.368,-1.073
E08000035,Leeds,E01011698,Leeds 001A,295000,50.99,56.5,55.46,58.48,72.98,59.63,63.05,53.98,69.64,61.21,68.94,80.68,57.63,63.91,48.4,59.52,58.72,55.76,72.72,49.5,58.33,79.54,69.72,69.24,77.9,89.47,87.14,82.76,49.99,58.81,57.72,57.95,73.34,55.17,60.76,6.601,0.092,0.073,8.078,-0.365,-0.413,13.043,4.89,0.132,0.044,-0.42,0.171,39.203,-4.809,-0.541,-0.669
E08000035,Leeds,E01011699,Leeds 001B,340500,49.35,48.41,45.57,49.46,61.3,58.46,55.04,53.72,66.05,57.82,65.61,76.31,57.25,61.96,47.78,56.22,53.31,51.59,65.42,48.64,54.79,79.84,70.16,68.79,77.9,88.72,87.44,82.67,49.18,52.96,50.43,51.75,64.21,54.2,55.56,2.484,0.046,0.039,2.038,-0.7,-1.815,16.772,3.242,0.043,0.033,-1.244,0.125,44.346,-5.239,-0.718,-0.71
E08000035,Leeds,E01011700,Leeds 002B,352000,52.56,60.29,60.45,62.95,80.01,58.94,67.3,54.58,72.72,65.09,72.16,87.05,57.8,66.23,49.27,60.86,63.6,58.22,78.23,49.86,60.81,80.37,77.2,74.08,83.43,95.08,87.92,86.9,50.98,61.54,62.64,61.33,79.59,55.03,63.94,9.657,0.078,0.082,6.779,0.473,0.006,11.268,8.194,0.102,0.063,-1.576,0.207,36.068,-3.797,-0.435,-0.254
E08000035,Leeds,E01011701,Leeds 001C,358000,50.69,57.99,58.06,61.44,75.39,59.81,64.77,53.88,70.2,63.24,71.1,82.57,57.71,64.64,50.58,62.1,63.28,60.44,76.26,51.93,61.43,79.07,68.2,69.21,78.59,88.41,86.63,82.27,51.3,60.73,61.37,61.69,76.3,56.39,63.13,3.867,0.072,0.064,1.928,-0.63,-0.837,12.071,4.478,0.099,0.044,-1.102,0.109,36.739,-3.489,-0.631,-0.554
E08000035,Leeds,E01011702,Leeds 001D,665000,45.76,44.27,46.6,52.13,57.31,56.52,52.56,53.4,66.95,60.52,69.37,76.56,57.86,62.69,49.8,55.65,57.18,56.75,65.38,51.27,56.48,79.29,70.03,70.44,81.32,87.67,86.78,82.96,49.64,50.59,53.05,55.73,62.41,54.59,55.5,1.438,0.025,0.03,0.71,-1.494,-1.205,16.536,2.231,0.035,0.022,-1.994,0.105,44.331,-6.534,-1.0,-0.629
E08000035,Leeds,E01011703,Leeds 001E,580000,44.61,38.67,42.71,48.29,51.08,56.47,48.19,53.07,61.8,56.36,64.94,69.55,57.58,59.89,49.95,52.76,53.94,54.47,60.97,51.22,54.44,78.76,66.13,68.77,79.53,85.74,86.25,81.33,49.43,46.14,49.48,52.61,57.05,54.53,52.47,1.888,0.015,0.039,0.868,-1.192,-2.587,18.782,2.125,0.029,0.012,-2.108,0.113,47.439,-5.436,-0.783,-1.007
E08000035,Leeds,E01011704,Leeds 002C,270000,51.86,62.13,62.87,67.27,84.32,58.32,69.78,54.39,73.1,65.62,73.85,87.88,57.74,66.61,51.3,63.02,66.79,63.57,82.2,52.38,63.97,80.64,77.89,74.72,84.68,95.22,88.12,87.4,52.09,63.45,65.41,65.96,83.56,55.92,66.61,14.772,0.168,0.11,12.437,0.019,0.378,11.602,20.092,0.167,0.204,-0.257,0.21,33.287,-1.993,-0.188,0.683
E08000035,Leeds,E01011705,Leeds 002D,216500,52.73,66.04,65.15,68.32,83.27,57.81,70.86,54.63,73.99,66.65,73.38,85.71,57.19,66.37,50.61,63.36,67.55,62.39,80.29,51.24,63.09,80.19,76.45,73.16,81.94,92.84,87.65,85.72,51.88,65.69,66.85,65.8,82.02,55.11,66.57,23.982,0.255,0.172,36.396,0.582,-0.038,15.847,11.299,0.329,0.258,0.761,0.329,33.319,-0.265,-0.238,-0.218
E08000035,Leeds,E01011706,Leeds 006C,690000,28.93,35.73,26.3,35.29,43.85,44.86,38.85,50.3,52.26,42.25,51.78,55.44,57.38,52.7,45.54,40.37,44.22,44.38,48.7,49.28,45.78,79.72,67.23,66.15,74.77,79.95,87.24,78.94,42.72,38.8,36.67,41.02,46.93,48.29,43.64,4.311,0.035,0.026,0.851,-1.787,-0.934,25.933,14.895,0.049,0.024,-1.684,0.104,56.379,-2.729,-0.086,-0.089
E08000035,Leeds,E01011707,Leeds 005A,339164,36.44,70.33,35.27,47.81,48.52,52.22,53.99,51.05,78.67,50.09,63.13,64.01,55.42,59.79,43.75,63.99,43.28,50.29,52.82,46.64,50.92,81.15,82.43,68.3,78.87,85.58,88.55,83.66,43.35,68.46,40.32,50.21,51.52,50.26,52.94,13.026,0.153,0.104,11.682,0.127,-0.023,20.042,4.518,0.271,0.123,-0.119,0.186,47.045,-3.156,-0.616,-0.575
E08000035,Leeds,E01011708,Leeds 006D,495000,17.0,15.7,2.5,40.68,12.61,40.41,22.09,53.06,32.62,19.68,48.37,31.45,62.04,46.82,45.97,37.53,30.24,46.17,34.93,50.4,41.78,80.0,60.88,61.32,76.36,72.3,87.39,76.23,40.72,26.03,18.08,43.97,24.79,47.16,34.38,8.343,0.076,0.055,2.672,-0.885,-0.995,36.151,14.71,0.096,0.06,-1.204,0.138,65.711,-0.416,-0.108,-0.062
E08000035,Leeds,E01011709,Leeds 005B,535000,37.98,71.5,47.39,54.1,62.69,52.9,60.41,51.4,80.26,55.61,66.5,71.96,55.3,62.09,43.59,65.27,48.31,52.43,60.35,45.76,53.46,80.97,85.64,71.73,81.15,88.73,88.37,85.51,43.64,69.71,48.44,54.24,62.07,50.15,57.02,4.714,0.091,0.059,2.606,-0.619,-0.986,17.912,4.223,0.099,0.064,-1.09,0.13,42.905,-2.599,-0.589,-0.722
E08000035,Leeds,E01011710,Leeds 005C,330000,33.0,52.44,29.22,45.48,36.71,49.96,44.29,49.9,73.64,45.19,61.78,56.02,55.48,57.0,42.15,58.23,37.52,48.06,43.08,45.74,46.35,80.79,82.66,67.64,77.58,82.1,88.05,82.21,41.39,56.34,34.43,48.0,40.93,48.81,46.46,7.406,0.074,0.059,1.536,-0.54,-0.927,27.392,18.432,0.084,0.078,-1.796,0.13,53.515,-1.181,0.164,-0.331
E08000035,Leeds,E01011711,Leeds 005D,440750,37.96,60.04,51.15,53.13,63.87,51.51,57.49,51.18,74.79,56.19,64.18,71.57,54.43,60.73,43.28,61.07,50.96,51.8,61.81,44.85,52.95,80.21,81.29,72.22,79.07,87.05,87.57,83.87,43.4,61.61,51.51,53.33,63.32,49.02,55.48,8.366,0.082,0.064,2.535,-0.787,0.149,19.277,27.369,0.105,0.073,-1.163,0.133,44.487,-2.436,0.438,0.041
E08000035,Leeds,E01011712,Leeds 005E,310000,25.55,26.73,8.68,41.4,30.5,43.46,32.24,49.13,60.23,32.34,56.99,49.67,56.05,52.86,40.8,48.38,27.07,44.94,35.57,44.92,41.42,81.85,78.58,62.74,76.24,78.75,89.04,80.63,38.76,37.92,19.49,44.34,34.05,45.5,38.74,12.924,0.103,0.067,7.13,-0.85,0.08,37.352,26.747,0.141,0.091,-0.627,0.176,61.374,0.706,0.458,-0.1
E08000035,Leeds,E01011713,Leeds 006E,620000,19.91,14.63,2.18,32.33,10.03,41.89,20.08,56.89,31.25,19.99,45.9,30.93,65.31,48.14,51.24,40.29,34.66,45.57,39.06,55.51,45.4,80.96,63.19,64.46,77.34,75.13,88.05,77.96,45.29,26.57,20.33,39.88,25.68,50.5,35.58,5.333,0.039,0.037,1.552,-1.416,-0.758,32.041,7.292,0.048,0.034,-1.304,0.113,64.546,-1.764,-0.576,-0.146
E08000035,Leeds,E01011714,Leeds 029A,265000,48.77,47.99,45.16,55.67,54.96,70.21,55.33,66.82,64.74,56.04,62.05,65.03,75.79,66.83,65.43,70.21,61.33,63.6,63.62,66.07,65.71,82.56,72.57,75.29,82.12,84.36,89.57,83.76,62.22,58.66,54.51,60.06,59.9,69.25,61.77,9.481,0.134,0.087,11.205,-0.275,-0.066,13.645,2.843,0.174,0.133,-0.188,0.188,38.214,-3.063,-0.974,-0.502
E08000035,Leeds,E01011715,Leeds 022C,275000,39.58,30.52,24.1,39.98,40.4,60.57,40.34,64.53,59.59,44.61,57.12,60.27,73.16,63.12,61.24,57.47,47.98,53.48,51.08,62.51,56.72,81.73,69.9,68.0,78.47,80.18,88.8,80.82,57.15,43.76,37.84,47.94,46.82,62.96,50.78,5.616,0.059,0.058,2.884,-0.774,-0.396,23.843,6.606,0.123,0.039,-1.406,0.15,49.234,-1.668,-0.525,-0.339
E08000035,Leeds,E01011716,Leeds 029B,298500,48.74,43.8,37.29,52.62,57.55,70.53,54.14,69.44,64.48,57.23,63.91,72.1,78.24,69.66,66.43,67.31,58.9,62.36,65.47,67.11,65.8,83.25,73.98,77.45,83.68,88.71,90.24,85.86,63.21,55.2,49.85,58.27,62.34,70.09,61.56,10.02,0.129,0.085,10.384,-0.528,0.345,14.765,7.607,0.193,0.062,-0.404,0.2,38.478,-2.409,-0.332,-0.666
E08000035,Leeds,E01011717,Leeds 029C,250000,50.04,49.94,46.72,60.02,62.18,72.1,59.22,68.32,67.91,61.51,66.43,70.09,77.33,69.69,66.68,72.61,64.21,66.99,68.7,67.23,68.52,82.83,74.83,77.48,83.09,85.54,89.84,84.75,63.51,60.88,56.92,63.94,65.94,70.79,65.02,22.865,0.25,0.148,26.034,0.669,0.64,12.682,12.111,0.346,0.262,0.588,0.255,34.974,-2.075,-0.274,-0.028
E08000035,Leeds,E01011718,Leeds 029D,198000,50.35,53.68,51.72,61.26,63.74,72.97,61.25,67.12,71.7,61.89,65.99,69.6,76.22,69.44,66.87,73.86,65.57,67.32,69.36,67.24,69.06,82.83,77.26,77.89,84.46,86.32,89.87,85.55,63.53,63.58,59.82,64.61,66.95,71.09,66.09,27.173,0.285,0.157,30.334,0.989,1.101,12.417,4.378,0.378,0.285,0.651,0.29,33.911,-1.815,-0.628,-0.583
E08000035,Leeds,E01011719,Leeds 022D,338000,40.06,35.96,21.62,45.99,40.39,61.57,42.96,65.03,65.75,43.86,62.07,60.58,73.04,64.99,61.63,59.81,47.52,56.94,52.17,62.17,58.0,82.17,75.75,68.84,82.47,83.08,89.23,83.34,57.59,47.95,36.49,52.61,47.38,63.25,52.65,8.411,0.105,0.081,5.708,-0.179,-0.71,20.485,8.274,0.12,0.13,-1.114,0.183,47.449,-2.968,-0.302,-0.606
E08000035,Leeds,E01011720,Leeds 029E,165000,52.64,66.79,61.64,70.83,81.2,76.97,72.82,68.99,79.43,69.71,74.97,82.74,78.02,75.21,68.9,78.25,72.77,73.97,80.61,69.27,74.76,83.43,82.54,81.13,88.75,90.31,90.47,88.57,65.61,72.75,68.25,72.7,81.1,74.02,74.15,42.985,0.397,0.279,51.952,1.161,1.183,9.03,22.781,0.53,0.366,1.243,0.378,25.859,-1.222,0.187,0.187
E08000035,Leeds,E01011721,Leeds 041A,130000,51.31,67.27,61.63,69.37,76.01,75.52,70.81,68.47,80.53,68.88,75.66,81.19,77.36,74.91,68.53,78.47,72.38,73.39,78.84,68.39,74.06,83.27,84.08,81.01,89.57,91.78,90.29,89.27,65.0,73.15,68.01,71.84,77.81,72.89,72.95,46.204,0.452,0.255,52.454,1.034,1.713,10.734,33.352,0.607,0.293,1.413,0.356,27.043,-0.755,0.68,-0.066
E08000035,Leeds,E01011722,Leeds 041B,169950,49.45,64.38,55.5,65.96,73.87,73.68,68.08,68.41,81.4,68.55,75.94,81.51,76.82,75.04,67.98,77.29,69.22,71.76,78.3,67.44,73.1,83.01,81.6,79.43,88.45,90.95,90.02,88.36,64.22,71.18,63.66,69.58,76.59,71.56,71.37,31.717,0.337,0.166,49.116,0.685,1.454,8.132,5.859,0.497,0.256,1.473,0.317,28.578,-2.324,-0.617,-0.309
E08000035,Leeds,E01011723,Leeds 041C,168750,50.77,68.96,61.72,69.62,78.11,75.27,71.83,68.48,81.34,69.61,76.26,81.97,77.02,75.23,68.08,78.02,70.43,72.46,78.76,67.6,73.54,82.99,81.89,79.79,88.19,91.02,89.96,88.36,64.59,73.88,67.03,71.53,78.75,72.38,73.11,49.103,0.48,0.26,56.285,1.54,1.79,9.303,12.736,0.628,0.476,1.352,0.392,26.779,-1.282,-0.073,-0.485
E08000035,Leeds,E01011724,Leeds 041D,162500,52.76,75.12,65.11,72.99,85.23,77.61,76.87,69.95,84.59,75.21,79.21,86.35,78.4,77.73,69.57,80.83,74.58,75.08,84.31,69.48,76.6,83.79,86.4,84.38,90.67,93.81,90.76,90.69,66.2,78.5,70.92,74.5,84.95,74.45,76.93,42.632,0.391,0.227,63.04,1.105,1.646,11.151,11.661,0.559,0.305,1.61,0.396,23.077,-0.054,-0.367,0.088
E08000035,Leeds,E01011725,Leeds 078A,149000,57.84,64.69,62.55,63.27,81.02,78.5,71.76,75.59,75.57,71.11,74.98,84.61,82.31,78.3,71.37,76.48,71.85,71.42,82.75,70.8,75.45,85.56,86.77,83.86,87.47,94.98,92.72,91.0,69.28,70.68,68.2,68.18,82.19,75.79,74.33,63.209,0.586,0.327,66.451,1.422,2.045,16.082,37.775,0.768,0.526,1.591,0.42,25.754,1.082,0.629,0.607
E08000035,Leeds,E01011726,Leeds 080A,197000,51.49,60.06,48.49,55.07,68.86,73.91,63.5,74.24,73.75,65.49,69.3,78.76,81.49,75.42,68.87,74.42,60.93,63.58,70.72,67.68,69.38,85.59,84.93,79.63,86.99,91.54,92.87,89.52,66.07,67.27,56.07,60.35,70.39,72.17,67.63,43.724,0.426,0.228,45.445,1.028,1.953,22.428,21.848,0.63,0.245,0.949,0.373,32.426,1.795,0.15,0.175
E08000035,Leeds,E01011727,Leeds 080B,178750,51.39,53.14,52.36,52.15,68.35,74.87,61.21,74.15,71.23,66.8,67.46,78.13,81.58,74.67,69.4,73.05,63.69,63.91,71.8,68.41,69.81,85.51,83.48,81.35,86.98,91.94,92.79,89.54,66.37,62.92,59.27,59.11,70.68,72.96,66.88,18.638,0.141,0.124,16.077,0.047,1.08,14.831,26.357,0.227,0.057,-0.114,0.238,33.339,-0.62,-0.083,1.078
E08000035,Leeds,E01011728,Leeds 080C,180000,46.36,33.81,21.63,45.11,39.5,65.67,43.27,73.79,62.04,52.02,64.4,63.38,80.47,69.99,67.79,60.92,50.86,59.29,57.67,67.8,62.43,85.74,73.32,73.64,82.34,83.57,93.08,84.74,64.17,47.1,38.6,53.56,49.88,68.37,55.48,14.19,0.102,0.076,17.886,-0.404,0.758,21.914,26.807,0.222,0.047,0.258,0.213,44.53,-1.138,0.278,0.407
E08000035,Leeds,E01011729,Leeds 078B,133000,64.75,71.18,68.46,72.52,92.52,81.13,80.05,77.73,80.07,79.66,83.45,93.51,83.69,82.94,72.58,77.04,75.81,75.45,90.58,72.05,78.79,86.05,88.18,87.66,89.31,97.21,93.2,92.56,71.9,74.57,73.19,74.8,91.74,77.69,79.76,51.576,0.447,0.273,56.199,1.385,1.8,13.277,43.068,0.618,0.345,1.557,0.358,20.22,0.83,0.778,0.643
E08000035,Leeds,E01011730,Leeds 078C,232995,55.93,62.28,50.67,57.76,73.81,75.17,66.89,74.77,71.12,63.63,67.56,76.51,80.91,74.56,70.23,75.17,64.14,66.24,75.85,69.28,71.9,85.77,81.12,79.4,83.91,89.92,93.01,88.03,68.0,68.62,58.66,62.68,75.08,73.44,70.23,48.968,0.503,0.28,54.185,0.882,1.556,18.95,28.237,0.741,0.31,1.568,0.342,29.814,1.309,0.261,0.593
E08000035,Leeds,E01011731,Leeds 081B,207000,62.84,63.13,53.51,63.77,79.4,77.74,71.2,77.07,74.86,69.17,77.57,85.05,82.43,79.31,71.0,72.06,64.96,67.88,80.16,70.17,73.07,85.67,78.68,79.75,84.11,90.43,92.72,87.92,70.36,67.94,60.53,66.85,80.18,75.16,72.94,12.458,0.137,0.089,17.077,0.106,-0.01,7.332,18.468,0.194,0.113,-0.51,0.282,26.96,-2.313,0.241,-0.691
E08000035,Leeds,E01011732,Leeds 081C,150000,66.43,66.01,57.24,68.61,86.3,80.22,75.8,77.86,79.04,74.58,81.87,90.28,83.43,81.96,72.49,74.35,69.7,72.83,86.35,71.86,76.58,86.25,85.14,84.9,88.39,95.14,93.43,91.37,72.23,70.65,64.89,71.71,86.66,77.17,76.82,13.951,0.162,0.093,19.762,0.128,0.1,7.82,18.051,0.331,0.127,0.032,0.263,23.124,-1.282,-0.113,0.344
E08000035,Leeds,E01011733,Leeds 081D,209500,68.59,55.9,54.58,66.13,83.92,79.96,72.08,78.31,74.49,73.45,79.68,89.73,83.31,81.07,73.42,70.96,68.52,72.24,84.84,73.16,75.88,86.8,83.45,85.81,88.87,95.37,94.02,91.61,73.37,63.65,63.07,70.18,84.8,77.65,74.91,15.517,0.152,0.102,13.64,0.102,0.545,9.197,28.755,0.245,0.101,-1.039,0.272,25.1,-1.013,0.43,0.227
E08000035,Leeds,E01011734,Leeds 083A,211000,61.99,46.62,52.2,48.69,69.76,73.02,60.5,76.68,64.83,66.93,65.37,79.46,81.55,74.78,72.1,65.34,63.81,63.08,75.36,71.61,70.38,86.76,78.44,82.9,83.49,90.79,94.09,88.44,70.82,55.86,59.27,57.05,73.17,73.61,66.9,6.806,0.12,0.058,7.721,-0.818,-0.297,12.368,14.657,0.207,0.099,-0.916,0.201,33.197,-1.585,-0.435,0.517
E08000035,Leeds,E01011735,Leeds 078D,159997.5,53.85,65.07,46.09,54.39,70.62,72.63,65.34,74.85,74.84,64.22,67.63,79.85,80.97,75.68,70.27,76.2,60.89,64.61,73.96,69.48,71.24,85.87,82.8,78.66,83.85,90.03,93.14,88.23,67.58,70.73,54.97,60.43,72.87,72.38,69.36,55.187,0.493,0.312,59.526,1.433,1.873,20.228,20.759,0.624,0.353,1.522,0.387,30.716,1.499,0.298,-0.444
E08000035,Leeds,E01011736,Leeds 083B,183500,66.18,59.66,59.0,63.07,83.88,78.17,72.19,77.73,76.31,74.22,76.94,89.55,82.83,80.57,73.16,72.36,70.17,71.26,85.31,72.95,76.04,86.79,85.71,87.01,88.57,96.05,94.07,92.05,72.58,66.32,65.89,68.16,85.01,76.69,74.99,13.427,0.144,0.093,18.937,-0.283,-0.051,9.195,30.915,0.177,0.103,0.073,0.249,24.98,-0.992,0.502,0.264
E08000035,Leeds,E01011737,Leeds 083C,137000,59.83,61.09,57.48,55.64,78.23,73.99,68.18,75.98,72.01,69.25,67.37,83.91,81.33,76.53,71.89,74.36,67.4,66.87,80.75,71.6,73.93,86.48,83.44,84.45,85.07,93.45,93.8,90.06,70.11,67.7,63.56,62.06,79.9,74.02,71.96,48.637,0.416,0.264,54.08,0.88,1.529,15.117,59.736,0.67,0.241,1.631,0.328,28.087,0.486,1.176,0.66
E08000035,Leeds,E01011738,Leeds 083D,305250,48.6,53.89,28.38,50.81,49.94,68.16,53.65,74.08,71.23,56.82,67.26,68.91,80.57,72.83,68.73,67.77,52.39,61.28,61.4,68.39,65.23,85.59,78.86,74.93,82.7,85.29,92.92,85.91,65.32,61.06,42.5,57.22,56.72,69.79,61.32,13.081,0.13,0.095,10.243,-0.31,0.775,16.685,13.739,0.179,0.085,-0.879,0.229,38.772,-1.516,-0.041,-0.411
E08000035,Leeds,E01011739,Leeds 080D,158000,53.46,54.58,63.68,55.59,77.56,77.77,65.99,74.19,72.45,70.94,69.35,80.81,81.85,75.7,70.91,75.55,71.33,68.35,79.81,70.61,73.9,85.07,81.13,82.32,85.01,93.4,92.3,89.18,67.81,64.81,68.41,62.92,78.97,75.33,71.01,51.414,0.458,0.292,65.889,1.254,1.64,19.152,14.747,0.673,0.294,1.409,0.446,29.245,1.438,-0.432,0.523
E08000035,Leeds,E01032487,Leeds 097F,220500,39.81,52.01,51.53,45.68,78.54,62.61,59.8,67.01,67.8,65.4,56.76,89.03,74.08,70.42,68.37,66.7,68.05,60.15,76.58,67.39,69.13,85.59,79.7,86.4,80.02,93.73,92.92,88.44,62.12,59.43,61.21,53.65,78.2,66.25,65.62,32.227,0.358,0.206,36.684,0.789,0.645,24.505,8.28,0.504,0.309,0.861,0.317,34.304,2.011,-0.278,-0.705
E08000035,Leeds,E01032488,Leeds 097G,269995,40.81,47.91,46.63,45.74,72.59,63.44,56.98,67.65,65.14,62.25,56.83,83.17,74.47,69.37,68.66,65.48,64.43,60.21,72.42,67.8,67.86,85.53,76.55,82.4,78.47,91.4,92.77,86.87,62.62,56.61,57.03,53.7,73.15,66.86,63.75,6.262,0.081,0.08,6.532,-0.424,-0.648,14.791,5.349,0.125,0.044,-1.154,0.195,36.256,-1.508,-0.692,-0.296
E08000035,Leeds,E01032489,Leeds 102F,166750,52.96,68.73,58.94,75.99,88.61,72.74,75.94,71.5,81.68,64.14,77.72,89.58,78.97,78.17,70.75,77.02,67.84,73.79,87.32,70.22,76.68,86.12,87.82,80.01,87.82,96.79,93.46,91.75,67.21,73.36,64.24,75.05,88.15,72.61,76.64,16.105,0.172,0.101,15.812,0.201,0.523,4.995,26.517,0.305,0.165,0.235,0.191,23.393,-2.881,0.432,-0.05
E08000035,Leeds,E01032490,Leeds 102G,270000,51.41,57.13,49.55,64.83,77.34,71.26,66.73,70.03,72.61,57.5,67.2,77.33,77.75,72.36,68.77,72.39,62.15,66.66,78.59,68.04,71.57,86.1,84.37,77.56,83.98,92.63,93.48,89.22,65.39,64.81,56.89,65.92,78.09,70.81,69.82,5.803,0.091,0.058,6.245,-0.535,0.052,7.858,6.805,0.19,0.065,-1.088,0.189,30.273,-3.21,-0.502,-0.351
E08000035,Leeds,E01032491,Leeds 102H,222000,51.3,48.45,45.07,59.35,70.94,70.23,61.2,69.82,69.12,56.2,65.55,74.98,77.88,71.14,67.07,68.28,58.46,63.12,73.84,65.94,68.28,86.12,78.34,75.62,81.06,90.01,93.59,87.11,64.25,58.31,52.92,61.68,72.71,69.37,65.8,4.308,0.07,0.052,5.713,-0.492,-0.512,10.406,6.574,0.129,0.054,-1.317,0.189,34.338,-3.328,-0.547,-0.301
E08000035,Leeds,E01032492,Leeds 102I,133400,53.53,71.86,61.91,78.28,90.89,73.11,78.11,71.53,84.39,68.03,79.99,92.51,79.29,79.49,70.67,79.19,70.27,75.6,89.78,70.11,78.01,86.34,90.98,82.84,89.62,97.85,93.7,93.0,67.3,76.07,66.96,77.1,90.55,72.76,78.3,33.488,0.342,0.185,30.59,1.03,1.121,8.93,36.331,0.518,0.337,0.585,0.301,21.708,-0.657,0.678,0.301
E08000035,Leeds,E01032493,Leeds 033F,215000,49.68,49.22,52.71,50.49,64.65,73.74,58.41,72.32,60.91,60.63,69.87,73.65,80.54,71.92,71.79,71.39,67.85,69.5,77.03,72.17,72.94,83.71,77.96,78.67,84.63,90.62,90.65,87.25,67.27,59.61,61.43,61.32,71.42,74.11,67.17,7.195,0.098,0.069,7.574,-0.08,-0.773,9.543,13.196,0.143,0.091,-0.454,0.167,32.805,-3.142,0.006,-0.787
E08000035,Leeds,E01032494,Leeds 033G,225000,51.42,60.35,56.24,53.56,68.51,75.08,63.63,72.42,72.06,68.19,73.98,80.81,81.19,75.5,71.11,75.22,67.56,68.77,76.04,71.47,72.94,83.46,84.97,81.16,86.33,92.24,90.43,88.87,67.24,67.68,63.07,62.6,73.01,74.45,69.55,36.49,0.421,0.219,49.844,0.535,1.041,15.421,17.553,0.589,0.425,1.423,0.334,30.429,0.181,-0.121,0.305
E08000035,Leeds,E01032495,Leeds 105E,209750,,,,,,,,,,,,,,,,,,,,,,,,,,,,,,,,,,,,,,,,,,,,,,,,,,,
E08000035,Leeds,E01032496,Leeds 105F,191000,41.61,54.54,31.9,40.32,57.38,66.07,53.09,69.62,73.58,59.91,58.28,74.23,77.32,70.38,69.18,73.17,60.15,59.35,66.41,68.21,67.53,85.59,86.14,81.82,81.34,90.62,92.77,88.25,63.42,63.83,48.3,51.05,62.85,68.49,62.1,11.642,0.137,0.073,10.45,-0.03,0.08,18.531,19.0,0.156,0.218,-0.634,0.218,37.914,-0.533,-0.329,0.788
E08000035,Leeds,E01032497,Leeds 099E,153000,50.96,65.17,82.65,52.48,81.59,74.23,69.52,73.59,75.58,82.79,69.8,81.09,79.98,76.0,68.6,75.97,80.13,64.74,80.79,66.97,72.98,85.06,81.18,88.65,82.24,93.3,92.09,88.84,65.69,70.71,81.74,59.84,81.29,71.86,71.96,44.121,0.435,0.253,52.693,0.708,1.889,21.896,13.85,0.565,0.341,0.947,0.42,28.012,2.34,-0.131,-0.116
E08000035,Leeds,E01032498,Leeds 099F,210000,49.72,66.5,83.64,51.57,90.27,74.08,72.13,73.67,80.67,86.83,70.9,90.23,80.37,78.51,69.52,79.44,82.1,66.65,86.91,68.13,75.86,85.1,84.5,88.72,82.05,96.03,92.19,89.97,66.01,73.17,83.37,60.47,88.72,72.37,74.71,23.908,0.188,0.148,33.632,0.297,1.033,12.9,26.875,0.264,0.079,0.473,0.342,25.274,0.215,0.153,0.69
E08000035,Leeds,E01032499,Leeds 067G,215000,61.2,57.72,70.89,66.68,80.61,80.82,71.42,76.89,72.55,80.07,80.54,85.68,83.66,79.81,72.88,74.13,77.56,74.5,84.57,73.04,76.87,85.75,83.92,87.09,89.75,95.65,92.93,91.62,71.18,65.86,75.19,71.59,82.97,78.01,75.06,14.779,0.148,0.098,19.26,-0.207,0.684,9.359,21.167,0.28,0.106,0.001,0.26,24.935,-0.92,-0.346,1.007
E08000035,Leeds,E01032500,Leeds 067H,133000,65.07,69.05,74.12,75.95,92.09,82.08,80.34,78.08,76.77,84.48,86.7,93.83,84.37,83.37,73.66,76.92,81.46,79.3,91.99,73.71,80.42,86.18,88.39,90.82,92.52,97.38,93.29,93.52,72.71,73.22,78.84,78.42,92.27,78.96,80.76,54.954,0.474,0.239,56.915,1.19,2.135,13.658,74.657,0.76,0.296,1.586,0.358,19.216,1.009,1.526,0.751
E08000035,Leeds,E01032501,Leeds 017E,338000,48.36,47.41,40.33,49.1,74.58,72.53,59.81,68.05,74.71,54.9,65.72,84.5,78.96,72.8,70.57,73.52,60.53,64.59,79.19,70.57,72.28,81.35,83.68,72.47,81.98,92.13,88.55,86.62,65.59,60.3,51.96,57.99,77.51,72.68,67.46,5.122,0.066,0.052,1.439,-0.558,-0.113,9.825,17.366,0.074,0.069,-1.247,0.103,32.488,-2.763,-0.374,0.7
E08000035,Leeds,E01032502,Leeds 017F,230000,50.11,47.77,44.15,48.99,71.99,73.94,59.67,68.72,69.91,56.5,63.67,79.77,79.23,71.39,69.23,73.25,60.75,63.27,76.52,69.41,70.86,81.22,80.5,72.61,80.46,90.33,88.37,85.39,65.22,60.12,53.78,57.14,74.77,72.8,66.55,33.858,0.393,0.205,28.853,0.91,1.029,19.441,16.602,0.529,0.348,0.669,0.272,33.405,0.8,-0.302,0.525
E08000035,Leeds,E01032503,Leeds 007E,394000,34.74,22.19,26.92,26.74,41.17,49.88,34.23,62.09,50.43,49.42,51.11,63.14,72.58,60.35,51.36,41.44,43.49,43.84,50.27,55.54,48.55,78.34,58.68,62.32,68.52,74.75,85.56,74.46,49.4,32.05,36.81,37.02,46.9,54.77,43.85,6.681,0.048,0.045,0.996,-0.915,-0.652,26.037,27.355,0.056,0.057,-1.64,0.108,56.1,-2.574,0.455,-0.014
E08000035,Leeds,E01032504,Leeds 007F,502497.5,27.5,35.47,34.83,31.15,51.28,51.9,41.14,62.53,50.38,50.29,48.63,64.23,72.71,60.34,56.22,49.46,47.58,48.23,54.12,59.05,53.49,80.37,71.03,73.23,77.11,86.28,87.51,82.22,50.96,42.45,42.45,40.89,53.43,57.34,49.19,6.602,0.132,0.063,0.503,-1.152,-0.403,22.431,5.375,0.279,0.027,-1.67,0.08,50.934,-3.183,-0.644,-0.358
E08000035,Leeds,E01032606,Leeds 067I,165750,55.59,54.0,66.69,61.46,82.1,79.53,68.84,75.05,74.0,75.12,75.61,86.7,83.03,78.44,72.28,73.4,74.45,71.95,83.99,72.46,75.85,85.13,81.12,83.98,87.61,95.33,92.31,90.4,69.28,63.67,71.53,67.7,83.4,77.1,73.38,28.944,0.257,0.192,36.295,0.439,0.877,12.394,33.973,0.407,0.122,0.971,0.296,26.763,-0.133,0.559,0.419
E08000035,Leeds,E01032607,Leeds 067J,159000,64.28,69.09,72.61,73.39,92.08,81.55,79.66,77.86,80.02,83.92,85.65,95.04,84.18,83.72,72.85,76.75,79.92,77.38,91.82,72.73,79.66,86.16,89.7,90.61,91.75,98.24,93.29,93.72,71.98,73.34,77.34,76.3,92.24,78.25,80.12,46.131,0.42,0.219,37.371,1.395,1.779,14.409,52.929,0.908,0.361,0.924,0.314,19.848,1.178,0.864,1.241
E08000035,Leeds,E01032608,Leeds 067K,160878,63.73,66.93,74.0,72.95,90.25,81.8,78.47,77.67,76.62,84.77,85.99,93.5,84.18,82.99,73.32,76.28,80.23,77.63,90.04,73.43,79.38,86.13,89.05,90.91,92.55,97.62,93.26,93.66,72.13,71.83,78.14,76.25,90.45,78.69,79.44,36.167,0.342,0.185,21.879,0.484,1.372,10.462,71.037,0.585,0.212,0.171,0.269,20.512,-0.023,1.479,0.572
E08000035,Leeds,E01032876,Leeds 109G,550000,52.61,55.69,43.45,58.76,64.54,76.46,61.93,73.69,74.74,62.71,77.57,77.67,82.39,76.5,67.47,75.7,60.66,66.8,71.09,68.34,69.82,82.93,82.67,74.9,85.66,88.89,89.89,87.01,65.34,65.58,53.65,64.16,68.59,73.71,67.32,1.938,0.045,0.031,1.403,-1.422,-0.799,8.509,10.843,0.071,0.032,-1.122,0.081,32.697,-4.218,-0.331,-0.081
E08000035,Leeds,E01032945,Leeds 044F,300000,,,,,,,,,,,,,,,,,,,,,,,,,,,,,,,,,,,,,,,,,,,,,,,,,,,
E08000035,Leeds,E01032946,Leeds 110G,322750,67.42,60.7,67.83,77.47,84.38,88.06,76.8,78.67,78.96,84.77,90.11,90.49,85.65,84.05,73.5,80.11,79.09,80.13,86.81,73.79,79.64,85.13,81.63,87.18,90.15,92.83,91.9,90.38,73.21,70.32,74.87,79.75,86.04,81.84,78.99,6.985,0.069,0.025,2.186,-0.014,-0.448,11.149,31.779,0.251,0.346,-0.956,0.101,21.007,0.14,0.563,0.171
E08000035,Leeds,E01033002,Leeds 055F,174950,78.7,69.37,84.22,89.43,90.51,91.18,85.65,79.7,80.14,85.96,89.61,88.09,85.2,84.16,76.98,85.12,87.47,88.31,91.81,77.53,84.72,86.44,82.15,89.96,92.13,93.95,93.27,91.79,78.1,77.08,86.48,88.9,91.18,84.98,85.19,22.655,0.329,0.108,18.621,0.46,0.52,19.526,23.219,0.51,0.666,0.006,0.253,14.743,2.764,-0.503,1.396
E08000035,Leeds,E01033003,Leeds 055G,109000,78.55,73.35,84.66,88.58,91.88,91.21,86.98,79.7,80.2,86.11,89.17,89.2,85.25,84.29,76.93,87.32,87.47,88.37,93.03,77.42,85.39,86.34,82.13,89.83,90.99,93.5,93.16,91.37,78.04,80.11,86.68,88.52,92.47,84.94,86.08,36.75,0.464,0.208,22.007,0.867,0.673,21.734,38.84,0.731,0.778,-1.283,0.351,13.881,3.331,0.142,1.817
E08000035,Leeds,E01033005,Leeds 055H,:,,,,,,,,,,,,,,,,,,,,,,,,,,,,,,,,,,,,,,,,,,,,,,,,,,,
E08000035,Leeds,E01033006,Leeds 063E,:,,,,,,,,,,,,,,,,,,,,,,,,,,,,,,,,,,,,,,,,,,,,,,,,,,,
E08000035,Leeds,E01033008,Leeds 111A,150000,80.41,56.13,90.28,93.5,93.89,91.63,84.34,80.82,75.54,95.75,95.56,94.74,86.13,86.33,78.86,80.29,92.84,91.23,94.23,79.85,85.95,86.49,74.46,94.02,92.05,95.02,93.28,91.49,79.85,67.82,92.34,92.54,94.25,86.34,85.49,18.915,0.109,0.038,4.895,1.295,0.044,20.042,54.741,0.946,0.263,-0.407,0.091,14.507,2.895,0.882,1.352
E08000035,Leeds,E01033010,Leeds 111B,190000,80.64,63.8,91.07,94.37,96.3,92.13,87.4,80.87,82.39,95.57,96.55,97.11,86.43,87.85,78.98,85.07,93.4,93.22,96.74,80.13,87.79,87.02,82.28,93.1,94.15,96.53,93.9,93.36,79.98,74.25,92.98,93.98,96.71,86.73,87.79,28.401,0.028,0.039,9.816,1.821,1.702,25.817,57.385,0.625,0.662,0.035,0.129,12.155,4.221,0.809,1.863
E08000035,Leeds,E01033011,Leeds 111C,175500,79.92,67.72,83.55,90.17,92.33,89.68,85.86,80.47,82.57,89.32,91.62,92.1,85.31,85.87,78.81,87.33,89.09,90.66,94.36,79.63,86.9,87.3,82.07,90.93,92.07,95.18,94.22,92.49,79.65,77.28,87.19,90.52,93.48,85.28,86.55,20.157,0.087,0.067,5.666,0.474,1.822,20.283,43.143,0.476,0.58,-0.27,0.046,13.325,2.987,0.257,1.968
E08000035,Leeds,E01033013,Leeds 082E,140000,77.87,54.78,68.42,78.99,83.18,85.92,76.36,79.97,73.81,79.35,85.98,86.59,84.32,82.39,76.96,74.97,78.3,81.55,85.88,77.1,80.06,87.69,81.3,86.77,91.14,93.73,94.79,91.74,77.95,64.74,74.5,80.79,84.84,82.3,78.9,34.029,0.404,0.196,25.112,0.892,0.946,17.475,31.889,0.656,0.555,0.201,0.297,21.086,1.906,-0.161,1.727
E08000035,Leeds,E01033015,Leeds 111D,194500,80.17,45.59,79.81,84.64,88.59,88.82,77.59,80.59,69.63,84.14,88.8,89.11,85.13,83.12,79.52,76.57,85.11,85.24,90.77,80.62,83.48,87.08,73.13,85.64,88.54,94.03,93.91,90.1,80.18,60.38,83.25,85.26,89.85,85.34,81.24,9.214,0.024,0.031,24.72,-0.393,-0.345,14.053,32.95,0.223,0.066,1.133,0.041,18.751,1.151,-0.454,2.275
E08000035,Leeds,E01033016,Leeds 111E,190000,80.42,54.67,80.64,85.48,92.6,89.07,81.47,80.43,76.14,84.27,87.1,90.99,84.8,83.94,79.6,83.47,86.07,87.11,93.43,80.61,85.67,87.35,76.84,84.62,87.07,93.32,94.29,90.03,80.27,68.44,84.13,86.41,93.08,85.42,84.0,14.395,0.088,0.042,38.025,0.186,0.474,15.129,22.695,0.951,0.27,1.717,0.071,15.944,1.586,-0.619,1.455
E08000035,Leeds,E01033018,Leeds 112D,217500,,,,,,,,,,,,,,,,,,,,,,,,,,,,,,,,,,,,,,,,,,,,,,,,,,,
E08000035,Leeds,E01033019,Leeds 112E,220000,,,,,,,,,,,,,,,,,,,,,,,,,,,,,,,,,,,,,,,,,,,,,,,,,,,
E08000035,Leeds,E01033021,Leeds 075E,132500,75.38,77.75,73.51,83.19,82.37,86.67,83.0,79.38,84.63,85.14,90.31,85.92,84.24,84.28,76.31,86.52,81.11,85.34,85.46,76.36,82.33,86.8,83.39,90.3,91.57,91.69,93.65,91.29,76.89,82.31,78.42,84.8,84.22,82.29,82.9,35.599,0.331,0.19,36.578,1.232,1.283,20.104,20.913,0.505,0.501,0.993,0.295,16.942,2.816,-0.419,1.074
E08000035,Leeds,E01033031,Leeds 064E,155000,77.98,82.56,89.58,87.13,92.21,90.59,89.35,80.1,89.85,93.88,92.31,94.62,85.82,87.36,77.04,89.68,89.86,87.85,93.75,77.47,86.01,86.46,90.46,95.24,92.56,96.72,93.29,93.83,78.03,86.47,90.37,87.89,93.25,84.73,87.6,32.896,0.352,0.142,20.031,0.723,1.807,21.408,35.857,0.802,0.726,-1.155,0.334,12.282,3.292,0.051,1.716
E08000035,Leeds,E01033032,Leeds 082F,192500,,,,,,,,,,,,,,,,,,,,,,,,,,,,,,,,,,,,,,,,,,,,,,,,,,,
E08000035,Leeds,E01033033,Leeds 075F,188500,78.88,73.26,80.38,88.02,88.75,88.88,85.54,80.15,85.03,87.79,91.33,89.28,85.03,85.5,77.93,87.35,87.07,89.2,90.69,78.5,85.31,87.53,87.58,93.89,95.31,95.59,94.53,94.13,78.82,80.33,84.68,88.86,89.88,84.36,85.56,10.482,0.103,0.055,3.573,0.219,-0.018,18.046,29.322,0.088,0.588,-0.781,0.126,14.265,2.414,-0.408,1.842
E08000035,Leeds,E01033034,Leeds 075G,169250,77.59,71.67,72.77,84.51,85.27,87.42,82.82,80.05,84.83,85.27,90.95,88.84,84.91,85.25,77.05,85.47,82.05,86.24,87.38,77.36,83.13,87.4,85.68,91.6,93.56,95.11,94.39,93.25,77.95,78.68,78.61,85.86,86.64,83.15,83.32,7.55,0.033,0.017,7.291,-0.146,-0.267,15.574,32.58,0.114,0.18,-0.085,0.035,16.481,1.691,0.05,1.416
E08000035,Leeds,E01033035,Leeds 064F,:,76.27,86.55,92.65,83.95,89.82,89.9,88.96,79.52,89.75,94.79,89.82,92.67,85.27,86.33,76.2,90.01,90.68,85.06,92.19,76.37,84.92,86.08,89.41,95.72,90.38,95.31,92.78,92.71,77.03,88.7,92.16,84.95,91.3,83.85,86.79,53.095,0.595,0.307,53.531,1.009,0.582,27.707,30.863,0.643,0.705,-0.344,0.573,13.033,4.562,0.632,-0.197
E08000036,Wakefield,E01011740,Wakefield 001A,125000,38.11,56.27,44.79,54.21,52.78,66.44,54.76,56.95,74.09,56.04,69.59,69.58,69.57,65.16,53.56,72.07,56.07,60.73,65.78,57.32,61.58,81.08,85.83,77.01,81.82,85.73,89.23,85.2,50.84,64.3,51.52,58.6,60.23,62.92,59.25,54.838,0.515,0.297,68.714,1.389,1.454,26.816,4.194,0.669,0.452,1.511,0.449,40.767,1.314,-0.584,-0.747
E08000036,Wakefield,E01011741,Wakefield 001B,187500,39.01,54.54,38.63,51.99,50.9,67.16,53.3,57.6,75.61,53.48,68.83,68.61,70.3,65.4,53.41,71.08,53.18,58.88,63.91,57.58,60.51,81.65,86.42,76.4,81.55,86.04,89.75,85.46,51.04,63.04,47.21,56.67,58.4,63.43,58.12,19.664,0.191,0.14,34.772,0.463,0.012,17.209,2.892,0.328,0.138,0.236,0.372,41.848,-2.492,-0.738,-0.787
E08000036,Wakefield,E01011742,Wakefield 001C,116500,42.11,65.23,50.1,60.33,60.16,69.49,61.56,58.41,79.95,61.06,74.93,75.24,71.04,68.61,55.94,76.83,60.99,65.75,71.8,59.04,65.75,81.92,89.82,81.24,85.44,89.22,90.02,87.92,53.47,71.35,56.63,64.12,66.85,65.24,64.41,47.35,0.457,0.245,61.622,1.194,1.638,19.582,15.697,0.617,0.423,1.238,0.442,35.55,0.379,-0.135,0.124
E08000036,Wakefield,E01011743,Wakefield 003A,206500,39.92,37.75,28.25,42.43,42.55,67.11,44.29,58.0,66.31,47.77,62.07,62.29,70.63,62.12,50.51,61.4,46.12,50.11,52.27,56.2,53.29,82.26,77.81,73.71,79.01,84.95,90.32,83.77,49.44,49.6,38.74,47.72,48.48,62.79,50.49,9.551,0.072,0.092,12.942,0.022,-0.457,20.245,3.953,0.134,0.037,-0.521,0.239,49.464,-5.109,-0.846,-0.386
E08000036,Wakefield,E01011744,Wakefield 003B,217000,42.77,43.55,32.63,47.41,51.64,68.85,50.19,59.08,69.91,53.24,66.83,69.06,71.6,65.14,51.43,65.0,49.35,53.55,57.68,56.91,56.27,82.53,77.58,76.75,80.15,86.87,90.54,84.79,50.82,54.38,42.56,51.92,55.62,64.0,54.65,8.979,0.081,0.07,13.484,0.071,-0.561,18.575,10.599,0.163,0.036,-0.798,0.261,45.92,-3.891,-0.621,0.306
E08000036,Wakefield,E01011745,Wakefield 001D,133000,33.5,39.24,39.46,45.4,44.75,62.29,44.92,54.63,63.36,48.88,61.09,61.51,67.36,59.67,51.26,66.04,53.22,56.65,60.88,55.97,57.76,79.99,78.3,70.98,76.94,80.83,88.18,81.26,48.01,52.21,47.42,52.13,53.76,60.21,52.88,60.587,0.527,0.327,79.97,1.333,1.49,33.32,6.268,0.666,0.397,1.853,0.479,47.461,1.771,-0.332,-1.506
E08000036,Wakefield,E01011746,Wakefield 001E,170000,37.17,44.02,48.67,47.39,42.64,63.89,46.99,56.48,67.1,60.04,66.78,63.5,68.74,62.55,48.8,61.93,52.89,53.12,53.35,54.48,53.72,80.8,82.67,78.17,80.94,84.46,88.94,84.27,47.51,53.16,51.61,51.7,49.13,60.36,51.82,47.961,0.415,0.249,73.61,1.271,0.966,33.918,4.449,0.571,0.34,1.786,0.438,48.183,1.798,-0.673,-0.492
E08000036,Wakefield,E01011747,Wakefield 003C,125000,45.26,58.54,46.96,60.34,59.77,69.7,59.97,59.07,76.18,58.75,75.68,75.12,71.2,68.46,56.13,71.53,57.51,62.65,67.0,58.58,63.04,81.41,83.18,76.83,84.24,88.06,89.48,86.23,54.38,65.37,53.32,62.66,64.26,65.14,62.35,62.819,0.617,0.323,65.861,1.796,1.614,21.387,10.048,0.822,0.52,1.364,0.452,37.651,0.443,-0.323,-0.209
E08000036,Wakefield,E01011748,Wakefield 005A,172000,50.29,47.22,42.07,62.45,77.38,71.32,63.19,60.86,70.74,60.76,76.99,84.17,72.65,70.37,58.09,67.84,58.5,66.36,80.43,60.24,67.18,83.6,82.83,78.87,87.02,94.01,91.54,89.38,57.01,57.56,51.83,65.49,79.37,66.77,65.95,23.116,0.218,0.147,32.66,0.448,0.618,12.431,23.55,0.487,0.125,0.486,0.332,33.94,-1.818,0.217,0.203
E08000036,Wakefield,E01011749,Wakefield 005B,204000,,,,,,,,,,,,,,,,,,,,,,,,,,,,,,,,,,,,,,,,,,,,,,,,,,,
E08000036,Wakefield,E01011750,Wakefield 003D,140000,45.55,64.97,45.87,62.37,67.92,71.13,64.63,59.71,80.67,61.78,77.73,80.86,72.22,70.77,55.81,76.88,59.87,65.59,73.61,59.3,66.13,82.59,88.89,81.39,86.42,91.23,90.66,88.86,54.33,71.27,54.24,65.14,71.53,66.21,66.02,66.361,0.569,0.342,88.195,1.79,1.87,18.126,19.75,0.685,0.459,2.323,0.488,33.916,0.302,-0.286,0.798
E08000036,Wakefield,E01011751,Wakefield 005C,192500,49.4,61.68,48.13,69.27,72.17,70.66,66.82,60.13,76.62,61.08,79.59,82.12,71.75,70.85,60.27,73.27,60.63,67.91,76.25,61.18,68.1,81.87,85.96,76.06,86.12,90.6,89.89,87.78,58.11,67.79,55.59,69.4,74.83,66.84,67.92,13.369,0.107,0.093,14.953,0.466,0.032,8.773,23.569,0.176,0.051,-0.258,0.239,32.037,-3.399,0.366,-0.23
E08000036,Wakefield,E01011752,Wakefield 002A,120000,50.06,59.9,61.05,76.3,85.59,69.39,72.05,60.61,71.71,66.74,82.82,89.03,71.9,72.15,63.13,73.56,68.76,73.11,86.24,63.69,72.89,82.16,84.8,79.9,88.31,94.29,90.12,89.5,60.16,66.72,65.74,75.24,86.22,67.44,72.62,33.004,0.29,0.186,33.427,0.719,1.178,11.107,47.271,0.426,0.207,0.235,0.363,27.321,-0.671,0.915,0.531
E08000036,Wakefield,E01011753,Wakefield 002B,147500,52.32,67.34,61.61,79.79,89.11,72.97,76.44,61.51,77.54,69.2,85.74,92.62,73.13,74.56,64.35,78.59,71.17,76.9,89.21,64.84,75.64,83.31,90.99,83.37,91.81,97.36,91.26,92.37,61.57,73.08,67.36,78.83,89.47,69.72,76.0,31.031,0.217,0.192,25.342,1.172,0.725,5.989,50.158,0.391,0.139,-0.055,0.324,23.94,-2.351,0.974,0.579
E08000036,Wakefield,E01011754,Wakefield 003E,161000,48.57,56.7,43.22,64.08,72.33,72.01,64.43,60.61,77.99,61.46,79.68,83.75,72.82,71.64,58.12,73.0,59.85,67.0,77.21,60.38,67.41,82.62,84.94,79.01,86.34,91.58,90.63,88.42,56.61,65.13,53.07,66.72,75.46,67.17,66.67,39.528,0.362,0.236,68.269,1.023,0.501,15.709,17.263,0.546,0.287,1.569,0.436,33.255,-0.299,0.164,-0.563
E08000036,Wakefield,E01011755,Wakefield 005D,202500,47.97,45.98,35.36,56.04,72.55,70.66,59.61,60.6,71.0,57.67,74.34,82.33,72.65,69.51,54.94,67.56,54.0,61.2,74.71,58.43,63.59,83.42,80.2,77.28,84.08,92.13,91.38,87.78,54.43,56.8,46.4,59.98,74.23,65.63,62.58,10.859,0.098,0.089,14.834,0.117,0.005,13.253,10.602,0.223,0.048,-0.742,0.273,37.617,-3.024,-0.398,0.012
E08000036,Wakefield,E01011756,Wakefield 002C,130000,52.72,61.92,62.37,77.48,88.75,72.83,74.53,61.23,73.03,67.86,83.55,90.35,72.55,73.02,63.83,75.37,70.91,75.03,87.99,64.42,74.3,82.99,86.58,81.68,90.28,96.73,90.93,91.2,61.28,68.62,67.5,76.75,88.58,69.41,74.42,59.675,0.477,0.368,61.885,1.728,1.861,8.645,26.877,0.553,0.459,0.895,0.495,25.572,-1.339,0.402,0.088
E08000036,Wakefield,E01011757,Wakefield 004A,200000,51.17,39.76,36.4,53.59,68.53,68.06,56.51,62.27,61.69,56.47,72.54,80.22,72.23,68.28,62.07,65.02,60.37,63.44,75.67,62.29,66.5,83.92,74.7,75.17,81.76,91.07,91.65,86.43,59.96,51.96,50.23,59.89,72.81,66.21,62.76,20.025,0.21,0.123,26.715,0.64,0.429,14.146,11.122,0.321,0.158,0.424,0.286,37.188,-2.211,-0.463,0.178
E08000036,Wakefield,E01011758,Wakefield 013A,174750,52.95,42.71,43.79,47.41,69.14,65.96,56.69,61.55,59.74,58.58,65.8,79.48,71.05,66.42,61.62,65.96,61.12,61.91,73.97,61.67,65.82,85.18,79.1,78.88,81.23,91.84,92.89,87.63,59.96,53.8,53.89,55.95,72.19,64.86,62.33,23.624,0.249,0.151,37.456,0.699,-0.141,15.4,16.85,0.348,0.244,0.965,0.307,37.686,-1.739,-0.427,0.719
E08000036,Wakefield,E01011759,Wakefield 004B,165000,49.2,48.49,44.36,55.53,76.44,67.63,61.55,61.84,63.17,59.75,71.67,82.5,71.73,68.53,63.48,65.34,64.66,64.22,79.71,63.41,68.38,83.02,77.94,78.48,83.46,93.18,90.7,87.59,60.36,56.76,56.09,61.04,78.5,66.5,65.78,38.428,0.373,0.231,50.145,1.222,0.851,16.38,19.267,0.506,0.363,0.95,0.404,34.04,-0.263,0.158,-0.176
E08000036,Wakefield,E01011760,Wakefield 002D,191250,,,,,,,,,,,,,,,,,,,,,,,,,,,,,,,,,,,,,,,,,,,,,,,,,,,
E08000036,Wakefield,E01011761,Wakefield 004C,182000,51.85,51.02,55.12,69.83,82.68,71.38,67.85,62.23,68.31,65.5,81.11,88.34,72.78,72.07,63.49,70.12,65.55,69.67,81.77,63.76,70.63,83.45,80.96,79.74,86.94,94.91,91.22,89.4,61.01,60.4,61.41,70.62,82.63,68.46,69.75,23.238,0.219,0.148,25.066,0.765,0.711,10.048,21.394,0.365,0.139,0.221,0.295,30.198,-1.779,-0.071,0.603
E08000036,Wakefield,E01011762,Wakefield 002E,135000,52.75,63.1,67.47,82.76,93.82,73.02,77.53,61.62,74.11,71.57,87.03,95.56,72.82,74.84,66.24,77.3,75.46,78.47,92.55,66.1,77.36,82.87,87.46,84.09,91.52,98.13,90.76,92.04,62.89,70.12,72.28,80.98,93.41,70.31,77.36,36.605,0.273,0.207,31.685,0.97,1.406,6.572,55.761,0.463,0.146,0.351,0.339,22.563,-1.77,1.144,0.411
E08000036,Wakefield,E01011763,Wakefield 004D,118750,52.33,60.44,63.65,77.01,87.86,72.24,73.72,61.33,72.34,68.84,83.47,90.9,72.28,73.03,65.58,73.1,71.31,74.27,87.0,65.38,74.17,82.57,84.93,81.16,88.71,95.84,90.44,90.24,62.33,66.83,68.3,76.16,87.71,69.57,74.02,42.683,0.381,0.254,54.893,1.355,1.174,8.326,25.407,0.514,0.307,0.991,0.428,25.972,-1.55,0.5,-0.516
E08000036,Wakefield,E01011764,Wakefield 004E,132000,51.23,47.45,49.88,64.0,76.64,70.64,63.68,61.79,67.19,62.01,77.61,83.67,72.36,70.3,60.58,67.46,61.77,66.7,76.71,61.46,67.21,83.15,78.05,77.55,85.58,92.24,90.98,87.81,58.94,57.33,56.99,66.38,77.15,67.01,66.16,48.334,0.412,0.281,45.195,1.661,1.795,14.67,22.783,0.56,0.306,0.852,0.383,33.822,-0.801,0.083,0.428
E08000036,Wakefield,E01011765,Wakefield 032A,248625,30.14,70.29,36.88,37.31,38.95,56.49,48.92,58.13,77.79,47.2,52.42,53.28,69.42,60.58,56.38,72.13,55.25,54.69,56.57,59.99,59.36,80.43,82.93,72.21,75.8,78.09,88.76,80.92,51.03,71.87,47.34,47.01,48.58,59.61,55.38,17.197,0.187,0.107,20.384,0.48,0.267,19.54,7.186,0.268,0.163,0.179,0.252,44.762,-2.387,-0.421,-0.468
E08000036,Wakefield,E01011766,Wakefield 032B,232000,29.79,57.1,30.87,34.42,34.82,54.83,43.15,56.94,70.5,42.2,48.07,48.54,68.41,57.42,55.21,67.1,51.12,52.19,53.94,59.29,56.88,79.78,76.84,67.84,71.64,73.91,88.14,77.73,50.04,62.42,42.35,44.2,45.17,58.44,51.53,18.429,0.206,0.123,13.98,0.474,0.307,23.396,8.091,0.345,0.18,-0.348,0.237,48.441,-1.626,-0.251,-0.936
E08000036,Wakefield,E01011767,Wakefield 034A,356000,28.98,29.4,20.99,27.88,35.21,50.33,33.63,53.38,50.62,42.29,45.28,52.39,65.85,53.1,43.15,52.49,44.99,41.64,45.1,51.05,45.94,80.28,73.73,73.8,73.42,78.71,88.97,79.71,41.63,40.57,34.8,35.98,41.09,52.32,41.67,8.891,0.088,0.072,4.073,-0.783,-0.472,26.905,21.254,0.098,0.089,-1.211,0.163,58.485,-2.938,0.132,0.149
E08000036,Wakefield,E01011768,Wakefield 034B,205000,32.72,39.13,40.76,46.65,56.84,55.3,47.88,54.06,59.93,51.41,55.43,65.58,67.18,58.74,47.86,61.06,55.96,53.02,58.66,54.42,54.74,80.06,81.82,75.58,79.85,84.33,88.96,83.62,45.58,49.84,49.55,50.46,58.28,56.28,52.41,11.525,0.09,0.089,9.218,-0.027,-0.275,22.169,22.849,0.153,0.086,-1.118,0.226,47.744,-2.015,0.265,-0.01
E08000036,Wakefield,E01011769,Wakefield 034C,240000,,,,,,,,,,,,,,,,,,,,,,,,,,,,,,,,,,,,,,,,,,,,,,,,,,,
E08000036,Wakefield,E01011770,Wakefield 034D,248000,32.32,39.19,38.71,43.69,53.45,54.35,46.12,53.53,56.95,48.03,51.82,60.17,66.44,56.51,47.06,61.04,55.01,51.12,55.97,53.89,53.43,80.28,82.82,76.44,80.39,85.09,89.17,84.19,44.9,49.7,48.03,47.97,55.13,55.53,50.84,18.363,0.168,0.144,19.598,0.399,-0.037,22.913,9.916,0.262,0.14,-0.313,0.293,49.21,-2.15,-0.264,-0.384
E08000036,Wakefield,E01011771,Wakefield 040A,151500,26.72,41.38,23.13,34.48,51.75,54.97,43.22,55.48,56.03,38.97,48.92,64.39,69.04,57.56,41.33,54.85,39.04,43.18,51.02,51.31,47.31,78.9,71.04,68.36,74.02,84.34,87.77,80.47,40.25,48.16,32.4,39.87,52.09,54.82,46.58,50.109,0.499,0.304,54.154,1.3,0.971,31.713,3.043,0.71,0.386,1.309,0.384,53.191,0.348,-0.638,-1.046
E08000036,Wakefield,E01011772,Wakefield 040B,135000,26.82,46.88,19.27,36.06,53.29,54.87,45.29,55.73,59.1,36.62,51.13,67.01,69.28,58.86,42.97,58.66,38.58,45.39,52.87,52.31,49.33,79.28,73.32,66.12,75.24,84.22,88.05,80.94,41.36,52.83,30.4,41.8,53.84,55.27,48.56,26.043,0.207,0.145,32.326,0.811,0.325,29.803,21.767,0.324,0.124,0.789,0.288,51.376,0.087,0.372,-0.609
E08000036,Wakefield,E01011773,Wakefield 032C,215000,31.22,65.57,34.98,36.11,41.4,57.1,48.29,59.0,74.42,45.68,51.66,54.49,69.85,60.6,58.59,72.25,56.1,56.56,59.63,61.73,61.3,81.06,82.41,73.48,77.83,80.8,89.31,82.38,52.82,69.27,46.93,47.35,51.28,60.74,56.15,7.723,0.059,0.068,10.845,-0.006,-0.241,16.619,7.645,0.155,0.032,-0.822,0.233,43.772,-4.61,-0.67,0.006
E08000036,Wakefield,E01011774,Wakefield 032D,210000,33.93,52.77,27.88,36.4,42.42,57.71,45.35,60.61,71.63,46.27,57.05,58.72,70.94,62.6,61.43,71.97,58.49,61.24,65.45,63.73,64.58,81.75,83.67,76.47,82.18,84.39,89.95,84.88,55.47,62.29,45.18,50.19,54.87,62.04,56.85,17.206,0.183,0.116,19.87,0.253,0.341,18.496,12.246,0.27,0.146,-0.101,0.277,43.057,-2.297,-0.254,-0.051
E08000036,Wakefield,E01011775,Wakefield 024A,234997.5,,,,,,,,,,,,,,,,,,,,,,,,,,,,,,,,,,,,,,,,,,,,,,,,,,,
E08000036,Wakefield,E01011776,Wakefield 024B,160000,35.13,36.1,12.93,29.65,42.65,57.17,39.22,58.95,55.46,38.67,47.07,63.04,69.54,58.52,59.31,61.81,50.22,52.66,61.19,61.23,59.27,82.01,75.07,67.67,72.59,82.63,89.89,81.0,54.14,48.33,34.02,42.3,53.05,60.51,51.3,38.212,0.314,0.192,55.78,1.403,0.963,24.04,17.354,0.516,0.224,1.328,0.392,48.575,-1.376,0.004,-0.002
E08000036,Wakefield,E01011777,Wakefield 024C,137500,44.34,56.22,30.21,42.87,51.58,62.05,52.16,60.75,72.0,55.13,63.8,72.15,71.45,66.19,54.15,69.76,53.62,53.4,62.87,56.79,59.34,83.24,84.85,81.13,82.13,87.5,91.04,86.6,53.14,63.17,43.88,49.65,58.36,60.82,57.12,29.322,0.232,0.183,27.733,1.348,0.401,19.06,27.015,0.382,0.169,0.065,0.334,42.924,-1.935,0.434,0.005
E08000036,Wakefield,E01011778,Wakefield 024D,120500,43.23,51.56,50.24,51.43,74.36,63.17,59.96,59.77,72.83,64.66,66.51,84.05,70.98,68.39,54.73,69.99,63.07,56.5,74.77,57.84,63.51,82.23,82.94,82.12,79.77,89.98,90.07,86.31,53.13,60.87,57.94,55.08,75.16,61.79,62.59,26.521,0.249,0.167,36.899,0.946,0.074,14.191,24.86,0.413,0.182,0.451,0.368,37.285,-2.223,0.377,-0.084
E08000036,Wakefield,E01011779,Wakefield 027A,162500,39.76,44.37,46.05,47.89,72.26,62.28,56.02,58.03,66.35,63.4,62.61,83.48,70.01,65.91,56.04,72.13,68.2,61.04,78.92,60.02,66.42,81.28,81.02,84.1,78.58,92.2,89.58,86.33,52.95,57.67,58.85,55.49,76.28,62.32,62.33,32.375,0.323,0.217,39.2,0.923,0.865,14.885,12.579,0.543,0.145,0.691,0.359,37.539,-1.941,-0.174,-0.189
E08000036,Wakefield,E01011780,Wakefield 027B,121000,39.56,44.59,48.75,50.31,81.75,60.01,59.16,57.8,63.12,56.9,59.1,85.81,68.93,64.98,56.14,69.97,63.19,58.58,81.18,59.63,66.05,81.67,78.86,80.73,76.85,93.62,89.65,86.07,52.94,56.68,57.08,55.05,81.79,61.01,63.32,66.935,0.616,0.386,68.98,2.003,1.393,18.632,10.153,0.741,0.518,1.353,0.48,36.733,-0.19,-0.293,-0.264
E08000036,Wakefield,E01011781,Wakefield 027C,170000,42.32,52.59,56.83,56.25,85.73,63.55,64.65,58.79,70.03,65.49,65.63,90.75,70.26,68.48,57.09,73.58,69.66,62.52,84.48,60.27,68.7,81.79,83.1,84.95,80.28,94.51,89.83,87.77,54.3,62.8,64.36,60.05,85.48,63.04,67.18,29.66,0.298,0.196,36.846,0.995,0.711,10.271,12.703,0.434,0.248,0.611,0.351,32.715,-2.558,-0.385,0.242
E08000036,Wakefield,E01011782,Wakefield 027D,166000,39.12,47.5,49.63,49.5,78.51,61.57,58.98,57.73,66.0,61.42,60.8,86.17,69.57,65.81,54.42,69.88,62.62,56.79,78.77,58.52,64.5,81.31,81.12,83.08,77.83,93.05,89.54,86.37,51.73,58.32,57.32,53.95,79.15,61.26,62.51,18.459,0.178,0.122,31.005,0.143,0.359,15.266,14.963,0.3,0.141,0.426,0.325,37.517,-1.741,-0.09,-0.071
E08000036,Wakefield,E01011783,Wakefield 027E,150000,40.99,51.8,56.22,55.06,87.66,62.51,64.47,58.29,69.13,64.05,63.73,91.43,69.82,67.88,57.14,74.37,69.38,62.37,86.18,60.45,69.26,81.77,84.12,85.77,80.05,95.66,89.85,88.21,53.97,62.67,63.89,59.32,87.24,62.61,67.35,26.474,0.254,0.165,28.369,0.93,0.74,12.432,20.95,0.396,0.089,0.537,0.287,32.666,-1.396,0.069,0.266
E08000036,Wakefield,E01011784,Wakefield 040C,155000,28.3,25.78,10.46,32.94,35.95,54.16,33.69,55.33,51.31,35.12,54.76,59.96,68.76,56.97,43.31,51.04,33.58,45.15,47.85,52.05,46.63,78.96,74.68,63.22,79.94,83.84,87.96,81.77,41.86,38.09,23.86,40.62,43.18,54.78,42.36,33.514,0.265,0.203,49.382,0.877,0.451,34.71,10.384,0.466,0.186,1.445,0.326,57.538,0.562,-0.201,-0.492
E08000036,Wakefield,E01011785,Wakefield 039A,170000,33.29,33.32,29.91,43.49,56.58,55.93,45.38,54.48,54.01,46.38,60.32,70.93,68.03,59.78,62.26,67.62,55.78,61.14,68.76,64.07,64.85,79.07,77.79,67.61,79.36,85.85,87.8,82.77,55.0,49.28,44.6,53.46,63.5,61.15,56.77,29.367,0.267,0.176,49.1,0.711,0.55,23.492,9.889,0.384,0.176,1.473,0.317,43.206,-0.212,-0.62,0.229
E08000036,Wakefield,E01011786,Wakefield 040D,128500,27.32,41.16,23.53,35.43,53.96,55.71,44.17,55.84,55.77,40.33,51.34,68.28,69.55,58.78,42.77,56.12,41.05,45.22,53.71,52.55,49.15,79.14,72.35,69.27,75.79,86.03,87.98,81.61,41.36,48.57,33.71,41.47,54.63,55.78,48.01,36.248,0.289,0.211,48.251,0.972,0.677,35.385,16.687,0.449,0.154,1.197,0.359,51.916,1.584,0.134,-0.544
E08000036,Wakefield,E01011787,Wakefield 042A,140000,39.04,61.19,59.13,65.74,80.61,61.47,66.57,55.79,68.91,59.11,72.75,85.31,69.27,67.07,54.42,72.33,61.09,64.68,78.71,58.28,66.06,79.01,80.72,71.16,84.16,89.66,88.09,85.43,51.44,66.71,60.5,65.76,80.01,61.08,66.46,27.386,0.225,0.185,27.054,0.853,0.996,15.609,20.331,0.429,0.142,0.333,0.3,33.605,-0.421,0.122,0.065
E08000036,Wakefield,E01011788,Wakefield 042B,185000,37.9,57.96,53.81,61.16,75.23,60.03,62.76,54.87,66.97,56.37,68.45,81.0,68.26,64.86,50.6,67.98,55.24,58.84,73.02,55.16,61.32,78.74,81.06,71.35,83.41,89.5,87.92,85.19,48.6,63.06,54.96,60.58,74.52,58.87,62.28,16.039,0.12,0.131,19.383,0.381,0.02,17.036,15.352,0.209,0.109,-0.306,0.29,37.813,-1.054,-0.02,-0.206
E08000036,Wakefield,E01011789,Wakefield 039B,158000,36.96,51.03,48.89,56.98,72.33,59.43,58.89,55.1,64.87,53.73,69.62,80.8,68.46,64.8,53.24,67.08,55.2,60.33,73.17,57.49,62.44,78.66,80.71,68.07,83.32,89.53,87.73,84.94,50.12,58.92,52.72,59.6,73.29,59.71,61.31,49.02,0.439,0.275,58.227,1.517,1.584,20.674,9.106,0.607,0.337,1.077,0.441,38.706,-0.012,-0.24,-0.644
E08000036,Wakefield,E01011790,Wakefield 042C,126000,38.27,58.7,59.13,65.31,83.01,61.29,66.41,55.47,68.76,60.97,71.66,87.27,68.75,67.04,53.95,71.12,61.33,64.42,80.83,58.03,66.19,79.17,83.93,75.07,87.44,94.44,88.41,88.15,50.92,64.88,60.69,65.36,82.25,60.83,66.46,50.396,0.384,0.3,53.306,1.818,1.403,18.331,27.804,0.468,0.327,1.114,0.405,33.666,0.417,0.416,0.154
E08000036,Wakefield,E01011791,Wakefield 039C,115500,28.78,30.06,25.63,35.47,51.87,54.15,40.68,54.78,51.04,41.88,52.83,66.18,68.39,57.48,53.39,58.2,47.23,50.68,58.95,58.2,55.62,78.95,72.51,67.24,75.54,83.83,87.72,80.75,48.35,43.38,37.99,44.28,56.22,57.62,49.89,45.354,0.381,0.258,64.007,1.48,0.444,31.443,13.499,0.615,0.349,1.508,0.418,50.178,0.77,-0.253,0.103
E08000036,Wakefield,E01011792,Wakefield 039D,133500,34.03,28.98,29.55,42.64,53.43,55.77,43.2,53.17,51.4,45.2,59.42,68.56,66.69,58.17,58.48,61.06,50.65,55.83,62.51,60.88,59.71,78.34,74.75,63.91,77.0,83.4,87.15,80.8,52.55,44.06,41.64,50.41,58.83,59.47,53.09,72.504,0.663,0.384,84.414,1.907,1.315,31.419,7.69,0.846,0.604,2.698,0.443,46.969,1.339,-0.422,-0.371
E08000036,Wakefield,E01011793,Wakefield 029A,216250,50.04,54.95,28.98,40.68,59.43,70.46,55.39,64.29,75.13,50.14,64.36,72.57,73.92,68.47,59.43,70.25,51.7,56.75,66.49,60.49,62.71,84.96,83.3,74.28,79.75,89.46,92.49,86.72,58.29,62.88,42.14,50.4,63.72,66.6,60.35,17.771,0.193,0.112,18.39,0.349,0.444,16.516,17.62,0.299,0.148,0.032,0.248,39.302,-1.789,-0.07,0.208
E08000036,Wakefield,E01011794,Wakefield 029B,177000,47.5,61.86,40.28,50.04,63.97,69.45,60.27,63.11,77.94,53.92,66.73,74.83,72.96,69.06,58.69,70.76,54.69,60.82,70.65,60.13,64.35,83.57,80.22,74.37,80.29,88.79,91.16,85.84,57.09,66.87,48.75,56.62,67.96,65.89,63.21,26.724,0.283,0.174,37.576,0.621,0.525,16.421,14.237,0.46,0.227,0.847,0.327,36.647,-0.943,-0.017,-0.408
E08000036,Wakefield,E01011795,Wakefield 029C,220000,49.13,64.24,35.96,47.01,69.09,70.11,62.01,64.48,80.69,54.63,67.24,78.88,74.34,70.93,59.12,73.11,55.33,59.83,72.64,60.75,65.3,84.79,84.34,77.32,81.23,91.88,92.33,87.95,57.92,69.27,47.26,54.87,71.47,66.6,64.55,27.595,0.298,0.183,28.915,0.894,0.271,16.017,22.59,0.442,0.284,0.371,0.313,35.221,-0.689,0.196,0.139
E08000036,Wakefield,E01011796,Wakefield 029D,221000,47.61,78.14,34.25,52.87,64.95,69.29,65.21,63.71,87.46,55.61,71.83,77.33,73.97,71.97,59.46,77.88,56.36,63.47,72.18,61.04,66.73,83.94,87.5,78.32,84.18,91.47,91.59,88.57,57.69,78.97,47.11,59.53,69.3,66.33,66.65,8.239,0.102,0.074,8.365,-0.178,-0.434,13.032,15.006,0.144,0.093,-0.772,0.201,33.244,-1.298,-0.311,0.374
E08000036,Wakefield,E01011797,Wakefield 031A,220000,47.86,59.12,51.25,50.42,60.68,69.23,59.1,63.07,75.37,58.59,66.19,71.98,72.13,68.14,62.02,72.04,61.7,64.07,71.43,62.49,66.75,83.77,82.39,77.68,84.16,89.95,91.36,87.48,59.3,65.85,57.42,58.34,66.74,66.83,63.92,2.87,0.045,0.047,2.656,-0.728,-1.214,10.277,11.199,0.08,0.018,-1.454,0.147,35.923,-5.743,-0.588,0.338
E08000036,Wakefield,E01011798,Wakefield 031B,171750,46.67,70.22,60.02,58.54,69.53,67.96,66.21,63.08,83.32,64.02,72.74,80.3,72.84,71.8,62.02,76.77,66.45,70.13,81.38,62.93,71.24,83.67,86.34,80.28,86.67,92.91,91.35,89.41,59.03,74.12,63.95,65.33,76.13,66.51,69.4,18.554,0.13,0.089,19.126,0.202,0.623,9.447,50.607,0.241,0.12,0.371,0.211,30.527,-2.21,1.068,0.217
E08000036,Wakefield,E01011799,Wakefield 029E,270000,47.08,65.92,56.87,57.57,69.01,68.85,64.76,63.12,81.65,63.25,72.16,79.98,72.81,71.43,60.98,73.95,63.51,67.63,78.85,61.94,69.22,83.68,83.76,78.88,85.1,91.72,91.29,88.38,58.46,70.57,60.98,63.64,74.61,66.45,67.73,27.865,0.29,0.206,19.883,1.049,0.75,9.717,12.107,0.386,0.284,-0.163,0.282,32.266,-2.74,-0.124,-0.42
E08000036,Wakefield,E01011800,Wakefield 029F,203750,44.92,65.52,41.34,54.9,62.84,65.57,61.06,61.92,79.49,54.4,67.93,73.92,72.05,68.72,58.08,71.75,53.59,62.31,69.47,59.57,64.18,83.54,84.11,76.73,84.54,90.81,91.31,87.89,55.95,69.3,48.63,59.54,66.82,63.78,63.4,11.39,0.113,0.088,11.313,-0.18,-0.124,13.105,27.979,0.183,0.089,-0.377,0.209,36.429,-2.491,0.414,0.183
E08000036,Wakefield,E01011801,Wakefield 031C,170000,46.3,57.91,53.42,47.69,61.31,66.12,58.0,62.23,73.87,57.67,64.85,71.1,71.32,67.12,60.17,70.7,60.63,61.9,70.47,60.92,65.21,83.62,82.37,76.99,84.22,90.1,91.25,87.46,57.65,64.56,57.74,55.99,66.5,64.61,62.59,22.593,0.241,0.154,22.42,0.448,0.585,13.313,23.884,0.386,0.163,0.194,0.271,37.372,-2.829,0.388,-0.269
E08000036,Wakefield,E01011802,Wakefield 031D,155000,47.2,68.44,61.52,55.86,69.16,67.95,65.28,62.88,81.15,63.9,70.93,78.46,72.35,70.78,62.45,76.21,67.24,68.59,79.18,62.92,70.51,83.48,85.22,79.53,85.49,91.39,91.13,88.48,59.4,72.83,65.02,63.28,74.77,66.46,68.56,16.388,0.157,0.122,16.252,0.13,0.307,8.365,28.574,0.271,0.103,0.033,0.223,31.348,-3.378,0.368,0.377
E08000036,Wakefield,E01011803,Wakefield 011A,162500,44.98,55.35,39.84,32.44,59.33,62.73,52.89,54.77,69.97,58.05,51.24,74.75,66.38,61.29,47.81,60.22,51.05,43.73,62.99,52.59,53.88,82.48,74.08,80.42,73.45,87.98,90.69,83.49,48.38,58.53,46.76,39.43,62.03,58.75,54.17,37.738,0.359,0.197,44.843,1.174,1.344,26.502,6.868,0.564,0.305,1.098,0.349,45.619,0.178,-0.727,-0.044
E08000036,Wakefield,E01011804,Wakefield 011B,135995,39.46,46.88,24.97,32.02,51.14,62.53,46.73,55.77,63.89,47.47,50.1,66.63,68.35,59.39,50.22,61.02,57.83,51.34,65.79,56.42,57.23,82.46,71.49,76.75,76.1,87.47,90.67,83.45,48.83,54.1,43.62,42.9,59.35,60.61,53.3,34.902,0.297,0.228,42.098,1.082,0.726,24.703,15.664,0.509,0.174,0.807,0.367,47.143,-0.734,-0.239,0.323
E08000036,Wakefield,E01011805,Wakefield 010A,157500,43.61,59.47,51.94,46.76,67.79,59.31,59.01,53.11,71.2,60.87,54.3,78.76,64.5,61.75,47.37,62.71,58.25,52.21,68.2,52.72,57.1,81.65,80.32,82.92,76.26,92.51,89.83,85.9,47.55,61.82,55.94,50.02,68.65,57.09,58.33,44.837,0.356,0.258,47.585,1.648,0.917,31.241,21.811,0.451,0.338,0.724,0.412,41.593,2.318,0.147,0.181
E08000036,Wakefield,E01011806,Wakefield 011C,178250,40.67,45.86,29.82,32.07,56.75,62.44,48.48,54.77,62.04,47.83,47.36,67.18,67.15,58.25,49.32,59.16,55.16,48.16,65.29,55.11,55.81,82.45,73.69,77.99,76.1,88.8,90.71,84.14,48.39,52.67,44.28,41.15,61.65,59.86,53.17,30.597,0.252,0.214,28.405,0.734,1.008,23.286,20.768,0.434,0.125,-0.024,0.347,46.74,-1.202,-0.199,0.762
E08000036,Wakefield,E01011807,Wakefield 010B,127500,43.16,58.26,50.59,47.23,68.11,58.43,58.65,52.41,69.79,59.0,53.06,79.3,63.58,61.02,46.37,61.44,55.47,50.24,65.79,51.53,55.46,81.11,77.42,80.31,74.08,91.02,89.33,84.38,46.72,60.56,53.79,49.16,67.61,56.06,57.27,35.278,0.288,0.196,45.834,0.905,0.641,33.31,27.623,0.471,0.198,0.627,0.41,42.614,2.63,0.368,0.274
E08000036,Wakefield,E01011808,Wakefield 010C,167000,44.81,63.09,53.68,43.87,73.14,62.54,61.63,54.04,71.09,60.49,53.12,80.24,65.72,62.3,50.29,64.91,62.24,53.31,73.97,55.11,60.35,82.0,78.06,82.03,75.58,92.37,90.19,85.55,49.83,64.66,58.83,49.22,74.03,59.79,61.12,29.809,0.231,0.147,38.273,1.015,1.234,23.883,14.674,0.365,0.143,0.595,0.363,38.742,0.925,-0.263,0.257
E08000036,Wakefield,E01011809,Wakefield 011D,150000,44.37,59.52,46.16,38.27,69.77,63.72,58.43,55.12,72.73,60.75,53.5,80.65,67.19,63.27,51.32,65.38,62.55,53.45,75.11,56.14,61.15,82.91,76.53,82.09,76.42,91.81,91.11,85.74,50.55,63.07,55.76,46.9,73.1,60.93,60.34,37.481,0.324,0.217,46.717,1.146,1.26,20.932,17.271,0.477,0.301,0.707,0.408,39.483,-0.111,-0.245,0.5
E08000036,Wakefield,E01011810,Wakefield 010D,155000,40.98,45.76,39.7,41.54,56.43,55.42,49.74,51.47,64.96,53.05,49.24,72.5,62.19,57.99,44.08,53.47,47.49,43.88,56.25,49.35,49.51,80.53,73.49,76.49,71.43,88.54,88.78,82.28,44.63,50.34,44.6,43.28,57.23,53.55,50.36,29.862,0.308,0.165,40.7,0.541,0.481,34.294,9.222,0.511,0.17,0.829,0.354,49.37,1.698,-0.262,-0.526
E08000036,Wakefield,E01011811,Wakefield 011E,133000,45.0,60.28,47.91,37.2,64.13,62.04,56.75,54.42,72.87,60.86,52.75,78.03,65.99,62.32,48.53,62.72,55.92,47.24,66.77,53.23,56.27,81.63,75.88,80.4,72.04,87.76,89.87,83.01,48.8,62.33,52.95,43.33,66.25,58.71,57.04,66.992,0.588,0.356,81.603,1.68,1.645,28.946,7.036,0.76,0.338,1.881,0.489,42.735,1.466,-0.361,-0.707
E08000036,Wakefield,E01011812,Wakefield 013B,157000,48.85,49.3,43.59,45.56,64.46,65.86,56.16,60.33,62.49,58.17,61.66,75.96,70.52,64.96,57.12,63.47,53.07,52.69,62.15,57.73,58.95,83.86,80.62,75.21,78.29,89.28,91.61,85.77,55.99,56.35,49.46,50.31,63.97,62.93,58.42,5.309,0.075,0.061,10.613,-0.585,-0.588,15.226,1.9,0.113,0.067,-1.16,0.243,41.496,-3.993,-1.012,-0.712
E08000036,Wakefield,E01011813,Wakefield 016A,185000,44.91,52.01,51.79,50.53,72.78,66.54,60.11,60.13,61.61,58.73,60.83,77.43,70.55,64.88,58.85,66.58,58.94,56.89,68.93,59.73,62.77,83.14,77.02,72.94,76.57,87.71,90.89,84.19,56.2,59.05,56.17,54.45,71.19,64.18,61.98,42.335,0.443,0.233,56.625,1.487,0.925,17.446,3.14,0.562,0.453,1.243,0.409,38.002,-0.936,-0.589,-1.361
E08000036,Wakefield,E01011814,Wakefield 016B,160377.5,44.73,56.9,61.26,55.42,81.03,67.2,65.17,60.65,64.42,66.71,65.23,85.21,71.15,67.66,62.79,72.58,69.37,65.69,79.85,63.34,69.83,83.38,79.6,79.33,78.8,92.17,91.15,86.65,58.75,64.33,66.15,61.22,80.77,66.22,67.92,41.008,0.369,0.232,51.937,1.11,1.508,16.551,21.563,0.623,0.233,1.092,0.398,32.046,0.21,0.245,-0.117
E08000036,Wakefield,E01011815,Wakefield 016C,205000,38.37,24.77,26.39,33.65,48.39,60.32,39.92,61.16,50.28,47.92,53.99,66.72,71.0,60.79,60.16,57.05,52.47,54.96,62.16,61.44,59.45,82.47,68.48,72.7,76.22,85.05,90.34,82.21,55.72,40.07,41.36,45.69,56.3,62.17,51.85,41.096,0.371,0.256,42.819,0.977,1.254,24.719,25.062,0.764,0.281,1.046,0.341,48.044,-0.939,0.304,0.154
E08000036,Wakefield,E01011816,Wakefield 016D,133000,41.23,42.24,41.82,43.93,67.18,64.48,53.5,60.45,59.77,57.55,59.65,79.23,70.87,64.88,59.41,63.62,56.5,57.14,68.15,60.85,62.29,83.02,75.55,75.51,77.99,90.01,90.82,85.11,55.78,52.56,50.52,51.63,68.37,63.78,59.09,45.436,0.447,0.23,78.922,1.044,1.06,19.618,7.332,0.753,0.371,1.818,0.473,40.939,-0.963,-0.297,-0.951
E08000036,Wakefield,E01011817,Wakefield 024E,126200,33.18,47.56,25.38,34.95,40.3,58.96,42.99,60.13,65.74,45.25,51.05,60.01,70.93,60.82,59.73,64.16,51.68,54.53,58.57,62.06,59.55,82.25,80.49,73.43,77.38,84.3,90.27,83.48,54.14,55.9,40.4,45.81,50.52,61.84,53.14,31.501,0.348,0.2,29.268,0.936,0.44,23.202,20.223,0.547,0.294,0.454,0.306,46.713,-1.23,0.252,-0.357
E08000036,Wakefield,E01011818,Wakefield 024F,165000,32.79,49.12,27.75,36.34,41.3,57.46,43.84,59.17,66.63,44.58,48.9,59.07,70.24,59.94,58.11,63.41,49.91,52.23,55.04,60.91,57.51,81.71,79.16,72.37,76.76,83.04,89.82,82.61,52.88,56.44,40.45,45.11,49.15,60.55,52.34,21.822,0.18,0.133,26.036,0.564,0.189,24.167,25.748,0.362,0.127,0.245,0.301,47.558,-1.034,0.419,-0.109
E08000036,Wakefield,E01011819,Wakefield 016E,162000,49.16,56.89,65.73,57.48,86.27,68.13,67.98,61.02,63.88,69.22,67.34,88.45,71.25,68.67,63.36,71.52,70.7,66.3,82.23,63.01,70.55,84.12,80.88,82.07,79.98,94.42,91.84,88.08,60.16,63.85,68.88,62.57,84.48,66.5,69.49,24.841,0.203,0.135,27.006,0.672,1.354,12.536,21.746,0.354,0.104,0.166,0.318,30.503,-0.786,0.108,0.266
E08000036,Wakefield,E01011820,Wakefield 013C,129000,51.82,55.64,61.01,56.55,81.8,67.8,66.3,60.86,62.68,63.73,66.49,83.32,70.71,67.32,62.57,70.95,68.07,66.17,80.32,62.61,69.57,84.79,80.16,79.45,79.95,91.98,92.51,87.39,60.22,62.88,65.24,62.04,81.26,66.11,68.2,21.065,0.195,0.112,32.001,0.53,0.547,9.406,28.518,0.355,0.162,0.345,0.342,31.714,-2.712,0.413,0.246
E08000036,Wakefield,E01011821,Wakefield 013D,195000,49.87,58.91,58.24,54.73,78.62,67.5,65.5,60.73,65.85,65.65,66.94,84.56,70.96,68.02,60.6,70.85,64.14,61.68,74.96,60.91,66.6,84.24,82.21,79.24,79.81,92.51,91.98,87.53,58.51,64.72,62.0,59.09,77.2,65.2,66.39,23.606,0.194,0.173,26.327,0.808,0.757,12.357,10.574,0.237,0.165,-0.042,0.331,33.631,-1.739,-0.296,-0.189
E08000036,Wakefield,E01011822,Wakefield 016F,130000,47.5,62.47,65.47,58.87,87.01,68.65,69.77,61.28,67.71,70.32,68.92,91.09,71.85,70.07,63.0,74.22,70.6,66.45,82.35,63.13,70.96,84.0,85.42,81.34,81.43,94.89,91.76,88.94,59.59,68.13,68.76,63.37,85.0,66.84,70.53,27.614,0.226,0.14,37.695,0.543,1.04,11.639,41.393,0.355,0.12,0.771,0.339,29.451,-0.89,0.925,-0.205
E08000036,Wakefield,E01011823,Wakefield 021A,177500,49.24,41.64,35.6,49.89,62.44,69.42,54.4,67.02,67.31,61.7,71.91,75.96,76.49,70.81,63.4,65.92,55.46,62.62,67.84,64.31,64.92,85.65,81.22,82.49,86.43,90.91,93.27,89.03,61.05,53.63,47.44,57.84,65.92,68.13,61.29,19.827,0.183,0.118,24.058,0.642,0.256,17.075,22.886,0.261,0.171,0.341,0.27,38.801,-1.351,0.046,0.52
E08000036,Wakefield,E01011824,Wakefield 021B,205000,50.19,45.95,42.16,52.17,72.97,70.18,59.56,66.6,70.62,64.73,73.93,83.05,76.25,72.59,64.43,69.4,62.08,65.68,76.5,65.35,68.84,84.95,78.19,81.92,84.61,91.94,92.57,88.35,61.86,57.55,53.94,60.49,75.36,68.94,65.55,31.215,0.342,0.181,37.99,1.054,0.86,12.586,12.292,0.414,0.415,0.888,0.325,34.544,-1.967,-0.293,0.034
E08000036,Wakefield,E01011825,Wakefield 021C,200000,50.06,50.2,46.85,51.83,76.85,69.79,61.92,65.7,71.65,64.24,71.21,82.84,75.44,71.79,63.23,68.3,63.45,63.31,78.08,64.18,68.27,84.82,78.33,81.86,83.93,92.48,92.41,88.32,60.93,59.37,56.68,58.96,77.89,68.15,66.13,10.589,0.131,0.078,11.334,-0.024,-0.158,12.033,18.627,0.186,0.161,-0.509,0.22,33.873,-1.995,0.126,-0.171
E08000036,Wakefield,E01011826,Wakefield 021D,205000,50.37,48.53,49.28,53.96,76.6,71.1,62.06,66.02,71.3,68.1,73.37,82.08,75.87,72.21,63.55,68.78,64.51,65.26,77.66,64.63,68.72,84.97,80.19,87.2,86.81,94.76,92.56,90.12,61.25,58.68,58.43,61.01,77.53,68.99,66.46,9.374,0.127,0.081,10.732,-0.109,-0.226,11.011,9.456,0.205,0.073,-0.432,0.207,33.603,-2.48,-0.396,-0.143
E08000036,Wakefield,E01011827,Wakefield 021E,245000,50.06,54.36,41.26,46.22,74.16,69.43,60.97,65.04,73.17,56.59,65.42,80.35,74.65,70.16,59.37,69.03,57.23,58.1,75.04,60.69,65.1,85.12,80.02,77.47,80.61,92.09,92.63,87.54,58.36,61.95,50.64,53.53,75.02,66.28,63.96,10.104,0.089,0.08,11.181,0.098,-0.068,13.25,17.137,0.136,0.09,-0.768,0.234,35.715,-2.075,-0.231,0.46
E08000036,Wakefield,E01011828,Wakefield 021F,187500,50.57,60.15,51.71,54.6,85.44,70.49,67.98,65.64,77.51,65.24,71.85,88.03,75.42,73.53,62.68,74.21,68.72,67.22,86.47,63.88,72.01,85.03,81.91,83.37,85.4,95.45,92.6,90.03,60.69,67.43,61.64,62.13,86.22,68.32,70.65,12.764,0.123,0.088,13.472,-0.137,0.22,9.576,30.8,0.201,0.063,-0.307,0.227,29.19,-1.723,0.506,0.24
E08000036,Wakefield,E01011829,Wakefield 025A,200000,47.82,76.92,40.08,53.1,71.44,68.81,67.06,63.92,85.51,57.33,68.95,77.48,74.01,71.39,57.35,75.24,55.44,60.58,73.18,59.82,65.3,83.84,86.13,80.85,83.68,91.81,91.42,88.49,56.41,77.1,49.19,58.0,72.73,65.54,66.6,11.605,0.104,0.084,8.484,0.203,-0.031,14.661,24.956,0.154,0.079,-0.576,0.191,33.302,-0.669,0.404,-0.169
E08000036,Wakefield,E01011830,Wakefield 025B,196500,49.96,72.13,52.92,57.05,87.99,70.89,72.42,65.22,84.58,65.99,73.77,89.42,75.24,74.84,60.76,76.72,67.16,67.18,87.0,62.33,71.79,84.44,84.38,84.6,86.06,95.76,92.01,90.37,59.26,75.17,61.34,63.31,87.7,67.77,72.4,25.478,0.21,0.18,14.958,0.906,1.033,7.087,27.288,0.233,0.199,-0.792,0.276,27.512,-2.634,0.135,0.761
E08000036,Wakefield,E01011831,Wakefield 025C,150000,50.18,60.39,54.17,56.35,85.65,71.11,68.54,65.73,79.32,68.21,75.5,88.47,75.7,74.55,61.87,72.15,69.14,67.16,85.29,63.3,71.08,84.37,81.82,86.59,87.23,95.41,92.0,90.34,60.09,66.77,63.03,63.14,85.74,68.36,70.46,24.17,0.271,0.168,22.263,0.578,0.683,10.334,19.783,0.423,0.234,0.113,0.279,29.488,-1.446,0.184,-0.185
E08000036,Wakefield,E01011832,Wakefield 025D,160000,50.2,71.06,48.14,54.22,82.87,71.12,69.97,65.34,83.6,62.34,71.55,86.81,75.25,73.91,60.72,76.38,64.02,65.52,83.37,62.19,70.41,84.89,83.94,81.42,83.99,95.03,92.43,89.66,59.3,74.41,57.47,61.11,83.45,67.81,70.63,25.007,0.253,0.157,28.009,0.92,0.286,11.036,26.615,0.379,0.202,0.058,0.337,29.223,-1.084,0.273,0.4
E08000036,Wakefield,E01011833,Wakefield 025E,252000,48.74,57.57,50.33,53.72,80.65,69.5,65.3,64.62,76.57,62.92,70.74,82.69,74.5,71.77,59.09,68.71,64.03,63.13,80.37,61.25,67.41,83.68,77.62,83.26,83.86,92.33,91.31,87.86,57.83,63.67,58.43,59.65,80.73,66.57,67.03,11.135,0.123,0.105,9.329,-0.044,-0.018,11.132,12.245,0.165,0.076,-0.795,0.215,32.887,-2.11,-0.17,-0.251
E08000036,Wakefield,E01011834,Wakefield 015A,180000,48.88,42.21,62.32,57.75,70.37,68.41,59.22,59.15,59.86,67.2,70.58,77.54,71.47,66.02,53.82,59.2,64.92,59.36,70.89,58.31,61.0,83.62,73.42,84.66,83.08,89.62,91.56,86.55,53.72,50.66,64.23,59.53,71.1,64.45,60.79,23.908,0.257,0.146,25.905,1.026,0.526,15.575,5.205,0.437,0.206,0.382,0.283,39.062,-2.184,-0.811,-0.203
E08000036,Wakefield,E01011835,Wakefield 012A,185000,44.36,41.31,35.8,40.12,57.1,67.37,50.08,57.12,59.25,58.61,58.79,71.54,69.82,61.88,51.09,60.25,57.9,52.34,66.65,56.58,57.75,82.2,74.1,84.37,78.73,89.67,90.46,85.23,50.67,50.6,48.72,47.56,62.71,63.02,55.11,9.951,0.102,0.072,12.994,-0.001,-0.009,17.106,10.835,0.188,0.066,-0.714,0.251,44.737,-5.079,-0.953,0.529
E08000036,Wakefield,E01011836,Wakefield 012B,175000,48.12,43.4,60.12,54.72,74.52,70.14,60.22,58.03,60.39,68.49,66.28,79.66,70.85,65.23,55.09,66.31,70.05,62.05,79.21,59.61,65.42,82.51,76.34,87.71,81.48,91.9,90.72,86.97,54.21,54.35,66.09,59.21,77.25,65.79,63.44,20.287,0.226,0.131,26.292,0.527,0.335,11.963,15.439,0.419,0.108,0.345,0.292,36.483,-3.4,-0.178,0.188
E08000036,Wakefield,E01011837,Wakefield 015B,205000,50.44,57.81,90.83,71.69,85.48,70.96,72.04,58.39,69.43,85.12,74.46,86.55,70.93,69.35,53.87,72.93,80.5,67.99,84.59,59.03,68.81,82.16,81.24,93.84,82.08,92.49,90.45,87.98,53.99,65.23,85.54,70.09,85.22,65.9,70.26,34.172,0.326,0.209,28.577,0.819,1.66,13.48,23.402,0.552,0.179,-0.092,0.353,29.735,-0.299,0.155,0.334
E08000036,Wakefield,E01011838,Wakefield 015C,123625,51.1,55.13,88.83,71.19,88.3,71.65,72.15,59.01,67.2,80.32,75.37,87.85,71.62,69.66,58.08,71.08,82.53,70.82,88.58,61.68,71.53,82.95,77.99,93.42,85.19,95.51,91.06,89.43,56.92,62.91,85.6,71.33,88.55,67.51,71.75,47.106,0.36,0.283,43.985,1.702,1.764,12.33,27.046,0.436,0.359,0.879,0.372,28.234,-0.403,0.016,0.96
E08000036,Wakefield,E01011839,Wakefield 012C,205000,47.8,54.1,58.57,55.11,69.37,69.14,61.43,57.22,67.54,66.78,64.86,76.75,69.76,65.01,51.39,64.94,61.35,55.57,69.03,56.32,59.86,81.86,78.41,85.8,79.52,89.95,90.19,85.89,51.65,59.76,60.68,56.09,69.67,63.7,61.0,18.173,0.198,0.119,24.708,0.376,0.615,13.324,4.218,0.372,0.089,0.447,0.263,38.976,-3.971,-1.015,-0.231
E08000036,Wakefield,E01011840,Wakefield 018A,136500,50.19,55.36,88.5,71.06,83.26,70.85,70.47,58.05,68.98,81.9,74.5,84.23,70.7,68.69,54.25,69.99,79.4,67.24,83.02,59.06,67.88,81.91,80.08,93.17,82.9,92.49,90.25,87.92,54.13,62.66,83.83,69.45,83.32,65.85,69.09,31.41,0.322,0.199,46.065,0.949,0.705,10.989,11.093,0.466,0.29,0.97,0.375,30.923,-1.541,-0.297,-0.111
E08000036,Wakefield,E01011841,Wakefield 015D,211500,50.49,56.7,79.34,68.94,79.38,68.52,68.73,59.93,71.19,75.6,77.79,83.91,71.95,70.3,55.71,69.6,74.9,67.73,81.05,59.81,67.72,83.39,78.61,86.38,84.02,91.16,91.33,87.75,55.4,63.31,77.24,69.03,80.57,65.24,68.44,15.059,0.144,0.112,8.18,0.519,0.601,9.946,12.423,0.175,0.151,-1.298,0.219,31.472,-2.275,-0.247,-0.047
E08000036,Wakefield,E01011842,Wakefield 015E,152500,49.12,59.35,67.93,66.27,78.87,68.0,68.1,59.67,75.44,74.22,76.49,86.09,71.9,70.88,54.95,74.4,72.03,65.87,81.64,59.71,68.03,82.48,82.19,87.21,83.18,94.01,90.65,88.53,54.57,66.98,70.73,66.86,80.74,64.95,68.4,54.557,0.497,0.341,50.821,1.707,1.52,16.191,13.19,0.646,0.358,0.572,0.449,31.505,0.206,-0.163,-0.127
E08000036,Wakefield,E01011843,Wakefield 012D,155000,44.3,40.63,32.55,41.28,58.95,68.04,50.59,57.51,58.62,57.01,59.14,72.66,70.46,62.24,51.71,61.96,58.9,54.41,68.58,57.34,59.15,81.9,73.42,80.96,77.16,87.85,90.1,84.0,51.11,50.94,47.81,49.11,64.56,63.74,56.07,30.167,0.303,0.193,40.696,0.77,0.957,19.139,2.913,0.489,0.168,0.811,0.356,44.275,-2.423,-0.753,-0.748
E08000036,Wakefield,E01011844,Wakefield 012E,212500,46.48,35.9,44.66,47.85,60.23,68.41,51.7,58.32,54.7,61.12,63.65,71.99,70.95,62.79,52.35,57.69,58.13,54.53,64.7,57.54,57.64,83.04,73.24,84.02,81.71,89.0,91.06,85.83,52.12,46.42,52.75,52.35,63.15,64.04,55.78,7.06,0.081,0.067,7.973,0.105,-0.959,16.996,4.443,0.115,0.07,-1.146,0.213,44.137,-4.377,-0.835,-0.308
E08000036,Wakefield,E01011845,Wakefield 023A,265000,42.75,45.2,39.74,38.34,51.55,64.1,48.75,56.96,65.84,63.69,60.1,67.93,69.21,62.35,49.68,65.97,57.33,50.54,60.65,55.82,56.4,81.58,80.93,82.01,76.14,86.52,89.96,84.15,49.39,55.44,50.3,46.01,57.02,61.12,53.91,3.479,0.045,0.054,3.444,-0.542,-1.326,17.971,0.815,0.077,0.024,-1.72,0.165,46.088,-5.323,-1.238,-0.968
E08000036,Wakefield,E01011846,Wakefield 023B,172500,47.97,59.18,71.37,60.2,71.87,68.51,64.93,58.38,73.36,76.72,72.08,79.92,70.78,68.25,52.2,73.84,70.75,61.74,75.59,57.74,64.71,82.3,84.88,88.62,81.34,91.12,90.61,87.6,52.37,66.54,71.61,61.87,74.25,64.17,65.19,14.16,0.147,0.107,7.827,0.378,0.229,12.001,19.951,0.265,0.07,-0.898,0.201,34.814,-2.413,0.068,0.156
E08000036,Wakefield,E01011847,Wakefield 023C,245000,47.53,57.18,62.87,57.4,70.41,67.64,62.96,58.76,74.67,75.28,71.71,81.33,71.19,68.79,53.19,74.19,68.13,60.74,75.49,58.53,64.85,82.0,85.12,85.69,79.52,90.47,90.28,86.78,52.96,65.71,66.49,60.14,73.61,64.17,64.52,6.127,0.054,0.07,4.497,-0.361,-0.416,10.64,17.662,0.085,0.044,-1.528,0.177,35.5,-4.038,0.04,-0.057
E08000036,Wakefield,E01011848,Wakefield 023D,260000,43.11,50.39,48.09,46.92,52.14,64.55,52.3,56.71,67.23,66.89,65.12,69.24,69.0,63.48,47.98,66.11,56.44,51.51,57.85,53.82,55.14,81.8,82.95,83.67,78.55,86.65,90.16,85.07,48.34,58.3,53.53,50.57,55.94,60.38,54.77,8.281,0.087,0.082,5.621,-0.239,-0.126,18.932,7.181,0.166,0.05,-0.904,0.173,45.216,-3.055,-0.422,-0.468
E08000036,Wakefield,E01011849,Wakefield 034E,337500,28.08,21.21,5.17,21.04,20.99,44.82,24.63,52.39,43.16,29.07,37.97,41.62,63.8,48.29,34.91,37.79,19.86,26.28,25.96,40.7,31.86,82.24,67.44,64.86,68.89,75.96,90.61,77.47,36.01,29.59,13.98,24.92,24.55,44.79,30.34,15.43,0.103,0.087,8.223,-0.229,0.289,33.895,31.144,0.152,0.087,-0.976,0.21,69.596,-2.558,0.593,-0.013
E08000036,Wakefield,E01011850,Wakefield 018B,165000,48.59,59.24,76.83,65.21,75.34,69.87,67.33,57.61,70.61,77.37,72.7,82.43,70.29,68.02,51.79,69.25,71.18,62.17,74.92,56.98,63.66,81.9,80.74,89.81,82.07,91.47,90.22,87.34,52.13,64.47,74.22,64.29,75.6,64.39,65.58,50.663,0.514,0.272,66.983,1.303,1.439,13.969,8.785,0.683,0.408,1.372,0.46,34.377,-1.252,-0.554,0.023
E08000036,Wakefield,E01011851,Wakefield 023E,151500,50.8,64.44,83.56,73.7,86.04,70.35,74.05,59.92,77.53,80.97,79.89,88.85,72.33,72.43,55.91,77.8,79.08,71.02,87.34,60.54,71.49,82.96,85.61,91.0,85.76,95.85,91.13,90.34,55.6,71.22,81.5,72.86,86.97,66.45,72.71,31.565,0.291,0.202,29.955,0.954,0.716,10.312,39.729,0.442,0.227,0.227,0.337,27.234,-0.947,0.669,0.674
E08000036,Wakefield,E01011852,Wakefield 018C,250000,45.03,55.3,54.82,54.0,57.69,66.5,57.28,56.66,68.05,67.84,66.96,72.93,69.11,64.5,48.32,65.93,58.55,54.01,60.47,53.97,56.37,81.75,81.13,84.7,79.69,87.41,90.1,85.38,48.98,60.84,57.6,55.0,59.93,61.34,57.48,42.057,0.45,0.248,48.114,0.939,1.454,20.306,7.017,0.617,0.375,1.074,0.376,42.443,-1.171,-0.634,-0.108
E08000036,Wakefield,E01011853,Wakefield 018D,168000,46.81,58.58,72.36,61.25,66.77,68.3,63.3,57.11,70.74,75.02,71.32,77.3,69.7,66.66,49.73,69.89,67.65,59.16,68.25,55.54,60.73,81.56,81.43,87.64,79.77,88.95,89.86,85.95,50.35,64.4,70.3,61.0,68.14,62.95,62.33,30.945,0.365,0.216,38.852,0.846,0.325,15.961,5.751,0.487,0.336,0.348,0.391,37.675,-1.463,-0.388,-1.111
E08000036,Wakefield,E01011854,Wakefield 041A,118000,32.89,34.39,19.37,31.47,49.47,51.65,40.46,50.7,51.3,33.52,53.61,65.39,62.33,55.0,43.13,44.41,32.27,37.69,50.48,45.7,44.37,80.69,73.75,62.78,77.15,82.65,89.53,81.29,42.11,39.77,26.94,36.23,50.84,50.13,43.73,36.296,0.338,0.218,49.153,1.008,0.719,31.11,3.338,0.465,0.224,1.252,0.357,56.08,-0.306,-0.583,-1.194
E08000036,Wakefield,E01011855,Wakefield 041B,175125,37.85,41.1,17.39,40.63,49.33,54.87,44.83,52.22,57.84,37.77,59.03,67.56,64.33,58.05,46.19,52.65,35.98,44.34,52.68,48.64,48.68,79.81,76.84,63.84,78.24,83.92,88.83,81.98,45.4,47.17,28.23,43.87,52.0,53.15,47.97,21.426,0.181,0.132,29.476,0.566,0.39,25.933,7.498,0.284,0.12,0.386,0.316,51.903,-1.43,-0.366,-0.564
E08000036,Wakefield,E01011856,Wakefield 041C,113000,32.67,33.56,18.76,31.28,48.85,51.38,39.94,50.67,50.98,33.25,53.32,64.59,62.33,54.76,44.18,47.03,34.5,39.81,52.38,46.92,46.14,80.68,74.87,63.65,77.62,83.34,89.54,81.75,42.73,40.44,27.86,37.16,51.48,50.57,44.43,36.3,0.252,0.22,50.301,0.833,1.279,29.468,13.972,0.389,0.174,1.152,0.38,55.58,-0.782,-0.089,-0.211
E08000036,Wakefield,E01011857,Wakefield 034F,281000,27.15,20.95,4.29,22.69,14.98,41.64,22.57,51.47,37.24,22.13,38.56,36.43,63.46,46.18,37.36,37.75,21.24,29.45,25.87,41.71,33.21,81.02,70.72,65.02,74.01,75.11,89.79,78.31,37.24,29.12,14.09,27.23,21.55,43.78,30.05,9.171,0.047,0.059,9.47,-0.657,-0.369,32.969,15.141,0.07,0.032,-0.417,0.19,68.875,-2.833,0.071,-0.6
E08000036,Wakefield,E01011858,Wakefield 041D,207500,39.56,28.11,11.95,34.54,42.54,54.13,38.16,52.78,55.06,37.27,56.13,64.98,64.89,57.07,46.47,49.53,32.52,41.73,48.27,48.46,46.57,80.11,76.97,66.01,78.76,84.62,89.19,82.54,46.03,38.86,24.01,39.73,46.61,52.77,44.13,21.918,0.191,0.136,23.044,0.439,0.65,27.429,11.73,0.254,0.223,-0.002,0.298,55.723,-1.685,-0.316,0.005
E08000036,Wakefield,E01011859,Wakefield 043A,132500,47.71,51.2,47.29,53.63,76.78,62.88,61.44,53.89,62.93,58.21,64.96,84.37,65.9,63.68,54.81,68.93,55.1,56.63,74.9,56.38,62.98,80.27,83.07,72.57,81.64,91.71,89.32,86.24,53.35,59.7,52.15,55.98,76.33,60.55,62.53,47.947,0.403,0.244,76.788,1.494,0.943,21.697,19.282,0.529,0.329,2.001,0.434,37.554,0.557,0.15,-0.149
E08000036,Wakefield,E01011860,Wakefield 044A,185000,46.47,45.04,46.85,52.07,76.02,61.03,58.89,53.68,60.53,58.5,63.67,85.35,65.58,63.19,55.06,66.48,55.96,56.59,75.44,56.75,62.84,80.39,81.52,74.47,82.62,93.53,89.43,86.96,53.21,55.29,52.43,55.18,76.31,59.85,61.4,17.523,0.166,0.119,29.799,0.481,-0.698,18.183,14.44,0.358,0.117,0.529,0.301,38.616,-0.841,-0.032,-0.318
E08000036,Wakefield,E01011861,Wakefield 044B,201500,42.46,39.61,50.06,54.55,78.29,60.11,58.02,53.14,56.46,58.89,62.07,85.28,65.05,62.09,54.5,63.61,56.94,57.07,76.15,56.57,62.47,79.78,78.04,74.06,81.72,93.6,88.9,86.19,51.88,51.0,54.36,56.37,77.69,59.31,60.77,18.57,0.179,0.128,32.105,0.165,0.199,18.422,9.875,0.297,0.141,0.665,0.304,39.377,-0.971,-0.22,-0.537
E08000036,Wakefield,E01011862,Wakefield 044C,156500,41.95,41.92,52.4,54.59,76.51,61.76,58.32,53.12,57.33,59.04,64.42,84.97,65.47,62.57,53.34,62.68,58.68,56.32,74.37,55.99,61.41,79.11,75.51,72.92,81.28,93.02,88.29,85.38,51.02,51.86,56.3,56.2,75.98,59.83,60.37,31.292,0.296,0.17,44.664,1.347,0.543,21.489,3.45,0.409,0.335,1.194,0.332,39.664,0.021,-0.69,-0.707
E08000036,Wakefield,E01011863,Wakefield 044D,145000,43.1,49.89,56.69,59.05,84.34,63.36,64.1,52.89,59.14,60.65,65.29,86.62,65.19,63.12,55.9,69.21,63.37,62.18,82.4,58.3,66.61,79.16,77.14,74.02,81.89,93.72,88.34,85.96,52.88,58.93,60.73,61.07,83.61,61.61,65.44,56.493,0.482,0.315,75.475,1.527,1.487,21.805,10.573,0.582,0.366,1.663,0.472,34.618,1.223,-0.204,-0.439
E08000036,Wakefield,E01011864,Wakefield 045A,155750,36.06,48.77,24.92,39.93,58.95,58.43,50.06,55.34,62.99,48.61,64.26,76.7,68.01,62.99,49.62,62.75,45.74,52.91,66.92,54.44,57.24,78.99,80.54,71.05,83.85,91.5,88.34,85.91,47.63,55.78,37.13,48.18,63.93,57.79,54.93,55.782,0.486,0.275,81.798,1.59,1.235,30.231,8.275,0.647,0.415,2.211,0.445,45.108,1.359,-0.45,-0.21
E08000036,Wakefield,E01011865,Wakefield 042D,170000,37.58,57.92,58.85,62.83,79.55,60.81,64.57,55.7,69.53,61.71,71.82,86.13,69.0,67.11,51.69,69.0,58.02,60.62,76.61,56.33,63.22,78.78,83.28,72.85,85.34,92.61,88.02,86.84,49.35,63.61,58.82,62.44,78.53,59.84,64.18,47.652,0.411,0.312,64.346,1.513,0.775,18.936,3.503,0.521,0.323,1.467,0.425,35.925,0.104,-0.615,-0.896
E08000036,Wakefield,E01011866,Wakefield 045B,157500,39.88,43.39,48.61,44.85,65.61,61.27,53.25,54.05,62.2,59.04,63.56,80.72,66.4,62.89,51.15,61.4,58.01,53.85,68.74,54.98,58.6,78.91,79.17,74.09,82.23,91.74,88.23,85.6,49.28,52.34,54.31,50.71,68.04,59.2,56.91,42.501,0.351,0.242,74.738,1.205,0.747,22.608,5.238,0.536,0.213,2.132,0.407,43.071,-0.491,-0.469,-0.822
E08000036,Wakefield,E01011867,Wakefield 042E,152000,38.1,62.48,62.09,65.64,83.52,61.55,67.76,55.48,70.21,61.38,72.4,86.47,68.95,67.25,52.92,71.71,60.93,63.49,79.77,57.44,65.5,78.69,83.97,72.34,85.26,92.31,87.87,86.74,50.22,67.2,61.77,65.11,81.91,60.69,66.66,44.817,0.429,0.256,61.246,1.398,1.205,14.838,8.214,0.628,0.358,1.573,0.391,33.365,-0.624,-0.384,-0.369
E08000036,Wakefield,E01011868,Wakefield 045C,175000,40.64,49.86,45.16,49.68,68.15,62.26,56.69,53.98,64.99,57.71,65.0,81.12,66.53,63.53,53.78,66.2,57.52,58.69,74.32,57.02,62.54,78.88,79.5,72.52,81.6,91.15,88.19,85.24,51.13,57.93,52.51,55.29,72.0,60.62,60.38,30.363,0.274,0.193,34.667,0.885,1.15,20.738,5.904,0.303,0.254,0.761,0.314,39.658,-0.215,-0.434,-0.748
E08000036,Wakefield,E01011869,Wakefield 043B,83000,45.07,56.53,59.63,60.63,89.36,64.88,68.21,53.82,66.27,64.68,68.15,93.86,66.2,66.31,58.22,74.18,66.42,65.24,86.09,60.3,69.86,79.86,84.96,77.06,84.68,96.53,89.0,88.6,54.94,64.92,63.79,63.48,88.08,63.33,69.03,52.242,0.459,0.24,70.461,1.36,1.933,18.394,31.492,0.802,0.333,1.505,0.463,31.076,0.937,0.61,-0.028
E08000036,Wakefield,E01011870,Wakefield 043C,168000,45.38,52.34,50.94,54.3,78.35,63.69,62.24,53.42,63.23,58.1,63.86,83.91,65.53,63.23,55.53,69.04,59.27,58.51,76.98,58.05,64.35,79.74,81.74,73.13,81.19,92.54,88.91,86.11,53.23,60.36,55.96,57.11,78.06,61.67,63.53,21.267,0.163,0.161,28.337,0.698,0.546,14.707,6.52,0.214,0.096,0.048,0.34,36.468,-1.627,-0.601,-0.222
E08000036,Wakefield,E01011871,Wakefield 043D,147500,42.26,48.19,48.0,51.53,71.65,62.95,58.02,53.31,61.43,56.25,62.31,79.28,65.57,61.9,55.38,67.17,60.19,59.84,75.46,58.31,63.86,78.81,75.8,70.73,79.67,89.56,88.08,83.85,52.42,57.29,55.12,56.44,74.05,61.46,61.48,35.491,0.284,0.226,52.915,1.073,0.632,19.077,23.58,0.471,0.184,1.135,0.399,38.37,-0.455,0.243,0.138
E08000036,Wakefield,E01011872,Wakefield 045D,130000,38.85,49.87,36.25,46.09,67.35,61.15,55.08,55.06,65.03,54.59,66.66,82.04,67.75,64.48,52.06,67.11,53.59,58.3,74.79,56.45,62.03,79.05,81.26,72.77,83.75,92.24,88.37,86.28,49.78,58.33,46.45,53.67,71.92,59.95,59.55,51.974,0.454,0.287,81.002,1.194,1.105,23.735,17.24,0.638,0.374,2.152,0.446,40.608,0.475,0.044,-0.125
E08000036,Wakefield,E01011873,Wakefield 006A,185000,44.28,48.51,40.87,44.13,46.51,64.61,49.5,67.14,70.37,62.74,58.21,63.54,75.0,66.92,65.37,68.55,59.18,56.7,60.49,64.34,63.31,84.62,80.78,82.04,78.79,83.18,91.99,84.66,61.22,58.52,51.74,51.39,54.46,65.82,58.19,9.005,0.095,0.066,9.014,-0.32,-0.293,23.235,13.407,0.148,0.064,-0.556,0.196,41.754,0.07,-0.187,-0.047
E08000036,Wakefield,E01011874,Wakefield 009A,225000,43.76,43.75,45.02,46.41,65.82,62.63,54.23,61.34,56.38,57.73,59.27,75.25,70.66,64.08,55.56,58.69,53.92,51.26,62.49,55.77,57.41,83.26,70.03,78.53,76.9,86.85,90.94,83.58,54.0,51.06,50.52,49.79,64.72,60.54,56.77,8.585,0.06,0.078,9.766,0.048,-0.551,17.859,13.651,0.053,0.063,-0.445,0.196,43.229,-2.78,-0.296,0.204
E08000036,Wakefield,E01011875,Wakefield 007A,173500,38.67,22.5,25.1,27.79,34.13,52.94,33.22,63.99,48.34,47.36,43.78,51.15,71.34,57.59,53.17,46.27,40.64,38.51,39.54,53.78,46.09,86.45,80.4,82.54,79.16,83.33,93.98,85.43,51.7,34.17,34.41,34.29,37.75,55.24,41.95,34.755,0.271,0.172,43.743,0.801,0.452,43.063,30.743,0.379,0.25,1.194,0.325,58.051,2.709,0.38,0.571
E08000036,Wakefield,E01011876,Wakefield 007B,252997.5,48.91,42.3,51.15,44.38,50.04,66.5,50.17,66.48,63.27,69.52,63.36,66.49,74.3,67.02,61.44,65.88,65.16,55.79,60.55,61.38,61.52,85.16,81.67,88.79,83.2,85.88,92.68,87.04,59.64,53.74,59.64,51.45,56.22,65.24,57.53,17.786,0.219,0.103,18.401,0.241,0.495,19.788,12.558,0.333,0.166,0.384,0.2,42.433,-1.388,-0.648,0.532
E08000036,Wakefield,E01011877,Wakefield 006B,227500,49.29,53.35,56.24,50.1,56.08,68.16,56.4,66.91,65.76,71.8,63.2,67.12,74.65,67.7,64.34,69.75,64.11,56.49,61.07,62.67,63.37,84.51,80.08,86.16,80.57,84.25,91.95,85.46,61.64,61.33,61.35,54.25,59.23,66.63,61.04,19.404,0.114,0.143,12.708,1.061,0.503,19.109,10.444,0.14,0.05,-0.895,0.257,38.858,-0.57,-0.239,-0.36
E08000036,Wakefield,E01011878,Wakefield 007C,208650,43.81,47.78,49.1,48.72,47.68,64.71,50.75,65.87,62.5,65.45,58.24,61.58,73.54,64.88,61.21,65.85,58.59,54.44,54.6,60.24,59.38,85.03,80.34,84.87,80.19,82.29,92.47,84.95,58.27,56.56,55.07,52.26,51.92,63.83,56.47,11.884,0.097,0.091,13.145,-0.03,-0.233,25.772,10.111,0.162,0.067,-0.419,0.234,43.353,0.45,-0.246,-0.401
E08000036,Wakefield,E01011879,Wakefield 009B,165000,42.1,52.18,56.36,45.99,72.47,63.6,58.72,61.55,62.47,67.61,59.51,81.18,71.1,66.22,58.41,64.38,63.05,53.71,68.17,58.53,61.63,82.73,75.76,84.39,76.47,90.41,90.42,85.24,55.48,58.24,60.67,50.82,70.85,62.32,60.94,17.665,0.122,0.1,18.023,0.451,0.079,20.698,37.929,0.231,0.08,-0.041,0.251,39.037,-0.07,0.837,-0.195
E08000036,Wakefield,E01011880,Wakefield 007D,193000,52.78,38.47,51.26,40.63,52.19,68.26,49.83,66.48,61.45,68.18,62.76,67.96,74.19,66.88,61.45,64.1,66.03,53.81,61.37,61.28,61.15,84.96,80.26,89.41,83.43,87.44,92.5,87.36,60.51,50.87,60.1,48.81,57.67,65.99,57.19,10.457,0.066,0.07,5.512,-0.225,0.352,26.068,17.989,0.117,0.035,-0.896,0.171,42.596,0.689,0.003,0.079
E08000036,Wakefield,E01011881,Wakefield 008A,190000,54.72,65.51,61.15,52.1,69.19,70.34,65.1,68.4,70.92,77.07,70.02,79.5,76.15,72.41,68.56,77.5,69.89,62.6,73.8,67.39,70.76,84.59,86.39,90.57,84.95,90.79,92.04,89.22,65.77,71.3,66.76,58.64,72.13,69.96,68.75,18.858,0.179,0.121,25.452,0.398,0.377,11.434,23.162,0.297,0.153,0.464,0.268,31.209,-1.421,0.185,0.235
E08000036,Wakefield,E01011882,Wakefield 009C,202500,42.76,50.93,55.01,46.75,71.28,63.61,58.21,61.45,60.97,64.75,59.42,78.74,70.94,65.5,58.29,63.92,62.31,53.93,67.89,58.15,61.42,82.88,74.53,82.95,76.74,89.41,90.57,84.86,55.54,57.31,59.59,51.25,70.05,62.13,60.57,10.981,0.132,0.089,14.929,-0.049,-0.462,15.278,12.528,0.23,0.125,-0.508,0.26,39.427,-2.548,-0.092,-0.452
E08000036,Wakefield,E01011883,Wakefield 009D,223250,45.35,40.44,44.5,46.41,67.07,63.15,53.96,60.79,53.73,55.91,58.19,74.53,70.14,63.1,56.72,58.19,53.54,52.49,64.68,56.39,58.46,83.39,65.59,73.53,73.91,83.28,91.08,81.23,55.02,48.97,50.02,50.3,66.35,61.03,57.13,20.004,0.232,0.135,20.514,0.605,-0.725,20.866,19.853,0.395,0.225,0.044,0.269,42.921,-1.103,-0.143,0.584
E08000036,Wakefield,E01011884,Wakefield 017A,165000,61.5,61.8,75.87,60.74,82.19,73.84,71.41,67.87,72.95,80.71,76.03,81.72,75.64,73.8,68.27,77.02,80.39,67.62,80.88,67.88,73.61,84.83,81.41,92.6,84.18,89.32,92.23,88.28,67.02,69.26,78.88,65.3,81.63,71.74,72.87,5.723,0.104,0.046,5.481,-0.348,-0.448,7.727,13.121,0.173,0.084,-0.932,0.172,27.214,-2.147,-0.153,-0.165
E08000036,Wakefield,E01011885,Wakefield 014A,258500,50.38,42.77,34.52,35.45,47.62,64.84,47.33,67.74,56.9,52.81,56.46,64.53,75.71,65.13,61.37,61.57,50.64,48.37,53.59,60.91,57.25,86.13,71.35,80.48,77.9,83.78,93.51,84.11,60.1,51.81,44.05,43.41,51.53,64.38,54.01,13.627,0.109,0.11,15.292,0.599,-1.097,19.075,12.527,0.155,0.099,-0.135,0.231,45.901,-3.337,-0.422,0.276
E08000036,Wakefield,E01011886,Wakefield 014B,260000,54.66,49.93,45.0,40.96,56.22,69.25,54.29,67.64,60.72,62.03,63.09,69.3,75.34,67.57,64.88,68.42,60.35,54.87,62.74,63.54,63.4,85.72,73.77,83.7,80.88,85.28,93.1,85.46,63.29,58.7,54.13,49.5,60.23,67.59,60.2,8.388,0.105,0.082,11.603,-0.334,-0.357,14.839,7.4,0.153,0.058,-0.607,0.229,39.674,-2.99,-0.89,0.13
E08000036,Wakefield,E01011887,Wakefield 008B,230000,59.0,56.8,61.33,49.3,80.16,72.22,66.3,68.49,68.81,75.9,72.5,83.76,76.08,73.23,67.33,72.6,70.32,60.84,76.13,66.48,69.82,85.55,78.97,90.04,83.19,90.9,92.94,88.4,65.95,64.52,67.03,56.76,78.44,70.39,68.8,4.766,0.063,0.041,6.596,-0.718,0.117,8.122,9.946,0.094,0.051,-0.583,0.165,31.228,-3.527,-0.846,0.389
E08000036,Wakefield,E01011888,Wakefield 014C,276000,53.57,54.84,46.03,41.49,55.79,68.14,55.35,67.44,62.67,60.44,60.73,68.46,75.34,67.21,63.49,69.83,60.83,53.62,60.8,62.43,62.45,85.64,74.88,82.86,79.87,85.07,93.03,85.23,62.13,61.98,54.77,48.93,59.03,66.57,60.1,5.231,0.058,0.057,4.836,-0.183,-0.972,13.906,12.056,0.123,0.041,-1.472,0.181,39.757,-3.995,-0.226,-0.14
E08000036,Wakefield,E01011889,Wakefield 022A,217500,51.19,47.78,30.56,41.58,64.56,69.8,55.29,66.69,67.05,54.4,62.31,73.64,75.23,68.47,60.78,62.25,47.55,51.56,60.57,60.62,59.31,84.73,75.21,76.23,80.12,87.79,92.23,85.48,59.76,55.27,40.74,48.08,63.1,66.47,58.54,5.798,0.062,0.044,7.542,-0.534,0.019,15.561,11.207,0.085,0.06,-0.826,0.194,40.951,-3.199,-0.448,0.166
E08000036,Wakefield,E01011890,Wakefield 014D,277500,51.52,51.67,33.78,42.18,64.05,69.62,56.45,67.48,67.59,57.67,63.05,75.21,75.86,69.38,61.35,67.28,52.96,52.33,62.54,60.95,61.19,84.99,74.64,80.04,80.27,88.31,92.53,85.89,60.3,59.49,45.16,48.77,63.95,66.6,60.05,7.873,0.107,0.076,10.903,-0.196,-0.516,13.499,6.061,0.185,0.077,-0.176,0.182,39.849,-4.86,-0.59,-0.314
E08000036,Wakefield,E01011891,Wakefield 014E,232500,56.43,54.76,46.7,47.9,70.1,72.12,61.57,67.83,67.72,64.64,67.26,75.82,75.83,70.44,64.58,71.48,63.08,58.75,69.85,64.25,66.4,85.36,78.03,85.24,82.54,88.54,92.77,87.17,63.52,62.92,56.43,54.72,70.37,69.28,64.91,25.532,0.265,0.162,28.677,0.878,0.614,11.443,17.663,0.298,0.27,0.396,0.308,35.073,-2.915,-0.184,0.433
E08000036,Wakefield,E01011892,Wakefield 022B,217500,54.4,54.21,40.58,48.62,72.61,72.44,61.8,66.74,72.12,60.99,68.45,79.38,75.37,71.23,63.19,66.29,53.5,56.91,67.6,62.34,63.72,84.54,79.15,78.89,83.44,90.9,92.07,87.59,62.02,60.64,48.5,54.22,70.54,68.49,63.66,23.14,0.258,0.155,26.618,0.812,0.377,12.118,10.644,0.407,0.25,0.426,0.284,36.197,-3.057,-0.5,0.174
E08000036,Wakefield,E01011893,Wakefield 008C,205000,52.29,59.13,54.92,45.57,55.78,67.81,57.38,68.48,69.34,72.02,62.1,71.36,76.45,69.57,70.76,72.67,64.55,59.25,65.51,69.69,67.97,84.54,79.88,84.22,78.02,84.58,91.98,84.9,66.65,65.8,61.02,53.56,61.53,69.9,63.98,9.444,0.086,0.076,11.218,0.249,-0.433,13.105,14.647,0.122,0.062,-0.364,0.207,36.025,-2.297,-0.426,0.504
E08000036,Wakefield,E01011894,Wakefield 006C,271000,47.4,57.85,49.02,49.81,54.66,67.23,56.49,67.62,73.07,69.08,62.45,70.46,75.53,69.47,66.26,71.71,61.13,58.06,63.35,64.73,65.16,84.87,85.64,85.69,81.76,87.01,92.3,87.21,62.55,64.92,56.53,54.84,59.9,67.24,62.15,8.201,0.075,0.061,9.099,-0.118,-0.179,17.791,15.661,0.105,0.049,-0.823,0.213,37.68,-0.722,-0.376,0.539
E08000036,Wakefield,E01011895,Wakefield 006D,205678.5,49.57,57.5,52.36,51.47,57.12,68.69,58.02,67.34,67.28,71.08,62.69,69.65,75.03,68.45,66.63,72.78,62.85,59.18,65.19,65.13,66.19,84.27,82.35,85.98,81.29,86.05,91.7,86.28,63.23,64.89,58.97,56.12,61.89,68.05,63.22,16.453,0.173,0.107,19.367,0.599,-0.536,22.312,9.2,0.319,0.109,0.012,0.26,36.823,0.887,-0.525,0.036
E08000036,Wakefield,E01011896,Wakefield 008D,190000,52.3,63.68,57.52,50.88,62.6,68.9,61.8,68.27,70.19,74.02,65.66,75.04,76.13,70.77,69.11,75.84,66.68,61.53,70.83,67.84,69.64,84.47,81.72,86.61,81.16,87.11,91.94,86.6,65.56,69.59,63.36,57.26,67.45,69.51,66.71,20.995,0.207,0.143,21.694,0.584,0.338,14.837,22.711,0.381,0.132,0.109,0.274,33.277,-0.606,0.13,0.317
E08000036,Wakefield,E01011897,Wakefield 008E,176500,55.66,70.35,65.88,50.95,69.0,70.19,66.45,68.75,71.25,78.41,69.42,79.78,76.64,72.63,70.25,79.15,72.74,63.71,74.26,69.27,72.11,84.71,85.17,89.31,83.14,89.45,92.19,88.3,67.11,74.57,70.38,58.65,72.29,70.81,70.01,34.81,0.342,0.224,37.927,1.141,0.99,14.517,14.865,0.354,0.386,0.847,0.33,30.0,-0.012,-0.07,-0.137
E08000036,Wakefield,E01011898,Wakefield 030A,130500,57.58,53.73,57.99,69.94,74.16,70.31,66.87,65.87,77.35,73.59,79.76,83.55,74.52,74.19,68.16,74.38,72.87,73.57,81.83,68.53,74.07,83.32,79.57,86.75,89.24,91.74,91.02,89.11,65.79,64.13,66.88,72.48,78.6,70.35,71.33,29.401,0.29,0.158,45.695,0.799,0.435,11.267,35.646,0.539,0.256,1.293,0.323,28.555,-0.845,0.443,0.874
E08000036,Wakefield,E01011899,Wakefield 026A,140000,53.38,60.11,40.2,55.69,69.94,73.43,63.82,66.02,81.35,60.39,75.17,81.41,75.19,73.56,66.4,76.05,64.35,69.01,76.71,66.46,71.31,85.12,82.29,77.79,85.06,90.98,92.63,88.44,63.75,68.4,54.16,63.73,74.02,70.86,68.62,47.045,0.508,0.252,54.401,1.168,1.772,9.341,11.406,0.737,0.331,1.1,0.413,31.425,-2.636,-0.845,0.54
E08000036,Wakefield,E01011900,Wakefield 026B,171000,58.2,68.13,55.65,67.22,84.48,73.97,73.71,66.47,83.55,69.58,80.53,87.3,75.27,76.04,68.84,78.84,71.7,74.71,86.07,68.84,76.27,84.24,86.26,82.2,88.2,94.15,91.78,90.37,66.45,73.92,65.1,71.93,85.55,72.22,75.36,40.144,0.39,0.239,42.828,1.355,1.257,8.182,22.204,0.504,0.386,0.694,0.384,24.659,-1.37,0.057,0.422
E08000036,Wakefield,E01011901,Wakefield 026C,:,56.61,69.45,51.46,63.66,80.93,74.25,72.01,66.42,84.93,66.87,78.73,86.17,75.42,75.7,68.0,78.96,69.59,72.56,83.52,68.02,74.9,84.6,86.91,80.91,87.63,93.54,92.11,90.2,65.55,74.74,62.06,69.19,82.62,71.98,73.94,51.758,0.598,0.273,65.436,1.293,0.932,6.206,14.059,0.733,0.598,1.203,0.476,26.044,-2.767,-0.238,0.142
E08000036,Wakefield,E01011902,Wakefield 028A,225000,60.49,58.41,47.65,67.74,71.09,71.03,66.89,65.86,76.39,63.36,78.92,77.01,74.12,72.63,66.62,71.04,61.45,69.6,75.52,66.48,70.21,83.84,80.08,78.23,86.43,88.91,91.45,87.48,65.46,65.1,55.91,69.52,73.72,69.68,69.2,21.776,0.183,0.132,21.746,0.523,0.748,8.071,35.76,0.316,0.121,0.168,0.268,30.712,-3.258,0.509,0.73
E08000036,Wakefield,E01011903,Wakefield 028B,250000,50.82,57.39,40.63,53.66,65.54,71.24,60.85,65.03,78.06,57.93,72.76,77.03,73.95,71.41,64.85,75.22,63.58,67.98,74.78,64.94,69.89,84.7,83.18,78.09,86.08,91.23,92.19,88.69,62.05,66.44,53.84,62.16,70.86,69.04,66.52,28.328,0.228,0.213,18.781,0.605,1.542,8.785,19.168,0.327,0.128,-0.751,0.31,33.478,-4.712,-0.21,0.632
E08000036,Wakefield,E01011904,Wakefield 026D,225000,54.64,66.18,46.34,61.68,75.74,73.54,68.69,66.25,84.83,64.71,79.65,84.95,75.34,75.51,67.43,79.99,69.86,74.18,82.61,67.71,74.91,84.82,86.28,80.95,88.56,93.86,92.35,90.51,64.73,73.46,59.92,69.21,79.77,71.5,72.6,48.762,0.509,0.271,69.311,1.124,1.37,6.396,6.631,0.659,0.315,1.651,0.429,27.538,-3.169,-0.665,-0.133
E08000036,Wakefield,E01011905,Wakefield 028C,220000,54.74,59.64,42.38,56.74,66.64,70.22,62.84,65.35,77.69,59.98,75.25,75.42,73.9,71.66,64.55,72.64,60.18,65.52,71.64,63.94,67.97,83.73,81.48,76.41,84.48,89.31,91.31,87.19,62.78,66.5,52.83,62.48,69.7,68.1,66.33,6.283,0.06,0.057,9.25,-0.311,-0.084,9.222,13.119,0.12,0.044,-0.622,0.203,33.634,-4.111,-0.281,0.112
E08000036,Wakefield,E01011906,Wakefield 030B,:,53.28,49.04,51.97,60.06,64.83,67.88,59.97,64.83,71.36,68.83,73.17,78.75,73.38,70.89,65.83,69.78,66.22,66.39,72.91,65.73,68.71,82.45,74.82,83.41,85.4,88.75,90.23,86.45,63.19,59.37,60.53,64.18,69.69,67.83,65.51,57.422,0.576,0.292,82.564,1.188,1.613,16.319,10.291,0.787,0.625,2.092,0.465,34.396,-0.377,-0.282,-0.27
E08000036,Wakefield,E01011907,Wakefield 028D,132500,61.64,67.08,61.17,75.94,89.51,75.06,77.29,67.14,83.81,74.69,86.47,91.96,75.89,78.23,70.22,79.23,73.66,79.01,89.73,70.59,78.58,84.03,87.98,85.47,91.54,95.86,91.59,91.86,68.2,73.55,68.71,78.26,89.88,73.59,78.17,36.456,0.304,0.215,34.077,0.749,1.531,8.111,47.418,0.405,0.313,-0.119,0.392,21.839,-0.982,0.809,0.943
E08000036,Wakefield,E01011908,Wakefield 030C,168000,56.53,55.12,57.68,72.4,77.04,70.13,68.37,65.53,77.52,71.05,79.56,85.3,74.43,74.27,69.16,76.58,74.51,76.26,86.03,69.9,76.42,83.25,82.45,86.81,90.84,93.67,91.01,90.31,66.15,65.8,67.54,74.85,82.09,70.9,73.16,27.482,0.248,0.148,36.816,0.586,0.954,10.395,36.617,0.377,0.172,0.447,0.368,26.663,-0.82,0.555,0.696
E08000036,Wakefield,E01011909,Wakefield 020A,227000,56.74,49.01,66.83,51.34,65.19,70.13,59.82,66.25,69.74,76.59,71.05,74.19,74.14,70.4,63.44,69.74,73.55,59.32,70.22,62.96,66.24,83.84,80.39,89.03,82.19,86.65,91.31,86.45,62.64,59.25,71.16,56.78,68.26,67.62,64.12,21.542,0.242,0.161,25.101,0.249,0.472,18.195,8.768,0.473,0.126,0.337,0.281,35.586,-0.042,-0.385,-0.271
E08000036,Wakefield,E01011910,Wakefield 020B,165000,60.9,66.18,78.91,68.84,81.88,72.98,73.9,66.68,80.45,83.69,80.72,86.97,75.0,75.9,67.0,79.95,82.0,69.93,83.35,66.84,74.68,83.62,89.37,90.69,86.64,92.34,91.15,90.03,65.91,73.2,81.17,70.29,83.0,70.82,74.59,54.522,0.519,0.295,58.66,1.715,1.488,16.434,19.906,0.707,0.442,0.662,0.5,25.111,1.259,0.02,0.261
E08000036,Wakefield,E01011911,Wakefield 020C,147500,56.28,53.68,61.19,55.49,68.95,69.27,62.55,65.66,74.15,76.39,74.37,80.92,73.95,72.36,65.44,74.03,73.94,65.1,77.79,65.25,70.61,83.66,86.95,88.86,85.73,90.98,91.27,89.12,63.73,63.78,68.94,61.67,74.1,68.29,67.65,47.47,0.473,0.275,58.615,1.078,1.361,20.938,14.529,0.57,0.478,0.902,0.467,31.924,1.475,-0.07,-0.184
E08000036,Wakefield,E01011912,Wakefield 017B,255950,63.84,65.94,82.92,77.1,90.52,75.31,78.7,67.79,80.98,84.5,84.81,90.44,75.97,77.79,71.62,82.21,85.56,78.84,91.18,72.05,80.43,84.54,87.26,92.87,88.97,94.49,91.96,91.35,69.68,74.08,84.84,78.55,90.99,74.4,79.66,46.583,0.381,0.235,44.66,1.492,2.42,10.933,39.423,0.478,0.336,0.525,0.412,20.342,0.134,0.717,0.493
E08000036,Wakefield,E01011913,Wakefield 017C,110000,63.56,69.81,84.09,80.01,92.72,75.04,80.9,67.3,82.65,86.29,85.4,91.87,75.73,78.14,70.59,83.72,87.16,79.31,93.72,70.99,81.05,84.07,88.07,92.6,89.55,95.27,91.59,91.63,68.89,76.84,86.28,80.08,93.32,73.76,80.9,43.852,0.398,0.181,64.45,0.965,1.082,17.532,56.3,0.505,0.316,0.802,0.535,19.057,2.064,1.043,0.886
E08000036,Wakefield,E01011914,Wakefield 020D,146000,59.68,60.48,67.29,68.12,79.54,71.26,70.72,66.31,80.32,79.71,81.35,87.48,74.7,75.8,67.43,76.8,75.76,69.96,82.5,67.39,73.88,83.78,88.75,90.25,89.39,94.3,91.4,91.18,65.86,68.86,72.66,70.04,81.55,70.26,72.9,42.695,0.46,0.263,57.657,0.973,0.821,15.955,15.746,0.555,0.443,1.102,0.434,26.825,0.909,-0.085,0.017
E08000036,Wakefield,E01011915,Wakefield 020E,95000,61.99,65.42,74.54,76.87,87.84,73.14,76.9,66.53,81.02,81.61,83.12,89.98,74.9,76.75,69.68,80.19,81.16,75.99,88.91,69.97,78.13,83.35,84.14,88.87,88.54,94.03,90.98,90.21,67.84,72.94,78.76,76.92,88.62,72.34,77.66,43.678,0.48,0.225,50.389,1.112,1.264,15.587,29.787,0.671,0.417,0.603,0.442,22.171,1.319,0.344,0.558
E08000036,Wakefield,E01011916,Wakefield 017D,91000,,,,,,,,,,,,,,,,,,,,,,,,,,,,,,,,,,,,,,,,,,,,,,,,,,,
E08000036,Wakefield,E01011917,Wakefield 030D,239995,54.35,47.33,46.76,67.06,73.3,68.52,63.29,65.14,72.06,63.3,76.56,82.71,74.12,72.29,68.63,73.61,70.88,75.5,86.09,69.75,75.5,83.13,79.34,82.73,88.4,91.67,90.94,88.64,65.27,60.16,60.6,71.94,80.31,70.06,70.49,55.834,0.538,0.268,71.416,1.312,1.835,12.417,31.793,0.753,0.501,1.423,0.488,29.363,-0.597,0.29,0.858
E08000036,Wakefield,E01011918,Wakefield 026E,230000,53.5,52.56,40.1,50.23,69.15,72.86,60.52,66.16,76.23,59.29,70.7,79.4,75.31,71.86,65.25,70.06,59.68,62.83,71.61,64.83,67.37,85.59,79.35,77.17,82.41,89.54,93.09,87.27,63.06,61.6,51.56,58.0,71.0,69.84,65.11,26.11,0.306,0.153,36.622,0.742,0.727,10.578,8.446,0.439,0.231,0.962,0.3,34.815,-3.522,-0.872,0.243
E08000036,Wakefield,E01011919,Wakefield 022C,125500,60.29,63.95,62.34,69.29,85.68,75.31,74.01,66.86,80.31,74.83,80.46,87.44,75.66,75.91,69.2,76.33,72.81,74.05,85.98,69.07,75.89,84.0,82.86,84.74,88.16,94.06,91.55,90.02,67.2,70.48,68.77,72.49,86.05,72.98,75.27,35.001,0.363,0.186,39.369,0.914,1.225,10.864,33.287,0.518,0.273,0.45,0.384,24.603,-0.345,0.583,0.274
E08000036,Wakefield,E01011920,Wakefield 019A,147000,62.97,60.12,68.77,76.02,89.45,75.76,75.98,67.32,78.05,78.0,82.44,88.28,75.75,76.32,72.62,78.92,78.08,79.16,90.76,73.35,79.94,84.2,80.34,87.79,88.41,93.87,91.69,89.97,70.06,69.46,74.48,78.06,90.19,75.19,78.2,25.986,0.235,0.109,34.542,0.791,1.104,11.418,33.565,0.442,0.237,0.307,0.364,21.802,0.148,0.283,1.036
E08000036,Wakefield,E01011921,Wakefield 022D,195000,56.71,66.82,48.5,61.5,79.66,75.15,70.53,66.62,82.74,65.2,76.92,86.01,75.68,75.17,67.39,76.18,65.55,70.1,80.72,67.06,72.91,85.01,85.8,80.33,86.05,92.9,92.54,89.67,65.21,72.05,58.55,66.91,80.63,71.96,72.26,23.861,0.225,0.15,25.569,0.714,0.863,8.341,22.252,0.392,0.151,0.351,0.284,27.931,-2.008,0.22,0.038
E08000036,Wakefield,E01011922,Wakefield 026F,144000,53.39,55.69,39.96,52.41,68.61,73.5,61.65,66.15,79.31,59.9,73.37,80.33,75.41,72.88,64.84,72.03,59.5,63.76,71.35,64.58,67.63,85.46,80.14,77.48,83.56,89.99,92.96,87.7,62.77,64.25,51.42,59.6,70.67,70.03,65.77,58.198,0.501,0.309,67.319,1.987,1.917,10.407,11.496,0.532,0.579,1.573,0.428,34.163,-3.222,-0.425,0.163
E08000036,Wakefield,E01011923,Wakefield 019B,250000,63.51,59.12,75.15,69.3,86.33,75.85,73.92,68.79,78.51,82.5,83.09,90.0,76.8,77.58,71.51,77.99,80.84,73.59,86.18,71.55,77.37,85.47,85.1,92.29,88.5,94.62,92.86,91.36,69.67,68.56,78.88,72.47,86.57,74.48,76.14,8.014,0.08,0.063,3.083,-0.574,-0.329,6.77,39.043,0.1,0.074,-1.183,0.145,23.892,-1.901,0.704,0.492
E08000036,Wakefield,E01011924,Wakefield 019C,190000,60.92,52.9,61.85,61.14,79.59,74.8,67.78,67.09,70.71,71.56,73.65,81.46,75.28,72.54,69.3,71.84,70.53,67.31,80.06,68.98,72.51,83.82,73.77,83.54,82.39,89.26,91.3,86.29,67.44,62.25,67.21,65.14,80.04,72.67,70.74,18.959,0.21,0.112,25.446,0.156,0.708,8.475,21.203,0.387,0.12,0.153,0.305,29.208,-2.33,0.137,0.133
E08000036,Wakefield,E01011925,Wakefield 019D,130000,59.34,54.32,57.58,58.45,79.28,74.72,67.19,67.11,71.84,71.0,73.58,81.64,75.47,72.73,67.45,70.7,65.75,64.74,77.84,66.98,70.44,83.57,76.11,82.55,83.62,90.47,91.1,87.02,65.91,62.57,62.78,62.71,78.79,71.71,69.44,43.777,0.47,0.257,58.331,1.164,0.974,11.075,14.941,0.632,0.399,1.104,0.438,30.463,-1.375,0.043,-0.519
E08000036,Wakefield,E01011926,Wakefield 022E,137500,60.88,60.67,64.75,68.09,85.57,75.58,73.09,66.96,78.41,74.36,78.68,86.7,75.64,75.28,69.28,75.31,72.75,72.78,85.6,69.07,75.45,84.09,82.9,86.06,87.77,93.91,91.63,89.99,67.4,68.23,69.75,71.21,85.77,73.1,74.62,45.525,0.512,0.239,56.802,1.096,0.959,13.002,32.667,0.727,0.359,0.568,0.496,25.227,0.251,0.524,0.381
E08000036,Wakefield,E01011927,Wakefield 022F,164000,56.59,58.2,49.8,56.33,77.84,74.42,66.7,66.32,76.34,63.36,71.56,82.18,75.12,72.6,65.44,71.02,61.2,64.39,75.89,64.8,68.98,84.14,82.47,79.43,83.79,91.36,91.69,88.03,63.9,64.98,56.7,61.46,77.19,70.53,68.47,34.803,0.338,0.21,47.24,1.261,0.482,11.387,24.056,0.488,0.237,0.915,0.389,31.411,-1.511,0.358,-0.13
E08000036,Wakefield,E01011928,Wakefield 035A,215000,34.27,46.57,38.43,41.13,44.48,54.37,45.25,60.42,70.42,52.89,62.31,61.78,70.81,63.79,46.38,53.34,42.87,48.57,46.23,51.41,48.38,82.93,75.74,73.14,81.94,83.93,91.32,84.14,45.87,51.0,41.55,46.42,46.29,54.74,48.44,24.519,0.244,0.16,18.889,0.866,0.097,25.149,21.223,0.285,0.237,-0.202,0.276,51.335,-1.637,0.13,0.151
E08000036,Wakefield,E01011929,Wakefield 036A,203750,45.62,30.06,24.82,35.47,49.59,62.41,43.19,60.79,62.22,42.58,53.18,62.95,69.48,61.26,55.05,60.04,42.6,49.39,55.43,56.17,54.99,84.86,73.01,69.22,76.83,84.71,92.54,83.36,54.01,44.76,35.18,43.67,53.27,60.54,50.87,7.559,0.068,0.063,12.657,-0.531,-0.353,20.392,12.121,0.134,0.037,-0.487,0.233,49.169,-4.33,-0.549,0.393
E08000036,Wakefield,E01011930,Wakefield 036B,245000,42.39,31.55,24.37,36.1,47.39,61.88,42.53,60.13,56.2,39.54,52.07,59.89,69.21,59.4,55.44,61.89,43.72,51.28,54.59,56.95,55.61,84.92,70.43,66.96,77.23,83.65,92.6,82.78,53.44,46.02,35.47,44.79,51.7,60.64,50.78,11.526,0.114,0.072,11.989,-0.125,-0.293,23.638,22.063,0.246,0.062,-0.477,0.225,49.246,-1.782,0.143,0.218
E08000036,Wakefield,E01011931,Wakefield 035B,218325,32.86,40.91,25.78,34.17,37.48,52.21,39.47,58.58,62.93,40.42,51.19,55.05,69.05,58.7,44.91,48.53,38.02,42.99,41.52,50.37,44.78,83.33,74.51,66.78,77.28,79.8,91.29,81.57,44.35,45.57,33.04,39.81,40.44,53.12,43.85,13.361,0.152,0.097,11.687,0.082,-0.525,26.715,7.999,0.273,0.117,-0.35,0.211,55.951,-2.123,-0.367,-0.451
E08000036,Wakefield,E01011932,Wakefield 035C,270000,37.9,50.85,25.05,41.32,46.22,56.97,47.2,60.32,71.77,45.51,58.75,63.54,70.84,63.53,49.58,57.63,41.08,49.12,50.16,53.95,51.3,83.71,80.86,72.42,81.53,85.45,91.67,85.21,48.72,55.15,34.56,46.49,49.13,57.12,50.72,7.199,0.071,0.05,7.645,-0.65,-0.356,20.807,21.696,0.179,0.047,-0.608,0.182,49.034,-3.644,-0.02,0.534
E08000036,Wakefield,E01011933,Wakefield 036C,190000,36.81,34.81,17.87,33.9,45.04,59.33,41.01,58.01,53.51,34.19,50.51,57.06,68.07,57.19,50.98,58.34,37.14,45.26,47.7,53.2,50.4,83.34,66.12,62.38,73.22,80.16,91.13,79.67,49.05,46.07,28.94,40.76,47.04,57.62,47.28,23.977,0.209,0.143,32.1,0.26,0.69,24.707,22.33,0.405,0.074,0.855,0.275,52.802,-2.324,0.298,-0.178
E08000036,Wakefield,E01011934,Wakefield 037A,273250,41.37,37.86,27.98,39.27,47.35,61.69,44.77,60.29,63.75,45.89,57.35,64.3,69.93,62.24,54.6,62.07,45.99,50.87,54.02,55.63,55.15,83.87,73.13,70.64,78.54,86.41,91.68,83.98,52.7,49.8,38.48,46.36,51.62,59.99,51.66,11.02,0.088,0.069,7.061,0.005,0.158,23.11,22.086,0.198,0.05,-0.953,0.194,48.361,-1.74,0.069,0.387
E08000036,Wakefield,E01011935,Wakefield 038A,249500,22.61,17.47,20.03,29.9,21.11,46.92,25.32,56.1,37.19,39.78,49.16,44.24,67.12,51.82,44.82,36.22,33.31,40.69,33.56,48.78,39.99,82.68,57.97,65.14,73.64,73.99,90.67,77.04,41.66,26.64,28.01,36.68,28.55,49.8,35.14,9.051,0.059,0.047,2.009,-0.595,-0.051,31.009,25.223,0.106,0.037,-1.361,0.129,64.77,-2.405,0.431,-0.227
E08000036,Wakefield,E01011936,Wakefield 037B,304000,35.07,35.07,16.98,36.87,47.52,58.58,41.99,57.9,55.64,35.17,52.65,61.51,68.18,58.54,49.78,55.91,35.73,44.72,46.75,51.97,49.15,83.13,66.15,62.63,74.44,81.59,90.95,80.3,47.87,45.28,27.83,41.94,47.9,56.71,47.12,31.194,0.35,0.205,32.319,0.735,0.676,24.531,8.34,0.474,0.361,0.641,0.309,52.873,-2.46,-0.515,-0.09
E08000036,Wakefield,E01011937,Wakefield 036D,236250,48.93,34.83,25.96,36.06,55.01,61.44,46.58,62.23,62.1,46.47,56.67,70.49,70.52,63.84,55.65,57.95,43.46,49.26,59.8,55.91,55.92,85.65,74.8,72.81,81.12,89.6,93.29,86.36,55.34,46.37,36.27,44.13,58.27,60.06,52.92,7.854,0.071,0.066,6.731,-0.273,-0.376,19.029,18.948,0.121,0.046,-1.216,0.199,47.073,-4.34,-0.18,0.56
E08000036,Wakefield,E01011938,Wakefield 035D,226000,33.94,38.46,31.2,33.76,36.94,51.02,38.81,59.21,61.87,47.26,54.82,53.75,69.47,59.36,43.6,47.57,37.92,42.73,39.73,48.9,43.6,82.09,65.17,64.63,73.28,74.23,90.44,77.61,43.84,43.82,35.57,39.79,39.24,51.93,43.02,16.077,0.082,0.08,13.008,0.286,0.674,26.785,30.135,0.227,0.038,-0.791,0.256,56.618,-2.281,0.384,0.5
E08000036,Wakefield,E01011939,Wakefield 033A,267500,42.99,40.54,40.51,42.2,55.3,61.38,49.07,61.67,66.56,56.84,63.52,68.63,71.03,65.22,58.85,62.74,56.12,57.04,61.85,58.93,60.18,83.17,70.32,74.58,81.79,87.03,91.04,84.53,55.98,51.65,49.73,51.13,59.34,61.48,56.24,6.156,0.04,0.05,1.199,-0.448,0.501,17.617,7.801,0.111,0.022,-2.058,0.124,43.665,-3.23,-0.671,0.027
E08000036,Wakefield,E01011940,Wakefield 037C,165000,43.95,55.1,43.67,42.15,59.51,62.96,54.66,60.99,72.53,57.02,60.98,72.28,70.46,65.87,57.89,68.39,59.82,57.29,65.93,58.74,62.04,83.61,77.19,75.87,79.59,89.76,91.34,85.77,55.48,62.03,53.09,51.04,63.46,62.07,59.5,31.956,0.317,0.2,42.976,0.844,0.821,22.415,7.12,0.431,0.262,1.069,0.339,40.482,0.113,-0.403,-0.535
E08000036,Wakefield,E01011941,Wakefield 038B,220000,31.88,27.87,7.44,40.09,41.64,55.57,37.74,58.65,59.71,33.16,54.29,53.32,68.85,58.36,57.28,64.57,47.45,55.58,53.84,58.71,57.4,80.95,74.62,65.45,77.17,77.75,89.15,80.08,52.07,45.41,29.96,48.79,48.42,58.54,49.71,15.469,0.179,0.129,11.434,0.325,-0.49,23.127,5.312,0.275,0.151,-0.221,0.194,50.183,-2.377,-0.472,-0.785
E08000036,Wakefield,E01011942,Wakefield 038C,452500,27.97,19.12,18.09,30.32,30.96,51.15,29.88,57.02,47.85,40.92,50.38,54.24,68.85,55.7,45.43,43.1,34.09,41.99,42.34,49.49,43.85,81.35,65.16,70.05,78.09,84.77,89.62,81.72,43.37,31.01,27.64,37.6,37.88,52.21,39.29,13.197,0.082,0.099,7.657,-0.173,0.358,28.942,16.226,0.129,0.057,-0.775,0.193,60.663,-2.308,-0.217,0.345
E08000036,Wakefield,E01011943,Wakefield 037D,175000,42.07,50.61,36.29,40.19,50.0,62.56,49.68,59.93,68.62,50.62,57.32,65.95,69.69,63.07,55.9,66.37,53.6,53.51,58.77,56.9,58.29,83.64,74.78,71.88,78.26,87.18,91.41,84.29,53.64,58.6,46.33,48.05,55.28,60.96,55.33,34.469,0.362,0.209,38.26,1.01,0.758,25.691,8.965,0.478,0.343,0.935,0.32,44.747,0.132,-0.366,-0.281
E08000036,Wakefield,E01011944,Wakefield 030E,135000,47.82,47.03,38.17,58.96,62.51,65.05,56.93,63.37,69.72,56.83,69.81,74.77,72.51,68.55,65.99,71.69,61.97,67.79,74.76,66.53,69.68,82.42,80.11,78.57,86.51,88.65,90.38,86.99,61.88,59.05,51.87,64.14,69.37,66.84,64.61,36.904,0.344,0.189,45.812,0.81,1.154,16.489,44.797,0.47,0.198,1.146,0.349,35.642,-0.63,0.896,0.358
E08000036,Wakefield,E01011945,Wakefield 033B,287000,49.75,55.92,47.21,59.01,60.98,67.07,59.73,64.45,76.11,66.87,74.97,77.49,73.46,71.43,67.34,76.77,67.47,70.3,74.87,67.51,71.66,82.95,82.36,83.56,88.99,90.13,90.88,88.63,63.32,66.23,59.09,65.79,68.87,68.3,66.99,10.031,0.085,0.089,2.245,-0.003,0.32,9.736,22.158,0.112,0.071,-1.896,0.146,33.007,-3.104,0.121,0.276
E08000036,Wakefield,E01011946,Wakefield 038D,232125,36.0,30.45,11.1,42.69,43.32,58.28,40.41,59.12,59.79,36.13,55.29,54.69,69.22,59.05,59.13,67.33,50.51,57.82,56.42,60.07,59.66,81.33,74.33,67.67,78.58,79.64,89.5,81.15,54.25,47.95,33.29,51.1,50.53,60.45,52.02,7.265,0.054,0.062,6.119,-0.303,-0.797,20.938,20.998,0.108,0.028,-1.482,0.197,47.973,-2.881,0.182,-0.017
E08000036,Wakefield,E01011947,Wakefield 033C,400000,44.94,44.88,34.34,46.85,46.94,63.8,48.88,62.06,64.35,52.7,63.24,60.97,71.14,63.73,63.17,69.22,57.73,61.59,62.37,63.34,63.86,82.08,71.55,72.9,81.01,81.55,90.13,82.44,59.24,56.58,47.79,55.35,55.46,64.66,57.97,3.197,0.032,0.053,1.706,-0.441,-1.335,16.453,3.376,0.05,0.015,-1.85,0.134,41.942,-3.084,-1.165,-0.316
E08000036,Wakefield,E01011948,Wakefield 033D,325000,45.51,42.6,40.07,44.94,55.09,63.64,50.63,62.3,66.27,57.56,64.02,68.22,71.47,65.52,61.56,66.72,57.3,59.22,62.83,61.45,62.52,83.18,74.45,76.25,83.47,87.35,91.08,85.51,58.37,54.42,50.2,53.43,59.72,63.73,58.11,2.882,0.026,0.046,1.679,-0.632,-1.053,15.829,6.455,0.06,0.021,-1.501,0.127,41.67,-3.456,-0.556,-0.305
